feature,spearman,p_value
n_points,-0.2859275114213965,0.0005366792194562229
x_max,,
x_med,0.09825523296754197,0.24301785798683997
Sh_med,-0.014052926342847629,0.8676990509081025
Sh_med_outer,0.10321467301816167,0.21992991544819998
abs_dlnS_med,-0.11968597001795697,0.15450497085987563
abs_dlnS_med_outer,-0.09952938738287374,0.2369313903968726
slope_Vobs_outer,0.30833661643520793,0.00017930990613408582
slope_Vbar_outer,0.3671615942742703,6.463204768116448e-06
