{
  "params": {
    "xi_max": 5.603355657514781,
    "xi_max_r": 2.952980369671738,
    "lnR0_base": 0.3547244519344695,
    "width": 0.45048895623237517,
    "alpha_M": -0.10924603263901547,
    "xi_max_d": 5.093525061991114,
    "lnSigma_c": 3.973087496866216,
    "width_sigma": 0.7629594099768021,
    "n_sigma": 2.682113827552679,
    "xi_cap": 2.1328342158605174,
    "lnR_gate_base": 0.5534255719333261,
    "width_gate": 0.05,
    "alpha_gate_M": 0.03342814976427834,
    "alpha_gate_C": 0.9062549659991869,
    "gamma": 3.107896781444438
  },
  "summary": {
    "avg_mean_off": 25.31167856800855,
    "avg_rmse": 34.43538697481627,
    "avg_pct_close_90": 23.058450462193772,
    "galaxies": 143,
    "outer_points": 1167
  }
}