{
  "params": {
    "xi_max": 5.511467276742827,
    "xi_max_r": 3.1403443723779416,
    "lnR0_base": 0.6212814969295902,
    "width": 0.09647565616725531,
    "alpha_M": -0.4337612114062092,
    "xi_max_d": 4.055303712239879,
    "lnSigma_c": 2.594129203201295,
    "width_sigma": 0.641054967711337,
    "n_sigma": 4.462242783284871,
    "xi_cap": 2.11378074709372,
    "gate_R_kpc": 1.7017114528737851,
    "gate_width": 0.05
  },
  "summary": {
    "avg_mean_off": 25.30783954056867,
    "avg_rmse": 34.28439058843407,
    "avg_pct_close_90": 22.64772482419541,
    "galaxies": 143,
    "outer_points": 1167
  }
}