{
  "best_family": "ratio",
  "params": [
    0.9702796876378043,
    0.0
  ],
  "loss": 1534.79979482379,
  "summary": {
    "rmse_median": 27.067666874672,
    "rmse_iqr": [
      16.629271060786355,
      40.26266890691012
    ],
    "mape_median": 0.261990542556695,
    "mape_iqr": [
      0.15251370130051853,
      0.3791428424566744
    ]
  }
}