{
  "family": "ratio",
  "params": [
    0.5,
    0.2
  ],
  "loss": 0.20801386871214675,
  "objective": "mape_median",
  "summary": {
    "rmse_median": 24.78069833416827,
    "rmse_iqr": [
      13.144086496717307,
      43.89079493613145
    ],
    "mape_median": 0.23740227525310148,
    "mape_iqr": [
      0.12519884396967518,
      0.3560633331367623
    ]
  }
}