{
  "family": "exp",
  "params": [
    0.1468025726493385,
    5.0
  ],
  "loss": 1572.6307096836774,
  "summary": {
    "rmse_median": 28.002130543443904,
    "rmse_iqr": [
      16.78366318858463,
      41.03750543460409
    ],
    "mape_median": 0.25586276709558947,
    "mape_iqr": [
      0.1519187194355663,
      0.382409553664567
    ]
  }
}