{
  "family": "exp",
  "params": [
    1.2471111952210507,
    0.6314266545926892
  ],
  "loss": 0.20729683907068452,
  "objective": "mape_median",
  "summary": {
    "rmse_median": 23.86220005381939,
    "rmse_iqr": [
      12.784573434636247,
      44.15365462947313
    ],
    "mape_median": 0.25420407581397664,
    "mape_iqr": [
      0.1334038014636763,
      0.3615214352732984
    ]
  }
}