{
  "family": "ratio_curv",
  "params": [
    0.6686576907182596,
    0.14007773322620287,
    0.08713057433850588
  ],
  "loss": 0.19749902607234796,
  "objective": "mape_median",
  "summary": {
    "rmse_median": 24.403645456491603,
    "rmse_iqr": [
      14.689406875858367,
      39.360770186076124
    ],
    "mape_median": 0.2419952136856723,
    "mape_iqr": [
      0.1350804137909709,
      0.35760652662795067
    ]
  }
}