R_kpc,Vobs_kms,Vbar_kms,Vpred_pde_kms,percent_close
1.87,27.7,20.15486293677037,33.39021539398573,79.45770615889629
3.36,42.4,24.84285410334328,48.98153151772579,84.47752000536369
4.86,52.5,28.66272317837229,60.92829084329905,83.94611267943037
6.35,55.6,31.195207965326983,72.07593804128241,70.36701791136257
7.85,58.6,32.79981249946408,81.4735370911565,60.96666025399915
9.34,59.0,32.63231680405178,87.30931473392553,52.0181106204652
10.83,60.0,31.21274419207641,89.26210124822302,51.22983125296164
12.33,62.2,29.074217100379503,164.5312113789581,-64.51963244205479
