R_kpc,Vobs_kms,Vbar_kms,Vpred_pde_kms,percent_close
0.16,1.99,4.185940754478018,9.664145659242925,-285.63546026346353
0.41,4.84,10.375861410022784,17.82583648355828,-168.30240668508844
0.57,6.79,13.02957021547526,21.813076441330452,-121.25296673535274
0.73,8.87,15.299388876683931,25.340584592798272,-85.68866508228047
0.9,10.9,16.715648357153245,28.324583148519995,-59.858560995596264
1.06,12.9,17.420998823259247,30.679365150192616,-37.8245360480048
1.22,14.7,17.405795012006777,32.590965107137926,-21.70724562678862
1.47,16.8,17.835257217096704,34.78670696110475,-7.063731911337783
1.79,20.1,16.433386747715762,36.055732026358555,20.618248625081833
