{
  "params": {
    "xi_max": 2.1369736770004732,
    "lnR0_base": 0.5545584073017739,
    "width": 0.05,
    "alpha_M": -0.0559030375237507,
    "lnR_gate_base": 0.2999619511623588,
    "width_gate": 0.05,
    "alpha_gate_M": 0.3704070481405567
  },
  "summary": {
    "avg_mean_off": 25.311269557101998,
    "avg_rmse": 34.4676861463248,
    "avg_pct_close_90": 23.064207137530865,
    "galaxies": 143,
    "outer_points": 1167
  }
}