{
  "params": {
    "xi_max": 2.1230248168439636,
    "lnR0_base": 0.528496234449326,
    "width": 0.05,
    "alpha_M": -0.5865970459587865,
    "gate_R_kpc": 1.5796901177597915,
    "gate_width": 0.05
  },
  "summary": {
    "avg_mean_off": 25.306956343415482,
    "avg_rmse": 34.35869150242227,
    "avg_pct_close_90": 22.866697770441085,
    "galaxies": 143,
    "outer_points": 1167
  }
}