{
  "params": {
    "xi_max": 2.124565786760815,
    "lnR0_base": 0.4912111639458968,
    "width": 0.05,
    "alpha_M": -0.7230735788999018,
    "lnR_gate_base": 0.5148415554620489,
    "width_gate": 0.06864021851064032,
    "alpha_gate_M": -0.21120674282090063,
    "alpha_gate_C": 0.2827895747868716
  },
  "summary": {
    "avg_mean_off": 25.31126165263624,
    "avg_rmse": 34.36980133519328,
    "avg_pct_close_90": 22.796767700511015,
    "galaxies": 143,
    "outer_points": 1167
  }
}