gal_id,s_obs,s_model
MilkyWay,0.11590296114387186,-0.2383486624391919
