{
  "n": 93,
  "scatter_dex_orth": 0.0009686799354386345,
  "r2_vs_const": 0.9999471701660835
}