{
  "n": 93,
  "scatter_dex_orth": 0.010357150247079538,
  "r2_vs_const": 0.9867634970655585
}