{
  "params": {
    "xi_max": 2.3202387519508036,
    "xi_max_r": 7.284326907469433,
    "lnR0_base": -0.39978491725235077,
    "width": 1.4689955700447301,
    "alpha_M": -0.3012641953654005,
    "xi_max_d": 1.4686363319364855,
    "lnSigma_c": 2.561083481461024,
    "width_sigma": 0.24395038730640062,
    "n_sigma": 1.5863646995932559,
    "xi_cap": 2.141310897727569,
    "gate_R_kpc": 1.7611263493984568,
    "gate_width": 0.05
  },
  "summary": {
    "avg_mean_off": 25.313931354671517,
    "galaxies": 143,
    "outer_points": 1167
  }
}