{
  "params": {
    "xi_max": 3.2129777701933544,
    "xi_max_r": 2.1361601708657787,
    "lnR0_base": 0.5529442028623112,
    "width": 0.05,
    "alpha_M": -0.4985518851162605,
    "xi_max_d": 3.117993883081237,
    "lnSigma_c": 3.626464410465928,
    "width_sigma": 0.6404603977525508,
    "n_sigma": 3.805610959209282,
    "lnR_gate_base": -0.270349655308142,
    "width_gate": 0.05,
    "alpha_gate_M": -0.05444044062618261,
    "alpha_gate_C": -0.0009883489238839416
  },
  "summary": {
    "avg_mean_off": 25.313332795927572,
    "avg_rmse": 34.461921666827514,
    "avg_pct_close_90": 23.19569957671561,
    "galaxies": 143,
    "outer_points": 1167
  }
}