{
  "params": {
    "xi_max": 7.894091846583881,
    "lnSigma_c": 4.261503445151844,
    "width_sigma": 0.25268482829141653,
    "n_sigma": 3.7365838830288665,
    "gate_R_kpc": 5.223727178588742,
    "gate_width": 0.5892203765647701
  },
  "summary": {
    "avg_mean_off": 36.07730059129616,
    "avg_rmse": 42.064803871885836,
    "avg_pct_close_90": 9.3975918679476,
    "galaxies": 143,
    "outer_points": 1167
  }
}