fold,rar_obs_scatter_dex_orth,rar_obs_r2_vs_const,rar_model_scatter_dex_orth,rar_model_r2_vs_const
1,0.18109741723995393,0.8624683098305979,0.05742396879973578,0.9888061268558352
2,0.175898233090113,0.8630572198572641,0.05711625716294264,0.9858802744693508
3,0.16084694798418173,0.8754804229153554,0.07085130175300006,0.9839997759887001
4,0.13594816905065113,0.9201428201517599,0.1089619569579247,0.9640364964152767
5,0.16837682888714103,0.8797230222410372,0.07546063663168498,0.9778705089488678
