fold,LogTail_train_median,LogTail_test_median,MuPhi_train_median,MuPhi_test_median,n_train_points,n_test_points
1,89.14591679348665,87.4493280456633,84.58042021872683,79.52755351284317,2710,681
2,88.58907208742491,89.89546323143496,85.20663473608522,75.60684610811292,2846,545
3,89.04672841243078,88.13606363817955,83.37579449350496,84.45639916904058,2617,774
4,88.79943739101373,89.53359532496454,83.2533113295742,84.98142119799444,2654,737
5,89.71217972768116,81.45529239575725,82.82017818478741,88.0182063429566,2737,654
