R_kpc,Vobs_kms,Vbar_kms,Vpred_pde_kms,percent_close
1.87,27.7,20.15486293677037,29.878024735110724,92.13709481909486
3.36,42.4,24.84285410334328,42.90413831714961,98.8109945350245
4.86,52.5,28.66272317837229,52.98120305401313,99.08342275426071
6.35,55.6,31.195207965326983,62.229121142605955,88.0771202471116
7.85,58.6,32.79981249946408,69.9779962283621,80.58362418368242
9.34,59.0,32.63231680405178,74.64921907478895,73.47589987323907
10.83,60.0,31.21274419207641,76.02254222653136,73.29576295578107
12.33,62.2,29.074217100379503,75.2579430238511,79.00652246969278
