{
  "theta": [
    139.95953236924748,
    21.841105235892833,
    2.8953676840502487,
    2.8915244236248223,
    0.6988876167485526,
    0.10209522328369075,
    0.13868991602482691,
    1.8145040995147557,
    149.73325027277153
  ],
  "param_names": [
    "v0",
    "rc",
    "r0",
    "delta",
    "gamma",
    "beta",
    "z0",
    "m",
    "Sigma0"
  ],
  "median_relative_error": 0.2,
  "n_stars": 9915,
  "generation": 0,
  "timestamp": "2025-09-23 23:05:49"
}