{
  "n": 5,
  "ell_peaks": [
    2426.0,
    302.0,
    87.0,
    365.0,
    671.0
  ],
  "heights": [
    0.0011127426308392408,
    0.0056608100337919775,
    0.0004074858048178345,
    0.0007722442956628306,
    0.00043199302453929083
  ],
  "spacings": [
    -2124.0,
    -215.0,
    278.0,
    306.0
  ]
}