{
  "params": {
    "xi_max": 7.332500530836053,
    "xi_max_r": 6.035214177884291,
    "lnR0_base": 0.6530282123849753,
    "width": 0.5240975106450945,
    "alpha_M": 0.20768176667307336,
    "xi_max_d": 5.849267949802848,
    "lnSigma_c": 3.718082085781424,
    "width_sigma": 1.3129974520558274,
    "n_sigma": 1.8713210782281728,
    "xi_cap": 2.1406126134882637,
    "lnR_gate_base": 0.5725851122896625,
    "width_gate": 0.05,
    "alpha_gate_M": -0.05574216434624149,
    "alpha_gate_C": 0.6017488230481463
  },
  "summary": {
    "avg_mean_off": 25.314071992537365,
    "avg_rmse": 34.49471374593331,
    "avg_pct_close_90": 23.164107237430965,
    "galaxies": 143,
    "outer_points": 1167
  }
}