{
  "params": {
    "xi_max": 2.122360581258261,
    "lnR0_base": 0.5601304377911418,
    "width": 0.05,
    "alpha_M": -0.7216505843869563,
    "lnR_gate_base": 0.13962814414083466,
    "width_gate": 0.05859688019552768,
    "alpha_gate_M": -0.5278002287280342
  },
  "summary": {
    "avg_mean_off": 25.31389061375338,
    "avg_rmse": 34.35290741614423,
    "avg_pct_close_90": 22.796767700511015,
    "galaxies": 143,
    "outer_points": 1167
  }
}