R_kpc,Vobs_kms,Vbar_kms,Vpred_pde_kms,percent_close
1.31,12.0,12.001633222191057,17.911434744458912,50.73804379617573
2.63,21.7,19.422618258103103,31.37080095258043,55.4340969927169
3.93,28.6,27.16969267400719,43.4230936748276,48.171001136966446
5.24,29.5,29.250709393107037,49.21567527910632,33.16720244370738
6.55,28.6,29.991307073883924,50.598408453233496,23.082487925757007
7.87,27.3,30.840197794437053,50.393214728961105,15.40946985728533
