{
  "n": 131,
  "form_Mb_vs_v": {
    "alpha": -0.05540856667782454,
    "beta": 9.324858527534706,
    "scatter_dex": 0.29312723327102985,
    "alpha_CI95": [
      -0.11246302565171452,
      0.0021371335357257878
    ]
  },
  "form_v_vs_Mb": {
    "beta": -0.4042474730110063,
    "gamma": 3.9651734787370727,
    "scatter_dex": 0.7917560084495916,
    "beta_CI95": [
      -0.8628160773039334,
      0.016907483458371977
    ],
    "alpha_from_beta": -2.4737322228672864
  }
}