{
  "n": 143,
  "form_Mb_vs_v": {
    "alpha": -0.4133634962359601,
    "beta": 10.180401364633862,
    "scatter_dex": 0.2831991408145785,
    "alpha_CI95": [
      -0.7418081047399657,
      -0.1642130567021828
    ]
  },
  "form_v_vs_Mb": {
    "beta": -0.11371682798523508,
    "gamma": 3.133140713929428,
    "scatter_dex": 0.14853822812253625,
    "beta_CI95": [
      -0.1745243674459794,
      -0.05043309550593231
    ],
    "alpha_from_beta": -8.79377324989965
  }
}