{
  "4.0": {
    "n": 875,
    "scatter_dex_orth": 0.11914875714541565,
    "r2_vs_const": 0.9523595126956703
  },
  "7.0": {
    "n": 258,
    "scatter_dex_orth": 0.10441750833625292,
    "r2_vs_const": 0.9584012280316216
  },
  "10.0": {
    "n": 2258,
    "scatter_dex_orth": 0.11540715274228931,
    "r2_vs_const": 0.9337237978000466
  }
}