{
  "4.0": {
    "n": 875,
    "scatter_dex_orth": 0.1583468142505829,
    "r2_vs_const": 0.9113404331715125
  },
  "7.0": {
    "n": 258,
    "scatter_dex_orth": 0.17109598177062982,
    "r2_vs_const": 0.9046778280663401
  },
  "10.0": {
    "n": 2258,
    "scatter_dex_orth": 0.16936639997429231,
    "r2_vs_const": 0.8567159034745904
  }
}