{
  "n": 3391,
  "scatter_dex_orth": 0.11809935517992456,
  "r2_vs_const": 0.9404894885908587
}