{
  "n": 3391,
  "scatter_dex_orth": 0.17076619950667365,
  "r2_vs_const": 0.8760995959396893
}