{
  "4.0": {
    "LogTail_median": 55.10258301639257,
    "n_points": 999
  },
  "7.0": {
    "LogTail_median": 58.636871567632355,
    "n_points": 255
  },
  "10.0": {
    "LogTail_median": 75.00779803939054,
    "n_points": 2137
  }
}