{
  "parameters": {
    "S0": 0.00012,
    "rc_kpc": 24.0,
    "rc_gamma": 0.55,
    "sigma_beta": 0.1,
    "g_sat_kms2_per_kpc": 2500.0,
    "n_sat": 2,
    "use_mobility": true,
    "sigma_star_Msun_pc2": 150.0,
    "alpha_sigma": 1.0,
    "use_sigma_screen": true,
    "rc_ref_kpc": 30.0,
    "sigma0_ref_Msun_pc2": 150.0,
    "tol": 1e-05,
    "max_iter": 2000,
    "omega": 1.3
  },
  "galaxies": {
    "NGC2403": {
      "accuracy_g3_sigma": 0.5080169194988771,
      "accuracy_newton": 59.794148849920006,
      "converged": false,
      "iterations": 0,
      "max_v_model": 0.7454949270464076,
      "max_v_obs": 136.0
    },
    "DDO154": {
      "accuracy_g3_sigma": 2.7639559263183733,
      "accuracy_newton": 38.939005956545536,
      "converged": false,
      "iterations": 0,
      "max_v_model": 1.3486918590898365,
      "max_v_obs": 48.2
    },
    "NGC3198": {
      "accuracy_g3_sigma": 0.45677685046571215,
      "accuracy_newton": 64.95209423449928,
      "converged": false,
      "iterations": 0,
      "max_v_model": 0.8445104204271451,
      "max_v_obs": 157.0
    },
    "NGC6946": {
      "accuracy_g3_sigma": 0.3480373841936335,
      "accuracy_newton": 92.13872876687364,
      "converged": false,
      "iterations": 0,
      "max_v_model": 0.7775268736380597,
      "max_v_obs": 181.0
    },
    "NGC2841": {
      "accuracy_g3_sigma": 0.0,
      "accuracy_newton": 58.2989025895382,
      "converged": false,
      "iterations": 0,
      "max_v_model": 0.8014441056392463,
      "max_v_obs": 323.0
    }
  },
  "mw": {
    "accuracy": 0.8531290653724266,
    "converged": false,
    "iterations": 0,
    "v_model": [
      106.2559649245088,
      31.34096538734882,
      2.4431310694605903,
      1.8223685780456194,
      1.9195403970879517,
      1.9391027675511507,
      1.816930697576049,
      1.171941144768274,
      0.7504137356421576
    ],
    "v_obs": [
      200,
      220,
      235,
      230,
      225,
      220,
      215,
      210,
      205
    ]
  },
  "clusters": {
    "Perseus": {
      "accuracy": 1.0006373507565058e-08,
      "median_T_residual": 0.9999999998999363,
      "converged": false,
      "iterations": 0
    }
  }
}