{
  "cluster": "ABELL_1689",
  "params": {
    "v0": 3908.7155101467406,
    "rc": 15.0,
    "r0": 3.0,
    "delta": 4.0,
    "mass_coupled": true,
    "A_kms": 160.0
  },
  "r_kpc_min": 7.64,
  "r_kpc_max": 909.17,
  "n_r": 60,
  "temp_median_frac_err": 10.169461983082643
}