{
  "params": {
    "xi_max": 7.656532831808136,
    "xi_max_r": 5.116672812944787,
    "lnR0_base": 1.2092019515865706,
    "width": 0.5488441682457678,
    "alpha_M": -0.7478179486755481,
    "xi_max_d": 2.5787584186609216,
    "lnSigma_c": 3.436315552653316,
    "width_sigma": 1.0089606296418236,
    "n_sigma": 0.7358194497356542,
    "xi_cap": 2.139187507968265,
    "lnR_gate_base": 0.5395423220925444,
    "width_gate": 0.05,
    "alpha_gate_M": 0.5862928622541015,
    "gamma": 0.5989576242291075
  },
  "summary": {
    "avg_mean_off": 25.311877205343528,
    "avg_rmse": 34.48527817870167,
    "avg_pct_close_90": 23.064207137530865,
    "galaxies": 143,
    "outer_points": 1167
  }
}