{
  "family": "exp_curv",
  "params": [
    1.1965831791776793,
    0.555457889261441,
    0.149856941038874
  ],
  "loss": 0.20084022144755734,
  "objective": "mape_median",
  "summary": {
    "rmse_median": 23.447741951642758,
    "rmse_iqr": [
      12.742952564126401,
      44.40330755688316
    ],
    "mape_median": 0.25027737400691014,
    "mape_iqr": [
      0.1253069896839441,
      0.3643020033220525
    ]
  }
}