{
  "family": "ratio_curv_gbar",
  "params": [
    0.5815009972510596,
    0.21209082994805212,
    0.1265457892019577,
    0.036055166299788416
  ],
  "loss": 0.20209572836650855,
  "objective": "mape_median",
  "summary": {
    "rmse_median": 29.12143618437791,
    "rmse_iqr": [
      14.913538071894045,
      67.41417112330542
    ],
    "mape_median": 0.25557012684390956,
    "mape_iqr": [
      0.1396359690274794,
      0.39663912614253494
    ]
  }
}