{
  "cluster": "ABELL_0426",
  "params": {
    "v0": 825.6226532463995,
    "rc": 15.0,
    "r0": 3.0,
    "delta": 4.0,
    "mass_coupled": true,
    "A_kms": 160.0
  },
  "r_kpc_min": 0.895,
  "r_kpc_max": 115.445,
  "n_r": 65,
  "temp_median_frac_err": 0.6064138659789461
}