{
  "params": {
    "xi_max": 6.35596686176115,
    "xi_max_r": 2.127146612841003,
    "lnR0_base": 0.5660970990017373,
    "width": 0.05,
    "alpha_M": -0.5743985098411821,
    "xi_max_d": 7.679614174417646,
    "lnSigma_c": 4.123393171627663,
    "width_sigma": 0.22987434604833312,
    "n_sigma": 1.560993661527409,
    "gate_R_kpc": 0.9510207608753001,
    "gate_width": 0.05
  },
  "summary": {
    "avg_mean_off": 25.313229690712237,
    "avg_rmse": 34.389311270983704,
    "avg_pct_close_90": 22.92441782816114,
    "galaxies": 143,
    "outer_points": 1167
  }
}