{
  "pred_slope_loglog": -0.9999999999999998,
  "pred_DeltaSigma_50kpc": 22850329.54499219,
  "pred_DeltaSigma_100kpc": 11429916.420096964
}