gal_id,s_obs,s_model
MilkyWay,0.127362524473459,-0.26496184777475645
