{
  "n": 16,
  "scatter_dex_orth": 0.008952099355152511,
  "r2_vs_const": 0.9947968625990774
}