{
  "params": {
    "xi_max": 7.596363753867513,
    "lnSigma_c": 4.057777458247827,
    "width_sigma": 0.5208626144461662,
    "n_sigma": 0.5668312459138027,
    "lnR_gate_base": 2.206989540404087,
    "width_gate": 0.17818664729527722,
    "alpha_gate_M": -0.487439197416666,
    "alpha_gate_C": 0.15468014912187
  },
  "summary": {
    "avg_mean_off": 36.07730059129616,
    "galaxies": 143,
    "outer_points": 1167
  }
}