{
  "thin_disk": {
    "S0": 0.00024716627176030274,
    "rc_kpc": 40.94781055946767,
    "gamma": 0.9245641385842158,
    "beta": 0.11513511393485207
  },
  "thick_disk": {
    "S0": 0.00024716627176030274,
    "rc_kpc": 40.94781055946767,
    "gamma": 0.9245641385842158,
    "beta": 0.11513511393485207
  },
  "spheroidal": {
    "S0": 0.00024716627176030274,
    "rc_kpc": 40.94781055946767,
    "gamma": 0.9245641385842158,
    "beta": 0.11513511393485207
  },
  "irregular": {
    "S0": 0.0007717395258396295,
    "rc_kpc": 31.24067513979646,
    "gamma": 0.8997510146183497,
    "beta": 0.11513511393485207
  }
}