{
  "params": {
    "xi_max": 2.1424045671412792,
    "lnR0_base": 0.5079505861828117,
    "width": 0.05,
    "alpha_M": -0.3434116138384342,
    "lnR_gate_base": 0.4995065764143034,
    "width_gate": 0.06311691023830042,
    "alpha_gate_M": -0.3264579973580899,
    "alpha_gate_C": 0.15192645176758063
  },
  "summary": {
    "avg_mean_off": 25.30872656117349,
    "galaxies": 143,
    "outer_points": 1167
  }
}