{
  "cluster": "ABELL_0426",
  "S0": 0.00023,
  "rc_kpc": 20.0,
  "temp_median_frac_err": 0.27799863141756087
}