{
  "summary": {
    "LogTail": {
      "mean": 80.63359769467375,
      "median": 81.7967133526152,
      "std": 9.437176821195902,
      "min": 65.73698469271977,
      "max": 92.9027285538098,
      "n_above_85": 4
    },
    "RootM": {
      "mean": 77.28977508638977,
      "median": 75.72076398126674,
      "std": 8.758858782032373,
      "min": 62.3880137723718,
      "max": 90.77864769456845,
      "n_above_85": 2
    },
    "G3Sigma": {
      "mean": 70.69402597993763,
      "median": 72.49029302017726,
      "std": 13.79301221861409,
      "min": 42.16594554266423,
      "max": 90.53249858471474,
      "n_above_85": 1
    },
    "GR_baryons": {
      "mean": 70.69402597993728,
      "median": 72.49029302017726,
      "std": 13.793012218614521,
      "min": 42.165945542663344,
      "max": 90.53249858471474,
      "n_above_85": 1
    }
  },
  "best_approach": "LogTail",
  "timestamp": "2025-09-23 22:41:27"
}