{
  "params": {
    "xi_max": 7.374299386478554,
    "lnSigma_c": 2.621110108849016,
    "width_sigma": 1.3436453397918144,
    "n_sigma": 4.568162649979102,
    "lnR_gate_base": 2.029535093940642,
    "width_gate": 0.8005386597035731,
    "alpha_gate_M": 0.23260240329533066
  },
  "summary": {
    "avg_mean_off": 36.07730059129616,
    "galaxies": 143,
    "outer_points": 1167
  }
}