{
  "cluster": "A478",
  "z_lens": 0.0881,
  "z_source": 1.0,
  "Einstein_radius_arcsec_baryons": 0.6070730721073234,
  "Einstein_radius_kpc_baryons": 1.0000000158404576,
  "Einstein_radius_arcsec_realSigma": 0.607073067617444,
  "Einstein_radius_kpc_realSigma": 1.0000000084445115,
  "max_kappa_eff_mean": 165474238.01563668,
  "note": "G\u00b3 tail gated by real \u03a3(R) with universal params."
}