R_kpc,Vobs_kms,Vbar_kms,Vpred_pde_kms,percent_close
1.92,26.9,24.52,35.55389549301235,67.8293847843407
3.83,46.8,32.41,51.54180634468496,89.86793516092958
5.75,47.6,32.86,50.45793221671459,93.99594072118784
7.67,48.1,37.30312855512256,52.642627076500574,90.55586886382417
9.59,52.2,40.97451525033578,56.57198637215409,91.62454717978144
