{
  "params": {
    "xi_max": 2.11546198362789,
    "lnR0_base": 0.5498408535382138,
    "width": 0.05,
    "alpha_M": 0.15568905033395916,
    "gate_R_kpc": 0.7542220089914079,
    "gate_width": 0.17318503958244003
  },
  "summary": {
    "avg_mean_off": 25.317038967955547,
    "galaxies": 143,
    "outer_points": 1167
  }
}