{
  "cluster": "A1795",
  "z_lens": 0.0622,
  "z_source": 1.0,
  "Einstein_radius_arcsec_baryons": 0.8342885328701083,
  "Einstein_radius_kpc_baryons": 1.0000000209038793,
  "Einstein_radius_arcsec_realSigma": 0.834288524729166,
  "Einstein_radius_kpc_realSigma": 1.0000000111459335,
  "max_kappa_eff_mean": 123824003.62423423,
  "note": "G\u00b3 tail gated by real \u03a3(R) with universal params."
}