{
  "params": {
    "xi_max": 2.7067888444842603,
    "xi_max_r": 5.472618947828082,
    "lnR0_base": 1.1552478037699814,
    "width": 1.2383865593454524,
    "alpha_M": -0.18799110457019474,
    "xi_max_d": 3.1225694201275163,
    "lnSigma_c": 3.293648677431817,
    "width_sigma": 0.15048668431002643,
    "n_sigma": 3.8142580197900573,
    "xi_cap": 2.128242777481152,
    "gate_R_kpc": 1.7710056647805,
    "gate_width": 0.05,
    "gamma": 0.6314966345846892
  },
  "summary": {
    "avg_mean_off": 25.313380825655884,
    "avg_rmse": 34.39734068920302,
    "avg_pct_close_90": 23.040967944711255,
    "galaxies": 143,
    "outer_points": 1167
  }
}