R_kpc,Vobs_kms,Vbar_kms,Vpred_pde_kms,percent_close
0.26,18.3,9.493376638478008,15.642858416841953,85.48010063848062
0.77,35.3,18.76556953572153,29.408745157468672,83.31089279736169
1.29,47.8,21.954819516452417,37.81019576841368,79.10082796739263
1.81,52.8,23.4251253998778,43.25350043107356,81.91950839218478
2.32,58.0,23.545838273461406,46.94211896881436,80.93468787726614
3.39,63.1,20.045273757172787,50.35386823661872,79.80010814044172
4.44,62.7,16.779851012449424,51.78652580738958,82.59414004368354
