r_kpc,rho_star_Msun_per_kpc3
1184.0,3.3808420611581687
1163.0500000000002,3.626254865981207
1142.1,3.894345834080277
1121.15,4.187676941725283
1100.2,4.509154290799079
1079.2,4.862964800515009
1058.2500000000002,5.251197356954252
1037.3000000000002,5.678959078390417
1016.35,6.151179747137722
995.41,6.6732593044718485
974.445,7.252651844855753
953.49,7.895991234040195
932.53,8.61245587694394
911.575,9.411860520970658
890.62,10.30620995236245
869.6650000000001,11.30936387231836
848.71,12.437600974449918
827.75,13.710436314973396
806.7950000000001,15.149985518846636
785.8400000000001,16.783538552895504
764.885,18.643334695910877
743.93,20.76804078242195
722.975,23.20425845034757
702.0200000000001,26.008440960591376
681.06,29.250178844731945
660.1049999999999,33.01217214158621
639.15,37.398949655491045
618.195,42.53927924332694
597.24,48.5939855480328
576.285,55.765404811728004
555.33,64.31009615981135
534.37,74.55878406061815
513.415,86.92990919686382
492.46,101.97707392669733
471.505,120.42607756483346
450.55,143.24316444581677
429.595,171.73054236369097
408.64,207.66680020439753
387.68,253.52932958895062
366.725,312.7687984731046
345.77000000000004,390.372324871566
324.81499999999994,493.61762014037976
303.86,633.3823321156452
282.9,826.3861092848088
261.945,1098.801914023958
240.99,1493.3920287665571
220.035,2082.2768022214154
199.08,2992.564295421238
178.12499999999997,4460.001610276036
157.17,6949.511392352888
136.21,11451.231749605438
115.255,20275.87467790343
94.3,39546.45572358544
73.345,88469.53074583366
52.39,244433.5067522737
31.43500000000001,982588.3098603907
10.48,10302671.468653087
148.41,8497.905566900821
145.15,9183.012601608812
141.89,9938.687192609832
138.63,10773.849439277019
135.365,11700.258910631173
132.1,12728.604231832169
128.84,13870.825049982093
125.58,15144.357923257887
122.32,16567.782322167695
119.06,18162.825753263307
115.79500000000002,19957.904845080266
112.53,21980.90003280938
109.27,24263.808828177785
106.01,26851.792907753013
102.75,29795.263161505784
99.485,33160.16308341223
96.22,37015.427143450856
92.96,41442.40655538558
89.7,46554.080278298235
86.43999999999998,52482.11117644676
83.18,59388.8151113418
79.915,67489.0708240002
76.64999999999999,77026.09959785857
73.39000000000001,88299.88780120775
70.13,101726.98149124389
66.87000000000002,117823.90789890088
63.605,137291.68829420465
60.34,160985.6186592795
57.08,190017.4212220852
53.82,225967.50088043112
50.56,270936.3074070068
47.3,327818.1710213188
44.035,400796.02215880196
40.77,495614.89174399024
37.510000000000005,620556.3975787574
34.25,788410.997464043
30.99,1018673.8767785166
27.725,1342979.1364234316
24.46,1812772.4058369007
21.2,2517021.362770029
17.94,3623398.6452693664
14.68,5469745.2084221365
11.42,8825437.78712406
8.155,15810816.794252811
4.890000000000001,34484257.38590679
1.63,138850505.52615255
571.4999999999999,57.58501915793302
566.92,59.396721770750084
559.8799999999999,62.32275981046969
552.84,65.43123815898674
545.7950000000001,68.73840090563243
538.7500000000001,72.25720079984612
531.71,76.00135764865459
524.67,79.99123121303323
517.625,84.24955261592227
510.58,88.79508444981397
503.54,93.64782959279518
496.5,98.83670670229056
489.455,104.39413095676089
482.41,110.34776810531456
475.37,116.72731671607025
468.33,123.5747009422542
461.285,130.93712467391535
454.24,138.85620368745836
447.2000000000001,147.37694358249846
440.16,156.5615236669084
433.115,166.4803105563832
426.07,177.19732954242932
419.03,188.78237959130837
411.99,201.33006786409567
404.945,214.94808308272908
397.9,229.73747674981584
390.86,245.80938780340347
383.8200000000001,263.3119778113909
376.775,282.41502980942766
369.73,303.2827601567123
362.69,326.0975516489683
355.65000000000003,351.0991881859691
348.605,378.5645982881345
341.56,408.7697768174054
334.52000000000004,442.0246332645038
327.48,478.73217395443294
320.435,519.362122902394
313.39,564.396848151954
306.35,614.3848029238043
299.30999999999995,670.0337234286978
292.265,732.177557174035
285.22,801.6990625645691
278.18,879.6165461958292
271.14000000000004,967.2388132119412
264.095,1066.128476173304
257.05,1177.9921153608523
250.01,1304.8321251831296
242.97,1449.2230485926245
235.925,1614.2885930824498
228.88,1803.5546263059994
221.84,2021.2435954846085
214.8,2272.8152146294156
207.755,2565.028435117356
200.71,2905.7910174547833
193.67,3304.8144403577626
186.63,3774.8125495461927
179.585,4331.935638732029
172.54,4995.862015798815
165.5,5791.544026129545
158.45999999999998,6752.357589587439
151.415,7922.170137592495
144.37,9357.080941990176
137.33,11131.297554915554
130.29000000000002,13347.572073851194
123.245,16147.466633879272
116.2,19723.51885034166
109.16,24345.901365512167
102.12,30409.9806798356
95.075,38499.472287062585
88.03,49479.43390193248
80.99000000000001,64676.973942343204
73.95,86222.57447447653
66.905,117634.71718932143
59.86000000000001,164890.90063888056
52.82,238686.892326363
45.78,359495.1654227625
38.735,569370.9093053591
31.69,962644.8582734448
24.65,1780103.37234507
17.61,3768588.7299868898
10.565,10155672.869070072
219.62,2096.6339874835107
213.065,2340.740389238577
206.51,2621.4587874333565
199.95,2945.852482791575
193.395,3321.750874515153
186.84,3759.625538045936
180.285,4272.166466468607
173.73,4875.20486433483
167.17499999999998,5588.6352415014135
160.61999999999998,6437.653954838655
154.06,7455.289266572839
147.505,8681.487232964739
140.95,10170.920268296242
134.39499999999998,11994.543399785784
127.84,14246.712710877146
121.28,17056.853117756244
114.725,20594.15154967676
108.17,25100.62543256705
101.615,30914.2460782392
95.06,38519.40432262579
88.505,48624.46266958878
81.94999999999999,62289.00503216095
75.39,81156.01029589196
68.835,107768.29919612463
62.28,146339.40468556093
55.725,204014.05448155018
49.17,293528.65347476583
42.60999999999999,439068.01494807075
36.055,689207.5952284312
29.5,1152549.8863921985
22.945,2103147.467762834
16.39,4377040.592791722
9.835,11520300.741814079
3.28,59239154.15780346
391.15,245.12008341976454
375.81,285.16490684972047
360.47,333.73403672939594
345.135,393.07994394593703
329.79999999999995,466.22817705316703
314.46000000000004,557.2509834126046
299.12,671.6211595636831
283.78000000000003,816.911641437384
268.44,1003.72402923679
253.1,1247.1563208791258
237.76,1569.1221581799664
222.42,2002.1080959676406
207.08,2595.432469160032
191.74,3426.003425056102
176.4,4617.479603722
161.05999999999997,6375.813874055992
145.72000000000003,9058.366726987115
130.38,13315.915829318234
115.045,20401.242111850526
99.71,32913.46088085475
84.37,56742.46951299981
69.03,106830.29677784548
53.690000000000005,227571.84886980694
38.35,584859.7313343303
23.01,2089501.1479151912
7.67,17468291.11033005
480.495,112.03901815927276
451.37,142.2534778423237
422.25,183.36956746998115
393.13,240.47780827597228
364.01,321.6603999444584
334.89000000000004,440.19446918896745
305.77,618.7455665352428
276.65000000000003,897.7864858609063
247.53,1353.5521609655714
218.41,2139.2074484499044
189.29,3587.9674255780637
160.165,6502.39374380645
131.04,13086.619502768968
101.92,30608.44752380697
72.8,90556.9782069061
43.68,409921.9406975451
14.56,5559499.864006046
265.165,1050.3205681124202
256.75000000000006,1183.0740089896947
248.33,1337.591185201077
239.91000000000005,1518.1943438099818
231.49,1730.3547731845274
223.075,1980.7698060213747
214.66000000000005,2278.203979822998
206.24,2633.9009779178455
197.82,3061.871111940791
189.4,3580.492769428019
180.985,4213.425533233697
172.57,4992.774621327867
164.15,5961.829802656916
155.73,7178.1773739951905
147.31,8721.691611696293
138.89499999999998,10702.756746403857
130.48,13280.8524082123
122.06,16688.385422684565
113.64,21265.48200948166
105.22,27530.3386173002
96.805,36284.88249227347
88.39,48829.744272604235
79.97,67341.51370318442
71.55,95583.56492097865
63.135,140418.29775099832
54.720000000000006,215242.84086225563
46.3,348239.5079720242
37.88,604501.2095069251
29.46,1156445.5473540449
21.045,2558727.818922908
12.63,7319531.7154780375
4.21,42490449.65432106
670.27,31.116181773375278
651.39,34.75395956240183
632.51,38.939281654506054
613.63,43.77409999389245
594.75,49.38321953499535
575.87,55.92034535028647
556.99,63.575991130087715
538.11,72.58790812680152
519.23,83.25495964775301
500.345,95.95942676780909
481.46,111.18274982770478
462.58,129.5434534089075
443.7,151.85638688818557
424.82,179.18804419278817
405.94,212.95637153583326
387.06,255.06962076336472
368.18,308.1301002563768
349.3,375.73835672462644
330.42,462.9559515487592
311.54,577.0243063517227
292.655,728.553583158305
273.77000000000004,933.280401437202
254.89,1215.2013195963984
236.01,1612.160777667472
217.13,2185.427509467284
198.25,3037.9952521979076
179.37,4350.503056797286
160.48999999999998,6456.068400099673
141.61,10007.162422147796
122.73,16379.809854299237
103.845,28763.425019380335
84.96000000000001,55485.29204878049
66.08,122197.86775593318
47.2,329790.95915102283
28.32,1274931.4970951881
9.44,12366589.140514465
469.065,122.83673848836168
460.455,131.84023033062996
451.85,141.6781146165836
443.245,152.45114748031983
434.635,164.27526854781507
426.03,177.26060289456893
417.425,191.55498093891666
408.815,207.3296570093657
400.21,224.75181416610874
391.605,244.04345174622324
382.995,265.46371003533443
374.39,289.2725224097599
365.785,315.81209688751596
357.175,345.48537761752993
348.57000000000005,378.7076288066031
339.96500000000003,416.0222100779802
331.355,458.0753394421693
322.75,505.551411409904
314.145,559.3428631127823
305.535,620.5234414907942
296.93,690.2624422698874
288.325,770.0840023042318
279.715,861.8469927582563
271.11,967.6350069403823
262.505,1090.1724003679008
253.895,1232.8358812811587
245.29,1399.527687804217
236.685,1595.3873465288514
228.075,1826.9100035115537
219.47,2101.853782597034
210.865,2430.563954171302
202.255,2826.4295297318913
193.65,3306.042532992494
185.045,3891.949916444045
176.435,4614.21587261509
167.83,5511.713031561934
159.225,6638.742841504734
150.615,8070.547035332288
142.01,9909.520271818494
133.405,12304.515405259579
124.795,15472.64903135344
116.19,19729.264509052402
107.585,25560.40063582541
98.975,33727.99504212444
90.37,45441.59655361791
81.765,62740.46555380228
73.155,89190.33200855709
64.55,131265.86333870754
55.94499999999999,201655.24365135888
47.335,327131.22080093215
38.73,569568.7020703634
30.125,1093806.051253171
21.515,2434950.755810459
12.91,7021515.51072338
4.305,41208539.11764136
637.23,37.836393831082894
617.6250000000001,42.69106239437698
598.015,48.351562965233654
578.4050000000001,54.98222152949106
558.8,62.787449806848294
539.195,72.02836551916258
519.5849999999999,83.03695746803554
499.98,96.22802464391432
480.375,112.14607263398213
460.765,131.50201743382303
441.16,155.21413825126254
421.555,184.52126959297476
401.945,221.09588583499774
382.335,267.200943943697
362.73,325.961972195291
343.125,401.8067592185376
323.515,501.0887879392485
303.91,632.9936861349107
284.305,811.3239160128428
264.695,1057.2278758070556
245.085,1403.8321521492956
225.48,1904.819800162389
205.875,2650.8386476508244
186.265,3801.3921187119777
166.66,5650.061348818103
147.05499999999998,8774.618894107674
127.445,14398.698039008023
107.84,25358.699240733302
88.23500000000001,49108.15164567568
68.62499999999999,108790.06576864287
49.015,296193.14635985997
29.41,1161338.8744560594
9.805,11581696.037314108
248.21,1339.970267978278
243.095,1446.489789814731
237.98,1563.8137841613307
232.86,1693.418272411042
227.74,1836.7407296264425
222.625,1995.398922542027
217.51,2171.5766664486628
212.39,2367.851621859658
207.27,2586.8289178694044
202.15,2831.736480476571
197.035,3106.06704620107
191.92,3414.4682543711833
186.8,3762.512400246607
181.68,4156.100527263453
176.56,4602.583227478376
171.44500000000002,5110.2052564967535
166.33,5689.866256043465
161.21,6354.902078233694
156.09,7120.1387555828815
150.975,8003.350764698377
145.86,9028.07648502937
140.74,10223.72754821423
135.62,11624.4004998123
130.5,13273.85360333063
125.385,15225.08706224446
120.26999999999998,17549.246541323664
115.15,20338.43737867735
110.03,23705.999233471204
104.915,27798.050998582556
99.8,32815.424505931005
94.68,39028.69367884981
89.56,46790.839955954645
84.43999999999998,56591.4567374272
79.325,69097.78193717754
74.21,85278.98567674086
69.09000000000002,106543.74730200961
63.97,134923.81551963362
58.855,173461.72771778147
53.74,226953.097081728
48.62,303122.778025057
43.5,414649.7149942192
38.38,583633.7333150221
33.265,850265.5446698379
28.15,1293913.03805649
23.03,2085325.3662713235
17.91,3636290.296201302
12.795000000000002,7141891.7462448245
7.6800000000000015,17431659.85965548
2.56,81047475.43305615
489.99,103.95860745671516
484.205,108.79138101212386
475.6350000000001,116.47895239736434
467.065,124.85782603366032
458.495,134.0039724592937
449.925,144.0032850267206
441.355,154.95308941351087
432.785,166.96391650566775
424.215,180.16159072581763
415.645,194.6896974334781
407.075,210.71250743429
398.505,228.4184546800808
389.93500000000006,248.0242859369498
381.365,269.780029871187
372.795,293.97496939671936
364.225,320.9448475475211
355.655,351.08059664689887
347.085,384.8389572377916
338.515,422.7554526232174
329.94500000000005,465.4603144032473
321.37499999999994,513.6981242536416
312.805,568.3521613334613
304.235,630.474742446681
295.665,701.3252403370832
287.095,782.4180021028266
278.52500000000003,875.58311831253
269.955,983.0439907118886
261.385,1107.5170232289352
252.815,1252.3406789481783
244.245,1421.6438431314696
235.675,1620.5672645418877
227.105,1855.5573504606116
218.535,2134.759584322405
209.965,2468.5505882501557
201.395,2870.2653610308344
192.825,3357.2026696815656
184.255,3952.032127492142
175.68499999999997,4684.789690643195
167.115,5595.748527194687
158.545,6739.614180590896
149.975,8191.760153260776
141.405,10057.670879875157
132.83499999999998,12487.538777084157
124.265,15699.347797028317
115.695,20016.314292929834
107.125,25929.365450170506
98.555,34204.80076106266
89.98500000000001,46076.73070495537
81.415,63605.87396835909
72.845,90382.29196896561
64.275,132984.4730899602
55.705000000000005,204230.2124381096
47.135,331081.3233460808
38.565000000000005,576145.094740823
29.995,1105703.3009671432
21.425,2458039.8176623713
12.855,7078741.71156004
4.285,41473373.008723676
135.62,11624.4004998123
130.5,13273.85360333063
125.385,15225.08706224446
120.26999999999998,17549.246541323664
115.15,20338.43737867735
110.03,23705.999233471204
104.915,27798.050998582556
99.8,32815.424505931005
94.68,39028.69367884981
89.56,46790.839955954645
84.43999999999998,56591.4567374272
79.325,69097.78193717754
74.21,85278.98567674086
69.09000000000002,106543.74730200961
63.97,134923.81551963362
58.855,173461.72771778147
53.74,226953.097081728
48.62,303122.778025057
43.5,414649.7149942192
38.38,583633.7333150221
33.265,850265.5446698379
28.15,1293913.03805649
23.03,2085325.3662713235
17.91,3636290.296201302
12.795000000000002,7141891.7462448245
7.6800000000000015,17431659.85965548
2.56,81047475.43305615
1081.1,4.829557435574482
1062.95,5.160822542828872
1044.8,5.520984249942456
1026.6,5.914248473309269
1008.4300000000002,6.3424230876805225
990.275,6.809654765200874
972.105,7.321158029780306
953.935,7.881604425604833
935.765,8.49672302357651
917.59,9.173235999026389
899.415,9.918442663543406
881.245,10.74064850979152
863.075,11.649849414159146
844.905,12.657329027720293
826.735,13.776116070291916
808.5649999999999,15.021299713659692
790.395,16.410410565446764
772.2249999999999,17.96388277234793
754.0550000000001,19.705616897238748
735.885,21.663668592606978
717.715,23.871095100604805
699.545,26.36700081466145
681.3750000000001,29.197835304982583
663.205,32.41901340187138
645.0350000000001,36.096948629210154
626.865,40.311620573532984
608.6949999999999,45.159836627789545
590.525,50.75940321486525
572.3549999999999,57.254497227958716
554.1850000000001,64.82263402054244
536.015,73.68377713492168
517.845,84.1123469507476
499.675,96.45319063093689
481.505,111.14302021414166
463.335,128.7394810120537
445.165,149.96099139652915
426.995,175.74197812610706
408.825,207.31041236048625
390.655,246.29811722688905
372.485,294.89999046456677
354.315,356.1074833713035
336.14500000000004,434.0569016819583
317.975,534.5588683393537
299.805,665.9200137362913
281.635,840.2477084814857
263.46500000000003,1075.575194654838
245.295,1399.422907231451
227.12500000000003,1854.9610335600673
208.955,2512.068691251025
190.785,3488.026099933541
172.615,4988.148004716054
154.445,7390.233019750459
136.27499999999998,11432.351930597339
118.105,18666.16927946657
99.935,32669.055321606906
81.765,62740.46555380228
63.595,137357.29445425843
45.425,367444.50148806884
27.255,1400058.562653454
9.085,13203144.150654627
413.605,198.36158392826974
409.275,206.44670989143626
404.945,214.94808308272908
400.61500000000007,223.8916914508223
396.28,233.31658964271205
391.945,243.24279334718193
387.61500000000007,253.69026504176603
383.285,264.70484655435047
378.955,276.32389164864435
374.625,288.5876570075229
370.295,301.53956301166977
365.965,315.2264811785521
361.6350000000001,329.69905132567544
357.305,345.0120319140113
352.975,361.2246874747596
348.64,378.42163530606405
344.30499999999995,396.654540801292
339.975,415.9762413249935
335.645,436.4892439742716
331.31500000000005,458.2828146213277
326.985,481.4541236596265
322.65500000000003,506.10905643029923
318.325,532.363118367831
313.995,560.3424473312626
309.665,590.1849474166171
305.33500000000004,622.0415606726548
301.0,656.1183264796116
296.665,692.561775372362
292.33500000000004,731.525443240917
288.00499999999994,773.2693074019575
283.675,818.0349554184992
279.345,866.0888361543172
275.015,917.7252285191082
270.68499999999995,973.2696152466197
266.355,1033.082524078187
262.025,1097.5639094598578
257.695,1167.1581606458733
253.36000000000004,1242.4501233047013
249.025,1323.9157421772181
244.695,1412.066945067349
240.365,1507.6828942780191
236.035,1611.535617282884
231.705,1724.4919819186027
227.375,1847.5272574493943
223.045,1981.7408981917667
218.715,2128.3749622171285
214.385,2288.835663525194
210.05,2464.931351362832
205.715,2658.306325230273
201.385,2870.7800633671623
197.055,3104.9311650382247
192.725,3363.471005606046
188.395,3649.515387705804
184.065,3966.6550487136733
179.735,4319.040318895011
175.405,4711.483161164079
171.07500000000002,5149.580654751106
166.745,5639.865055685004
162.41,6190.660109717411
158.075,6810.456815564097
153.745,7509.051007623095
149.415,8299.696239925728
145.08499999999998,9197.36262607078
140.755,10219.944233364768
136.42499999999998,11388.931637534213
132.095,12730.263993834988
127.765,14275.415602010244
123.435,16062.791090393488
119.105,18139.530023453237
114.77,20566.885988172246
110.435,23415.305808091092
106.105,26771.614089207906
101.775,30753.352038530178
97.445,35506.23969486013
93.115,41217.35222363385
88.785,48129.15538319117
84.455,56559.16250275917
80.125,66927.84456643788
75.795,79798.8549145155
71.46,95958.85552309157
67.125,116454.22547475882
62.795,142736.10856148362
58.465,176938.46115331264
54.135000000000005,222138.7926546809
49.805,282923.7430956589
45.475,366311.516411174
41.145,483373.04394450015
36.815,652207.700852884
32.485,903696.1911418317
28.155,1293349.6013426185
23.82,1928678.3613961458
19.485,3033273.084754559
15.154999999999998,5132856.997274337
10.825,9723579.294535361
6.494999999999999,22685762.759107117
2.165,99408627.46135624
189.47,3575.7463118515648
184.795,3910.8388985917227
180.12,4286.161497659638
175.44,4708.136088095371
170.76,5183.402552548694
166.08,5720.255330932093
161.39999999999998,6328.536870990141
156.725,7019.189421990392
152.05,7806.820091175199
147.37,8709.29625664568
142.69,9746.24981417306
138.01000000000002,10942.503497230013
133.33,12328.40463585035
128.655,13939.419432280654
123.98,15822.972289948915
119.29999999999998,18039.01329190748
114.62,20657.94751550355
109.94,23771.21084016097
105.26,27495.468903222223
100.585,31975.66203249409
95.91,37410.03225366804
91.23,44062.04554621469
86.54999999999998,52267.140361177924
81.87,62483.72909331659
77.19000000000001,75337.08145811963
72.515,91673.23264521622
67.84000000000002,112719.09002599749
63.16,140249.74635371706
58.48,176803.12608859205
53.8,226213.3930184093
49.12,294384.84693615296
44.445,390573.8224936244
39.77,530238.0450066838
35.09,740127.3662629217
30.41,1068291.3651949558
25.730000000000004,1608146.9449988012
21.05,2557368.467375431
16.375,4385302.624540917
11.7,8441869.198529204
7.0200000000000005,20108806.266957127
2.34,90489198.45631564
584.1350000000001,52.933165936622984
568.13,58.91124025094563
552.13,65.75538981264592
536.125,73.62572512526938
520.12,82.70976532419522
504.115,93.23923485110016
488.11,105.49916352569646
472.11,119.83752564817043
456.105,136.7028433280714
440.1,156.64283091764838
424.1,180.34739236484177
408.095,208.72116101187925
392.09,242.90233517611935
376.085,284.3778653849732
360.08,335.0985847694151
344.08,397.6305532272296
328.075,475.48575020315724
312.07,573.370918334959
296.07,697.7594247762606
280.065,857.8583232585886
264.06,1066.6505651031039
248.06,1342.9515684723383
232.055,1715.0009449156496
216.05,2225.400937454439
200.045,2940.807175589186
184.04,3968.584153498319
168.04,5487.331778465798
152.03499999999997,7809.52055973082
136.02999999999997,11503.718442174411
120.03,17668.859264128187
104.025,28598.119282132717
88.01999999999998,49497.63516739606
72.015,93673.67929386787
56.01,200964.9085311858
40.01,521655.58458367357
24.005,1894213.920377628
8.0,16315179.962310672
698.095,26.579938514838805
681.665,29.14974949939987
665.24,32.03686696805064
648.8149999999999,35.29047241825828
632.39,38.96784145260426
615.965,43.13697108931204
599.54,47.87893622404839
583.115,53.29084516541464
566.685,59.49158878737746
550.26,66.61879924223486
533.835,74.8461572593001
517.41,84.38391040934945
500.985,95.49071923762968
484.56,108.48682933178688
468.135,123.77141655608627
451.705,141.85161506806705
435.28,163.35061654115012
418.855,189.08224027648944
402.43,220.0872326732633
386.00500000000005,257.7175913629348
369.58,303.7476709967146
353.155,360.53198042460866
336.7250000000001,431.2565776207494
320.3,520.181969686044
303.875,633.2657069991844
287.45,778.832988231172
271.025,968.7586584740885
254.6,1220.3082822788474
238.175,1559.1273991839062
221.745,2024.3996267891
205.32,2676.8551463315744
188.895,3614.9696746415193
172.47,5003.075231815989
156.045,7127.361382203551
139.62,10511.237163664055
123.195,16169.842533483956
106.765,26222.78604949687
90.34,45490.69141333228
73.91499999999999,86350.59577807135
57.49,186022.33317110414
41.065,485952.18269443524
24.64,1781803.7552684755
8.215,15621527.07553151
762.255,18.894586733885905
745.505,20.598152927294
728.75,22.498728005056012
711.9949999999999,24.623669042785423
695.245,27.004773628947955
678.49,29.6816486541036
661.735,32.69860978296811
644.985,36.10776984588777
628.235,39.97307920782498
611.48,44.37118495412288
594.7249999999999,49.39122450103151
577.975,55.139957567188326
561.22,61.75216021247436
544.465,69.38601675025157
527.7149999999999,78.23412523139372
510.965,88.53887307403521
494.21,100.60167514120562
477.455,114.79093456298521
460.705,131.56739326516782
443.95,151.5308300784561
427.195,175.42927472250832
410.445,204.22204625353993
393.695,239.17331851007663
376.94,281.9481679412553
360.185,334.7305212964241
343.43500000000006,400.4451463202031
326.68,483.1409229307782
309.925,588.3377521690837
293.17499999999995,723.7564367319289
276.425,900.4979797875714
259.67,1134.7503084584828
242.915,1450.4277286668607
226.165,1883.8567431568079
209.41,2492.3462041048706
192.655,3367.8675544242155
175.905,4663.948894793165
159.155,6649.039019239203
142.4,9815.46483873134
125.645,15117.567393457342
108.895,24545.103619840644
92.14,42659.001954160805
75.385,81172.94574005522
58.635,175412.27002030588
41.885,460319.41690138285
25.13,1700889.8103248323
8.375,15132220.61287095
81.32000000000001,63843.352226347495
79.675,68137.72733820126
78.03,72801.0947738595
76.39,77856.29068122694
74.75,83360.31623716246
73.105,89381.2418164486
71.46,95958.85552309157
69.82,103133.58261053672
68.18,110995.80498918158
66.53500000000001,119654.23691668671
64.89,129179.47980778216
63.25,139645.06551767458
61.605,151237.38042162775
59.96,164067.54549389193
58.32,178253.45197412398
56.68,194019.81935723792
55.035,211641.3516353389
53.39,231329.3848910235
51.75000000000001,253313.8918144832
50.105,278081.88884369016
48.46,305987.95014771534
46.82,337425.8321234686
45.18,373060.660407444
43.535,413725.0397444811
41.88999999999999,460168.4445971858
40.25,513248.60185871087
38.605,574542.0010117469
36.96,645437.7282000317
35.32000000000001,727567.7197386262
33.68,823476.8572635592
32.035000000000004,936477.9528466421
30.39,1070056.86234158
28.75,1228488.749485355
27.105,1418929.5270119188
25.46,1649053.1383238956
23.82,1928678.3613961458
22.18,2272787.746730572
20.535,2702471.534192113
18.89,3244446.1902874485
17.25,3935846.0929659433
15.61,4835590.61063456
13.965,6034905.485915402
12.32,7669816.268812366
10.68,9961358.26465611
9.035000000000002,13327292.743653443
7.390000000000001,18540515.77626133
5.75,27260678.58692503
4.11,43908203.193538085
2.4650000000000003,84912084.05134852
0.82,298346460.5174532
587.5200000000001,51.76746594427538
569.4399999999999,58.391215521020364
551.3600000000001,66.10920706021581
533.285,75.14303259408301
515.2099999999999,85.77424873130403
497.13,98.35795101709923
479.05,113.33667712296521
460.975,131.2735216116585
442.9,152.90406206811667
424.82,179.18804419278817
406.74,211.37170560365857
388.665,251.10608941866553
370.59,300.63437577436684
352.51,363.02189835718826
334.43,442.4712461363134
316.355,544.8708295967016
298.28,678.6959173736585
280.2,856.3260071911142
262.12,1096.0960437885442
244.045,1425.9263124376414
225.97,1889.7948210196648
207.89,2559.0011863505924
189.81,3552.803740975243
171.735,5079.606532877212
153.66000000000005,7523.64121061121
135.58,11636.259049794688
117.5,18994.0999003983
99.425,33226.341528003184
81.35000000000001,63768.23902883918
63.27,139511.1377996864
45.19,372829.31214332394
27.115,1417661.330396649
9.04,13314804.311157214
570.795,57.85935077266659
553.23,65.25403294848527
535.67,73.8662209090558
518.105,83.9505547472167
500.54,95.81631338316089
482.98,109.85054061307082
465.42,126.55141301398359
447.855,146.5570837013892
430.29,170.67769653871449
412.73,199.96305067876983
395.165,235.82055448848448
377.6,280.0903419561758
360.04,335.23893252015864
342.48,404.65839503774816
324.915,493.0487024378868
307.35,606.9561055667799
289.79,755.709033257576
272.225,953.0451600604663
254.66,1219.249470390388
237.1,1585.1830773735464
219.535,2099.5898779821846
201.97,2840.8631439014252
184.41000000000005,3940.152826543336
166.85,5627.301404201005
149.285,8325.006980357693
131.72,12855.522280511308
114.16,20940.370643716164
96.595,36545.03139042855
79.03,69920.19441900775
61.470000000000006,152241.6194457429
43.91,403979.7550096873
26.345,1519736.4952641893
8.78,13986682.462863326
799.81,15.671473154119
780.6149999999999,17.224707097178243
755.025,19.607438014399804
729.4300000000001,22.417427648801695
703.835,25.749364893874127
678.24,29.7240437977991
652.645,34.49617079537994
627.0550000000001,40.264456082433234
601.46,47.29207391275091
575.865,55.92221538258129
550.27,66.61414451097865
524.675,79.98830576809988
499.085,96.89063022561795
473.49,118.50844137213798
447.895,146.50720088913633
422.3,183.28705820343234
396.705,232.37091905322663
371.115,299.0318363962951
345.52000000000004,391.4355248283094
319.925,522.4678278997997
294.33,713.2417366430147
268.735,999.6548776045722
243.145,1445.3982916825341
217.55,2170.1250784249
191.955,3412.2309498972622
166.36,5686.2331571309205
140.765,10217.422997166872
115.175,20323.519586550985
89.58,46756.92481591491
63.985,134827.6092919717
38.39,583225.7927479318
12.795000000000002,7141891.7462448245
289.195,761.5065200021477
274.36499999999995,925.8056073406352
259.535,1136.9294102408019
244.705,1411.8550430245969
229.875,1775.200437075813
215.04,2263.614371897381
200.205,2932.3342254232493
185.375,3867.1908901943602
170.54500000000002,5206.647046133898
155.715,7180.608475579029
140.885,10187.228812908868
126.055,14949.941892103574
111.225,22861.013534618305
96.395,36794.97015825111
81.565,63233.161439242824
66.73499999999999,118557.23787371605
51.905,251126.30468748967
37.075,640131.8580579241
22.245,2257698.9696925874
7.415,18440990.38385833
499.76,96.39037331066459
493.315,101.30217606458467
486.865,106.53509979254541
480.415,112.11037360553962
473.965,118.05523360364101
467.515,124.39947808279328
461.065,131.17574678852992
454.62,138.41402822737925
448.175,146.15861488464807
441.725,154.45927305492893
435.275,163.3577593255688
428.825,172.90650376805726
422.375,183.16338131398626
415.925,194.19236780904743
409.48,206.0547371346984
403.035,218.8370664364947
396.585,232.63744563413016
390.135,247.5432815357564
383.685,263.66258323642035
377.235,281.11587775704606
370.79,300.02262143567503
364.345,320.5463348164414
357.895,342.87393345875057
351.445,367.1804052913252
344.995,393.68005547523234
338.545,422.61476952084774
332.095,454.25814679329864
325.65,488.89221734788464
319.205,526.8919941028159
312.755,568.6918277618615
306.30500000000006,614.721760067737
299.855,665.5062458111694
293.40500000000003,721.6472231474552
286.955,783.837482673938
280.51,852.8202883571697
274.065,929.5650157563841
267.61500000000007,1015.2143424925442
261.165,1110.9644572229365
254.71500000000003,1218.2799019408346
248.265,1338.8791986767797
241.82,1474.674614297549
235.375,1628.1420421623532
228.925,1802.2600990915441
222.475,2000.305307834152
216.025,2226.3370316086534
209.575,2485.241975100618
203.125,2782.932801061153
196.68,3126.3157164968225
190.235,3524.3838832355336
183.785,3988.3282289174454
177.33499999999998,4531.273987091861
170.88500000000002,5169.9479956416735
164.435,5925.364203325561
157.985,6824.128572662444
151.54000000000002,7899.295659782627
145.095,9195.153103819988
138.645,10769.809568102444
132.195,12697.120175174536
125.745,15076.466984432554
119.29500000000002,18041.581915725623
112.845,21774.851123661734
106.4,26524.542783807694
99.95499999999998,32647.440661073968
93.505,40657.829548703485
87.05499999999999,51294.28939027085
80.605,65666.88007321199
74.155,85477.50487135962
67.71000000000001,113386.87648385334
61.265,153782.6828320208
54.815000000000005,214148.59416906486
48.365,307705.3444959558
41.915,459414.52360699937
35.465,719788.9324181577
29.015,1200944.2195794221
22.57,2184173.608951894
16.125,4526096.243471341
9.675,11853070.443472812
3.225,60549137.00398334
241.83,1474.4508975558122
239.445,1529.0316877970924
237.06,1586.1630597696835
234.68,1645.8611271818165
232.3,1708.396070560427
229.915,1774.0722698989234
227.53,1842.937024429193
225.15,1915.0229196178968
222.77,1990.67038361851
220.385,2070.263809968425
218.0,2153.8780445954085
215.62,2241.570603960399
213.24,2333.775021955897
210.855,2430.9819948950476
208.47,2533.307004358147
206.09,2640.845230390285
203.71,2754.155204882827
201.325,2873.8707032684806
198.94,3000.1674600056863
196.56,3133.197662845007
194.18,3273.69001807294
191.795,3422.473624080672
189.41,3579.8142216675924
187.03,3745.9507254097243
184.65,3921.847073309947
182.265,4108.60315616649
179.88,4306.620466127134
177.5,4516.270905317752
175.12,4738.849031657156
172.735,4975.836561530506
170.35,5227.842164838237
167.97,5495.4438393617875
165.59,5780.409407970942
163.20499999999998,6084.769081492394
160.82,6409.452200987348
158.44,6755.3604202486
156.06,7124.952821561278
153.675,7521.063892302228
151.29000000000002,7945.127585308211
148.91,8398.56203932007
146.53,8884.858838438297
144.14499999999998,9408.059037303477
141.76,9970.406074059343
139.38,10574.158103665884
137.0,11224.387845610103
134.61499999999998,11926.993178863242
132.23000000000002,12685.545370577176
129.85,13503.699645042516
127.47,14389.018704767099
125.085,15350.34106462277
122.7,16393.473067371444
120.32,17524.45501373833
117.935,18757.59375630575
115.55,20101.388916721175
113.17,21564.791060164476
110.79,23164.16534494304
108.405,24918.84981626288
106.02,26843.338872882658
103.64,28953.151324833696
101.26,31275.014707882783
98.875,33840.760476935524
96.49,36675.9828763129
94.11,39808.56706484632
91.73,43284.09941532063
89.34500000000001,47157.38407701129
86.96000000000001,51475.55472724752
84.58,56290.94128057073
82.19999999999999,61685.38179777714
79.815,67758.3980334255
77.42999999999999,74601.3452488401
75.05000000000001,82317.80445848979
72.67,91064.01600206849
70.285,101032.72337814681
67.9,112412.54899979958
65.52,125422.60458841713
63.14,140384.5670866713
60.755,157702.6302750021
58.370000000000005,177798.62053020825
55.99,201177.001629986
53.61000000000001,228566.2841286319
51.225,260904.46909201748
48.84,299238.27554682706
46.46,344866.1422141917
44.07999999999999,399657.6575179993
41.69499999999999,466103.17363384354
39.31,547194.7287249957
36.93000000000001,646831.0551673239
34.55,770718.6245233257
32.165,926853.8872676771
29.78,1125745.5007267422
27.4,1382122.0810576817
25.02,1718634.7227736718
22.635,2169842.767008591
20.25,2787400.7951111835
17.87,3653573.1792108556
15.49,4911717.918354406
13.105,6823586.037154454
10.72,9894971.60041374
8.34,15237378.973508745
498.215,97.54020335757993
491.525,102.72156757701983
484.84,108.24737112233407
478.155,114.14984717086661
471.465,120.46511731184405
464.775,127.22329621003726
458.09,134.4565935870438
451.405,142.21142565216698
444.715,150.5400316499276
438.03,159.48054642933062
431.345,169.09486634115396
424.655,179.45290323568895
417.965,190.61649486005115
411.28,202.65266580799369
404.595,215.65421829550596
397.905,229.72653677221652
391.215,244.96591583395875
384.53,261.4776169594976
377.845,279.40459143602317
371.155,298.91017652923597
364.465,320.148440578707
357.78,343.2893787898929
351.095,368.5600416151161
344.405,396.2217190626311
337.715,426.5286971767133
331.03,459.7644814218843
324.345,496.3025550387142
317.65500000000003,536.5763294575565
310.965,581.0208690963577
304.28,630.1269542461905
297.595,684.5343112697408
290.905,744.9926841376381
284.215,812.2784096010463
277.53,887.2790862364403
270.845,971.1435473406669
264.15500000000003,1065.234209863738
257.465,1171.0070799669206
250.78,1290.1530644067752
244.095,1424.8541842641569
237.405,1577.735557588753
230.715,1751.6960809424022
224.03,1950.1653776047904
217.345,2177.577320410973
210.655,2439.3617282993964
203.965,2741.7276619267413
197.28,3092.188239047451
190.59500000000003,3500.532777542926
183.905,3979.021626957248
177.215,4542.224503711433
170.53,5208.273617849522
163.84500000000003,6001.166034367858
157.155,6951.845954271206
150.465,8098.753831203719
143.78000000000003,9491.4985883295
137.09500000000003,11197.489543564066
130.405,13307.139117173008
123.715,15939.017142732922
117.03,19253.84931871319
110.345,23479.51662680462
103.655,28939.215823964205
96.965,36088.23088371564
90.28,45589.08090445713
83.595,58448.67840187518
76.905,76222.64503935122
70.215,101345.51940060387
63.53,137784.69748588416
56.845,192356.07912740152
50.155,277285.1140829485
43.465,415577.00863305153
36.78,653855.3421281299
30.094999999999995,1096536.9715719593
23.405,2008992.1591202216
16.715,4202978.853480172
10.03,11132044.713708254
3.345,57748985.34663114
115.445,20163.277601098933
113.655,21256.01557796163
111.865,22423.976585091525
110.075,23673.477491699716
108.285,25011.4645385082
106.495,26445.586248418967
104.705,27984.2760088459
102.915,29636.845777272938
101.125,31413.592605737773
99.335,33325.91996973052
97.545,35386.4762318763
95.755,37609.31298230746
93.965,40010.06649007479
92.175,42606.16609088922
90.385,45417.07404772551
88.59500000000001,48464.56227947556
86.80499999999999,51773.032392748064
85.015,55369.88671548311
83.225,59285.95957162069
81.435,63556.01992100231
79.645,68219.35880345751
77.855,73320.47787950117
76.065,78909.89889160926
74.275,85045.1182588654
72.49,91771.97249192245
70.70499999999998,99181.2134461716
68.915,107382.2300616167
67.12499999999999,116454.22547475889
65.33500000000001,126511.39286891145
63.54499999999999,137685.91764908092
61.755,150131.31918388556
59.965,164026.51379031726
58.175,179580.77788119123
56.385,197039.84077807295
54.595,216693.40346349182
52.805,238884.46833846252
51.015,264020.98405417096
49.225,292590.47030931275
47.435,325178.50677385175
45.645,362492.27209176536
43.855,405390.73850297905
42.065,454923.71734081814
40.275,512382.7892055056
38.485,579368.3600764646
36.695,657878.8471704322
34.905,750430.6095589426
33.115,860221.1701320283
31.325,991354.300988267
29.535,1149154.9611300898
27.745,1340617.1140808256
25.955,1575052.0561198667
24.165,1865046.239032977
22.375,2227909.233958577
20.585,2687921.0666114124
18.795,3279928.2872994835
17.005,4055307.9411221794
15.215,5092289.471643545
13.425,6514766.727903916
11.635,8528851.461685134
9.845,11499936.213308841
8.055,16133623.646950167
6.265,23968923.245877683
4.475,39059509.14043122
2.685,76391121.76613456
0.895,271359488.18571734
659.9150000000001,33.04896652125684
655.03,34.01282313035456
646.895,35.6972641296031
638.76,37.48729172502914
630.62,39.39215610437368
622.4849999999999,41.418289405001275
614.3499999999999,43.57639352318399
606.21,45.878380179110955
598.075,48.332857886639005
589.94,50.953711604216565
581.8,53.75644130595199
573.6600000000001,56.754575369802815
565.5250000000001,59.962653557598756
557.3900000000001,63.4006669753969
549.25,67.09102893451706
541.115,71.05135620742271
532.98,75.30829805665209
524.8399999999999,79.89184107610076
516.6999999999999,84.82951074217014
508.565,90.1512594449386
500.43,95.89701117843298
492.29,102.11193341587176
484.155,108.83436144422859
476.02,116.11929717229846
467.88,124.02925114402863
459.745,132.61895402396084
451.61,141.96543181933512
443.47,152.156671815543
435.33,163.27921016797688
427.195,175.42927472250832
419.06,188.73103461434476
410.92,203.32742926094807
402.785,219.35258487467723
394.65,236.98843499547704
386.5100000000001,256.4458126602997
378.37,277.9421803887057
370.235,301.7240857242023
362.1,328.105562869796
353.96,357.4542869920104
345.825,390.1389056276872
337.69000000000005,426.64728816774004
329.55,467.5558015197463
321.415,513.4588205809374
313.28000000000003,565.1379484521559
305.14,623.5262009973005
297.00000000000006,689.656665688105
288.86500000000007,764.7459148341773
280.73,850.3432421443094
272.59,948.3289567364764
264.455,1060.776922742832
256.32,1190.405966249028
248.18,1340.5658653832686
240.04,1515.1817453067201
231.905,1719.0605117508412
223.77,1958.4385287346806
215.63,2241.192899272215
207.495,2576.686588285183
199.36,2977.4301419273725
191.22,3459.602223753897
183.085,4043.1629457049016
174.95,4755.267260598953
166.81,5632.083423376789
158.67,6720.928501730324
150.53499999999997,8085.575329737112
142.4,9815.46483873134
134.26,12036.23191299971
126.125,14921.555961417525
117.99,18727.953990336136
109.85,23836.64738616412
101.71,30818.588345192467
93.575,40558.41290425458
85.44,54488.19875948963
77.30000000000001,74998.74318061124
69.165,106186.91790163089
61.03,155573.50893653498
52.89,237767.59200956754
44.755,383063.1242931167
36.62,661455.1777556369
28.48,1257391.640191417
20.34,2760209.6074766642
12.205,7805543.490483622
4.069999999999999,44496088.518673316
78.795,70584.14786397129
75.705,80097.96640147435
72.615,91279.60567586914
69.525,104494.89865640929
66.43499999999999,120207.52395947551
63.345,139010.34616264576
60.255,161668.62438706373
57.165,189180.3541344878
54.075,222861.72582791568
50.985,264470.0286052268
47.895,316383.42477158253
44.805,381868.8927398166
41.715,465490.0360780671
38.625,573742.578147463
35.535,716071.5418929558
32.445,906550.1980062163
29.355,1166752.2115123388
26.265,1530876.9028085836
23.175,2055371.862600248
20.085,2838165.8819318777
16.995,4060284.9625077164
13.905,6085828.472941845
10.815,9739725.5458206
7.725,17268173.83587056
4.635,37190955.049482256
1.545,147676899.7497779
762.58,18.863310220210003
747.79,20.354757224310728
731.355,22.189258926786085
714.92,24.235182526107334
698.485,26.522454926434282
682.0500000000001,29.086064297540904
665.6150000000001,31.9670624696006
649.18,35.21379632276044
632.745,38.88342780664443
616.3100000000001,43.04381976358085
599.8749999999999,47.77588804911698
583.4399999999999,53.17655166676736
567.005,59.362454746946355
550.57,66.47469143981566
534.135,74.68484322558601
517.7,84.2027465447532
501.2650000000001,95.28655982313964
484.83,108.25591181638701
468.395,123.50921594241987
451.96,141.54667053195473
435.525,163.00109791514618
419.09,188.6797070954209
402.655,219.621254518801
386.22,257.1751792777976
369.785,303.11251578854893
353.35,359.7834210215989
336.915,430.3441448592464
320.48,519.0891997291246
304.045,631.9458304761292
287.61,777.2239233295463
271.17500000000007,966.7768435563896
254.74,1217.8395077736636
238.305,1556.0128983149418
221.87,2020.2482327863102
205.435,2671.4381958104877
189.0,3607.7671240968225
172.565,4993.289021243217
156.13,7113.72633179663
139.69500000000002,10491.670551351057
123.26,16140.761427378178
106.825,26173.594726336658
90.39,45408.90356818904
73.95500000000001,86204.30518792963
57.52,185734.18355487974
41.085,485305.7655196114
24.65,1780103.37234507
8.215,15621527.07553151
791.09,16.35439421238015
771.555,18.024605690676154
752.025,19.913080815154604
732.4900000000001,22.056088129836322
712.955,24.49531320873629
693.425,27.280517933304683
673.895,30.47310937668282
654.36,34.147746504838786
634.8249999999999,38.39340210094751
615.295,43.31859471452753
595.7600000000001,49.06117088165786
576.225,55.7877726368717
556.6949999999999,63.70568115328944
537.1600000000001,73.08229865490974
517.625,84.24955261592227
498.095,97.63022639205374
478.56,113.78097591810636
459.025,133.41452701874036
439.495,157.46563624677339
419.965,187.19030233444482
400.43,224.28407548783298
380.895,271.04088332589475
361.36500000000007,330.6287439113325
341.83000000000004,407.55778247378043
322.295,508.2292298662772
302.765,641.9689941531136
283.23,822.8171622959079
263.695,1072.114306768547
244.165,1423.3548979886996
224.63,1931.2396895508825
205.095,2687.493327219979
185.565,3853.0250642221927
166.03,5726.357499567461
146.49499999999998,8892.269644589529
126.965,14586.13253106489
107.435,25679.98802712721
87.9,49716.70697166799
68.36500000000001,110072.0458159537
48.835,299325.85898517095
29.3,1172197.9161010257
9.765,11664266.601297861
313.29,565.0705254357877
311.3,578.6882441322521
308.45500000000004,598.8775429784286
305.61000000000007,619.9553413961181
302.77,641.92945596148
299.925,664.9275106546513
297.08,688.9651633825986
294.24,714.054172616499
291.4,740.296132808107
288.555,767.80469435081
285.71000000000004,796.6034620761826
282.86999999999995,826.7115180626968
280.025,858.3130011986078
277.18,891.4396496174561
274.34000000000003,926.1181643211767
271.49999999999994,962.5002745549674
268.655,1000.756334474546
265.81,1040.9329969803105
262.97,1083.0711456559795
260.125,1127.4442909418308
257.28,1174.1144742874963
254.44,1223.1374077886219
251.60000000000005,1274.747172195012
248.755,1329.20763889489
245.91000000000005,1386.609374418218
243.07,1447.0359254553443
240.225,1510.907464579995
237.38,1578.3443612565668
234.54,1649.4595775089424
231.695,1724.764118456092
228.85,1804.4182905952132
226.01,1888.574847282081
223.17,1977.6986048839008
220.325,2072.317011536502
217.48,2172.666154556248
214.64,2278.9751074945675
211.795,2392.076113085844
208.95,2512.2865042476083
206.11,2639.918007908638
203.27,2775.764966614776
200.425,2920.733720147235
197.58,3075.2992693984243
194.74,3239.9353934671335
191.895,3416.0674526843604
189.05,3604.343648573191
186.21,3805.4175344718456
183.37,4020.7242455797436
180.525,4251.911962155562
177.68,4499.974725360916
174.84,4765.928757662308
171.995,5052.367876475049
169.15,5360.677874437863
166.31,5692.289935880999
163.47,6049.976501424141
160.62500000000003,6436.947020504932
157.78,6855.39825371834
154.94,7307.629728655177
152.09499999999997,7798.725695253062
149.25,8331.837912488012
146.41,8910.299556511982
143.57,9539.924872883743
140.725,10227.512616594711
137.88,10978.284697645953
135.04,11797.84187942484
132.195,12697.120175174536
129.35,13683.903691935744
126.51,14766.634156270227
123.665,15961.031794330836
120.82,17278.93634328431
117.98,18733.33867249718
115.14,20344.408336454682
112.295,22136.21202703716
109.45,24130.222346452847
106.61,26350.40096202696
103.765,28837.27860879539
100.92000000000002,31625.500962560232
98.08,34754.27486192496
95.24,38281.07119386711
92.395,42275.927615895416
89.55,46807.809098722995
86.71000000000001,51956.42396791095
83.865,57847.0401868599
81.02000000000001,64600.62765395136
78.17999999999999,72359.5817666056
75.33999999999999,81325.56468358991
72.495,91752.21383539164
69.64999999999999,103915.32866642771
66.81,118149.12599346865
63.965,134955.90345596554
61.12,154884.57437154144
58.28,178618.3728790658
55.440000000000005,207121.74900049405
52.595000000000006,241672.32122731765
49.75,283822.9339480848
46.91,335597.5475002335
44.065,400036.6570978693
41.22,480970.8432363233
38.38,583633.7333150221
35.535,716071.5418929558
32.69,889248.0373252147
29.85,1119169.4474943653
27.01,1431050.4290651584
24.165,1865046.239032977
21.32,2485338.2395604406
18.48,3401283.600139282
15.635,4819928.493162135
12.79,7147188.5847343
9.95,11289097.235268023
7.11,19710161.447793145
4.265,41740860.83874178
1.42,162601953.50698718
329.9,465.6984472710975
321.49499999999995,512.9806312637639
311.605,576.5746864176217
301.71000000000004,650.380104740108
291.81500000000005,736.3871214091723
281.92499999999995,837.0444189191958
272.035,955.5117785425841
262.14,1095.7873323247682
252.245,1262.7905049552803
242.355,1462.7651454680492
232.465,1703.9658119910398
222.575,1997.0327100746379
212.68,2356.155964492162
202.785,2799.8311546376895
192.895,3352.823528688869
183.005,4049.4896733467376
173.11499999999998,4937.100341503697
163.21999999999997,6082.793015210123
153.325,7581.490429096875
143.435,9571.21944561113
133.545,12260.077049759475
123.655,15965.43929358633
113.76,21189.89817268153
103.865,28744.99867621737
93.975,39996.12897202741
84.085,57362.55362358682
74.19000000000001,85351.1073887156
64.29499999999999,132858.5322312661
54.405,218921.95014117984
44.515,388861.68198327144
34.625,766374.7633673868
24.73,1766575.4249904675
14.835,5356653.72116769
4.944999999999999,33939951.31844082
177.915,4478.809726861723
174.72,4777.593616335246
170.96,5161.896235347793
167.20000000000002,5585.674712270646
163.445,6053.248166395821
159.69,6570.850934107168
155.93,7145.8609097049475
152.17,7785.2583647799975
148.41500000000002,8496.90487243019
144.66000000000005,9291.884807988181
140.9,10183.462398620342
137.14,11184.776411727045
133.38499999999996,12310.880195117734
129.63,13582.62102635593
125.87,15025.288063260698
122.115,16662.781763795985
118.36,18530.07661455465
114.6,20670.12718618941
110.84,23129.065132250576
107.085,25961.763851688454
103.33,29243.044066344188
99.57,33066.692900530965
95.81,37538.44844369233
92.055,42787.66017495181
88.29999999999998,48991.15833785722
84.54,56376.5980536986
80.77999999999999,65214.58187765036
77.02499999999999,75848.19129769309
73.27,88753.18003426307
69.50999999999999,104564.7198401349
65.75,124085.35865927643
61.995,148382.71384694695
58.24,178984.23540213786
54.48,218038.8239817978
50.725,268402.4208621538
46.97,334385.6453251075
43.21,422412.88635160273
39.45,541962.0634820585
35.69500000000001,707665.9639798158
31.940000000000005,943591.7400937376
28.18,1290537.1352873794
24.42,1819748.514286025
20.665000000000003,2664852.003448862
16.91,4102917.070729693
13.15,6778982.182535947
9.39,12479842.680799156
5.635000000000001,28087199.281683285
1.88,117576318.59764318
323.58,500.7118853284623
309.20000000000005,593.5067046728171
294.82,708.8386952563371
280.44,853.6103311879266
266.05999999999995,1037.3226342781036
251.68,1273.2565059096144
237.295,1580.4164926989297
222.91,1986.1181893577962
208.53,2530.6674414123136
194.15,3275.5106884179963
179.76999999999998,4316.038324614727
165.39,5805.189479503054
151.01000000000002,7996.855208384909
136.625,11331.358585543916
122.23999999999998,16604.77435779521
107.86,25342.9640191221
93.48,40693.409546598305
79.10000000000001,69723.93834058975
64.72,130217.41468223426
50.335,274440.48516023974
35.95,694527.3474870846
21.57,2420979.4670526274
7.19,19365344.173613995
675.2249999999999,30.24134017038675
653.7900000000001,34.2630591640168
632.355,38.97617632593392
610.92,44.52837334144727
589.48,51.107154520780156
568.0450000000001,58.94518194838701
546.61,68.3452856243452
525.175,79.69643549965365
503.74000000000007,93.50545626143725
482.305,110.43966932142015
460.87,131.3877074231846
439.43,157.5543579394801
417.995,190.56452547958065
396.56,232.6930201048114
375.12500000000006,287.1372289528098
353.69,358.48288250992624
332.255,453.43804350766965
310.82,582.0341580194763
289.38,759.6980006494294
267.945,1010.5985788181407
246.51,1374.2494666763523
225.075,1917.3513369441416
203.64,2757.5790079502935
182.205,4113.44331686721
160.77,6416.488120424999
139.33,10587.32593416407
117.895,18779.186865138352
96.46,36713.5056150535
75.025,82404.05260574793
53.59,228815.74888301027
32.155,927589.7033336649
10.72,9894971.60041374
508.47,90.21583521584357
502.555,94.35298574263861
495.985,99.23023630350298
489.415,104.42678502783238
482.845,109.96805145780786
476.275,115.88184808454383
469.705,122.19864133565386
463.14,128.9465305962406
456.575,136.16677249456328
450.005,143.90570863189993
443.435,152.20243240513173
436.865,161.1058989904114
430.295,170.67015138987472
423.725,180.95493393107768
417.155,192.02639027628237
410.585,203.95785907938108
404.015,216.83078271071435
397.445,230.73574719209486
390.875,245.7736747392588
384.305,262.0571942115837
377.73500000000007,279.71221946128884
371.165,298.8797712325846
364.595,319.7180851045551
358.03000000000003,342.3870385508226
351.46500000000003,367.10176412585184
344.895,394.10940803486784
338.325,423.64780672820547
331.755,456.0070332787273
325.185,491.5167147561431
318.615,530.5523202926593
312.045,573.5425968485575
305.475,620.9783903164738
298.905,673.4231448891851
292.33500000000004,731.525443240917
285.765,796.0340381559618
279.195,867.8159382037609
272.625,947.8782530860058
266.05500000000006,1037.3946879280795
259.49,1137.6569402573678
252.925,1250.336510719165
246.355,1377.4291980596527
239.785,1521.0981412052618
233.215,1684.008425887165
226.645,1869.33905621128
220.075,2080.8994837497617
213.505,2323.2767469777395
206.935,2602.022429803482
200.365,2923.8917920160247
193.795,3297.151778024936
187.225,3731.9806944551665
180.655,4240.990933511068
174.08499999999998,4839.918362999964
167.515,5548.5396573894495
160.945,6391.9045984423765
154.38000000000002,7401.166542572882
147.815,8618.048927316913
141.245,10097.314023681965
134.67499999999998,11908.65311225303
128.105,14145.87288093712
121.535,16935.2815092275
114.965,20449.256485953218
108.395,24926.551277805218
101.825,30703.28802111953
95.255,38261.293678337155
88.685,48305.321025547746
82.115,61889.78648544518
75.545,80633.205883872
68.97500000000001,107093.81877054888
62.405,145454.39349743322
55.835,202830.3268547753
49.27,291825.6816064076
42.705,436376.2269083195
36.135,685189.2059159438
29.565,1146255.212824377
22.995,2092640.0944554962
16.424999999999997,4357842.4991297815
9.855,11479621.696488589
3.285,59122336.32612649
863.675,11.61832363409847
850.87,12.31498751135893
835.81,13.202533855284326
820.7500000000001,14.171501944604614
805.69,15.231022370696303
790.63,16.391442984386945
775.575,17.66407516046273
760.5200000000001,19.062656403951667
745.46,20.602982704777947
730.4,22.30208960120304
715.34,24.18003069960419
700.28,26.259877854893293
685.2199999999999,28.56825172498179
670.1600000000001,31.1359595973253
655.1,33.998765139330246
640.04,37.19832110231325
624.9800000000001,40.783304229981354
609.9200000000001,44.810802278431034
594.8599999999999,49.348016946321415
579.8,54.474364733077174
564.74,60.28408178901629
549.68,66.88947076815174
534.62,74.42497043337329
519.5600000000001,83.05228635843031
504.5,92.96689928212915
489.44,104.40637473727057
474.38,117.66104539871058
459.32,133.08784352651887
444.26,151.1283505042629
429.2000000000001,172.33254192474934
414.14,197.39029748361534
399.08,227.17360298598092
384.02,262.79363311710955
368.96,305.6787819766269
353.9,357.68254454175377
338.84000000000003,421.2344987261727
323.78,499.5544061758443
308.72,596.9601733737128
293.66,719.3177242128818
278.6,874.7093486081114
263.545,1074.369825057737
248.49,1334.4272863128947
233.43,1678.3412926600322
218.37,2140.633212703772
203.31,2773.7916983792747
188.25,3659.6108238136653
173.19,4929.49967390722
158.13,6802.118726667858
143.07,9656.476484403014
128.01000000000002,14181.919915427114
112.95,21706.706347840536
97.89,34977.160897336624
82.83,60196.49705978782
67.77,113078.05094517925
52.71,240140.58635685814
37.650000000000006,614418.469373612
22.59,2179751.0827165134
7.53,17992933.54661677
799.8499999999999,15.668423491365798
779.6050000000001,17.311650859550916
759.355,19.17655965155311
739.1049999999999,21.299509432155077
718.855,23.724558871724145
698.6049999999999,26.504798940470888
678.355,29.70453263642689
658.1049999999999,33.40206480308748
637.855,37.693297827230985
617.6049999999999,42.69640040318008
597.3550000000001,48.55791731539418
577.105,55.46083187734177
556.8550000000001,63.63529980073073
536.605,73.37307536158775
516.3549999999999,85.04709679721161
496.105,99.1383653002735
475.86,116.26859544337442
455.615,137.26453795826382
435.365,163.22924892534746
415.115,195.63543892241339
394.865,236.49999593467936
374.615,288.6167588914449
354.365,355.91830280528774
334.115,444.0388411968245
313.865,561.210561010922
293.615,719.7281282417873
273.36499999999995,938.4114864776399
253.115,1246.8842041261105
232.865,1693.2852834153728
212.615,2358.7711105292724
192.365,3386.1586036888407
172.115,5039.857839538625
151.87,7839.303021945709
131.625,12887.499088004535
111.375,22757.63221714088
91.125,44227.63674213869
70.875,98443.92714193232
50.625,269934.5195857552
30.375,1071383.4355143588
10.125,10949454.350125177
215.36,2251.4189332154533
208.52,2531.1071295750885
201.685,2855.3890816685093
194.85,3233.35626431582
188.01,3676.3974081790298
181.175,4197.656210777941
174.34,4814.768789174541
167.49999999999997,5550.300975005779
160.665,6431.295041920247
153.82999999999998,7494.496200790633
146.99,8788.17441824898
140.155,10372.65429201405
133.32,12331.594252919514
126.47999999999998,14778.633401316634
119.645,17862.87913161259
112.81,21797.62559703802
105.97,26885.64243432742
99.135,33548.548422381595
92.3,42418.135324920935
85.46000000000001,54447.143182228465
78.61999999999999,71083.73031992359
71.785,94612.29947236936
64.95,128815.63620587226
58.11,180179.827272537
51.275,260169.29605219958
44.44,390696.4829941215
37.6,616601.692762154
30.765,1037564.7752653597
23.93,1908089.2551440215
17.09,4013326.6720836204
10.255,10706252.649313053
3.42,56103144.39327913
392.8,241.24383869887907
387.6,253.7274221294637
382.4,267.02922295582346
377.195,281.228550476483
371.99,296.38459815587413
366.79,312.55971585333697
361.59,329.8537728939882
356.38499999999993,348.3793899676864
351.18,368.2243920106687
345.98,389.4820260033809
340.77500000000003,412.31922815602314
335.57000000000005,436.85556380966216
330.37,463.2187739968775
325.17,491.60166889974204
319.965,522.2234054048648
314.76,555.2678041049533
309.56,590.932985506003
304.36,629.5092562385271
299.155,671.3283840381988
293.95,716.6799059871154
288.75,765.8788423966962
283.54999999999995,819.3747536503813
278.345,877.6846231120344
273.14,941.2773351577921
267.94,1010.6683185947896
262.735,1086.6526979117873
257.53,1169.9177348884245
252.33,1261.2252978570227
247.13,1361.6219723007982
241.925,1472.3277041048602
236.72,1594.523579225778
231.52,1729.5352143296834
226.32,1879.1533725742954
221.115,2045.4858229855224
215.91,2230.6494140077657
210.71,2437.0537044696357
205.505,2668.1476345367105
200.3,2927.3178585660125
195.1,3218.4657438513805
189.9,3546.761557447885
184.695,3918.4265992310143
179.48999999999998,4340.127595909001
174.29,4819.687166667111
169.09000000000003,5367.429904187959
163.885,5995.988717617568
158.67999999999998,6719.43645001169
153.48000000000002,7554.655424436664
148.28,8523.975481204598
143.07500000000002,9655.302171851547
137.87,10981.043160963562
132.67000000000002,12541.15444589379
127.465,14390.95391957594
122.26,16595.516658529094
117.06,19237.137125980647
111.86,22427.350165531243
106.655,26313.271444416452
101.45,31081.274772604684
96.25,36977.517124642756
91.05,44346.39427985522
85.845,53664.335834087186
80.63999999999999,65576.10613904464
75.44000000000001,80986.89971830016
70.23499999999999,101256.0250471983
65.03,128332.51445852485
59.83,165138.92134088455
54.63,216286.0066850855
49.425,289210.6602528837
44.22,396142.15257182624
39.02,558239.4387817277
33.82,814682.9786263248
28.615,1242832.4590739736
23.41,2007999.0259955586
18.21,3510033.853605586
13.010000000000002,6919058.797200727
7.805000000000001,16982906.196433634
2.6,79507206.96345237
999.225,6.57413130421882
981.86,7.040796522850556
964.48,7.550074878101309
947.105,8.106078573699893
929.73,8.714221386063178
912.35,9.380683090550304
894.97,10.112096975180847
877.59,10.916209784984709
860.2149999999999,11.801600543218866
842.84,12.778609097206731
825.4599999999999,13.859178555370281
808.08,15.056424720205543
790.6999999999999,16.38579836472714
773.325,17.86474193810904
755.95,19.514382764127905
738.5699999999999,21.359481062968374
721.19,23.427910465245414
703.8100000000001,25.75291146606799
686.43,28.373642967020956
669.055,31.335511318970756
651.6800000000001,34.69417747730219
634.3,38.51635462838353
616.9200000000001,42.87973195439141
599.54,47.87893622404839
582.1650000000001,53.626699257411836
564.79,60.26354452122569
547.41,67.9621353084609
530.03,76.93045788351098
512.6500000000001,87.42834586667472
495.275,99.77598972990543
477.9,114.3828666042209
460.52,131.76922469994014
443.14,152.5888132856286
425.7600000000001,177.68843768295588
408.385,208.1592940154716
391.01,245.45254890627382
373.63,291.50136433067365
356.24999999999994,348.8769645954242
338.87,421.0944481626704
321.49499999999995,512.9806312637639
304.12,631.3646256330012
286.74,786.0236753458022
269.36000000000007,991.1017239671249
251.98,1267.6858864584435
234.6,1647.9161808274969
217.225,2181.954463669263
199.85,2951.1750361792842
182.47,4092.119612900638
165.09,5842.609381324666
147.71,8639.470909916408
130.335,13331.732185748435
112.96,21700.230313358945
95.58,37835.90994091366
78.19999999999999,72300.96769528884
60.82,157196.0890782831
43.445,416108.06978732836
26.07,1558475.3801769717
8.69,14230385.97703552
805.6399999999999,15.234701994958815
792.5400000000001,16.238293036155223
779.4399999999999,17.325906631712954
766.34,18.50612785824797
753.2399999999999,19.788582893831524
740.14,21.18408584904705
727.04,22.704809312563068
713.94,24.364482944601725
700.8399999999999,26.17862533891288
687.74,28.16481546301506
674.6399999999999,30.34301132828929
661.54,32.735925200756945
648.4399999999999,35.36946672302629
635.34,38.27326788477161
622.2399999999999,41.481306991378325
609.14,45.03265281759092
596.0399999999998,48.972355229665474
582.94,53.35251502357067
569.8399999999999,58.23357396472056
556.74,63.68587656624135
543.6399999999999,69.79156872865633
530.54,76.6469159526104
517.4399999999999,84.36514673766987
504.34,93.07995677756519
491.24,102.94984910047118
478.14,114.16353775888906
465.04,126.94671274741908
451.94,141.57055811277013
438.84,158.36254305039574
425.74,177.72018047926636
412.64,200.12868835175615
399.54,226.18382373805883
386.44,256.621629632937
373.34,292.3575006068572
360.24,334.5379278688399
347.14,384.60966721394055
334.04,444.4131011546853
320.94,516.3095782715293
307.84,603.3570474198544
294.74,709.5552327709963
281.64500000000004,840.1369952925907
268.55,1002.2043008838075
255.45,1205.415013631318
242.35,1462.8758909118558
229.25,1792.9451587402102
216.15,2221.661480455273
203.05,2786.649387409286
189.95,3543.410343573047
176.85,4575.73648424145
163.75,6013.484601389302
150.65,8063.983151266269
137.55,11069.773993493038
124.45,15619.747410842261
111.35,22774.821696115498
98.25,34556.35803341721
85.15,55087.8935592035
72.05,93531.87339172348
58.95,172627.89654388864
45.85,357953.44792670256
32.75,885075.1566676021
19.65,2977915.239210075
6.550000000000001,22393872.516980283
617.41,42.74848974156945
608.245,45.28890643568221
591.58,50.411319602109415
574.9150000000001,56.278944556302754
558.2499999999999,63.02576214531499
541.585,70.8147210158612
524.9200000000001,79.84512266844541
508.25999999999993,90.35878698120717
491.595,102.6655952617883
474.93,117.14115927653792
458.265,134.26078241818496
441.6,154.62588254393177
424.935,179.0037344422779
408.27,208.3818768095011
391.61,244.03165350647964
374.945,287.6583308060301
358.28,341.4876618755644
341.615,408.5225239638313
324.95,492.8497749556395
308.29,600.0752676913819
291.625,738.1735777453575
274.96,918.4055285873043
258.295,1157.1917136259199
241.63,1478.9333098826185
224.965,1920.7727581114007
208.3,2540.8044912635473
191.64,3432.432921487674
174.975,4752.848356305726
158.31,6774.919611465679
141.645,9998.570788310377
124.98,15394.484667505836
108.32,24984.407418347735
91.655,43399.686710104885
74.99,82524.99081284557
58.325,178207.90292246712
41.66,467178.629513407
24.995,1722700.9181343783
8.33,15267614.51971723
55.73,203960.06005949655
54.720000000000006,215242.84086225563
53.46,230445.6687190978
52.205,246959.56090128422
50.95,264995.1331292887
49.69,284807.989585494
48.43,306528.973846533
47.17,330385.72040599975
45.915,356529.33380755427
44.66,385345.2144497821
43.4,417306.10294950916
42.13999999999999,452699.17204109114
40.88,491983.60635547043
39.625,535510.1978805305
38.370000000000005,584042.0363396385
37.11000000000001,638528.0417810547
35.85,699642.4429057857
34.595,768108.5560020237
33.34,845342.8288167089
32.08,933132.1677252512
30.82,1032905.9130132524
29.56,1146737.8528886817
28.305,1276591.9077602697
27.05,1425930.7338982963
25.79,1599234.7536413106
24.53,1800647.0926956078
23.27,2036048.7475869632
22.015,2311682.296938717
20.76,2637791.4484755765
19.5,3028185.2328354362
18.24,3497727.0366156534
16.98,4067765.6271558586
15.725,4764099.78023751
14.47,5628111.929999783
13.21,6720120.009683764
11.95,8118370.07388939
10.69,9944704.21962743
9.435,12377849.715129811
8.18,15731551.978656651
6.92,20565604.231389787
5.66,27904368.449041903
4.4,39985694.28474026
3.145,62540007.00842569
1.89,116844233.38481016
0.63,395595283.93777794
999.255,6.573359112801155
974.575,7.2488694901830995
949.9,8.013264623054198
925.225,8.881130377241785
900.555,9.869525253443353
875.885,10.999333018214656
851.21,12.295825119396204
826.535,13.789104246423738
801.865,15.515752072908597
777.19,17.521775946711607
752.5150000000001,19.862754296618224
727.8449999999999,22.60750177433922
703.175,25.84319948909634
678.5,29.679954421147976
653.825,34.25596454800023
629.155,39.7477308901593
604.4849999999999,46.385585089882326
579.81,54.47074540044232
555.135,64.39702538439205
530.4649999999999,76.68853126107803
505.79,92.06161638090894
481.115,111.48793414494915
456.445,136.31478407398455
431.775,168.45499829068766
407.1,210.66341667261273
382.425,266.9632131635413
357.755,343.37977626091265
333.085,449.21334317279576
308.41,599.2038984875021
283.735,817.3928253705398
259.065,1144.556854997771
234.39,1653.3259863047865
209.715,2479.2339989717507
185.045,3891.949916444045
160.375,6472.413081912189
135.7,11600.728758748446
111.025,22999.772400530986
86.355,52648.98529152395
61.685,150646.20942316137
37.01,643123.9847416617
12.335,7652349.53973661
446.77,147.91829130908
437.77,159.84150245799168
425.775,177.6646352373121
413.785,198.03413033616093
401.79,221.41945707063175
389.795,248.3616844443944
377.805,279.51640720609475
365.81,315.7306800786479
353.815,358.00622146071106
341.82,407.6025909642563
329.82500000000005,466.0956740037139
317.835,535.4403384445054
305.84,618.217218337762
293.845,717.6335789584684
281.855,837.8162265794587
269.86,984.325008872161
257.865,1164.323471791107
245.87,1387.4383019054696
233.875,1666.6872225295738
221.885,2019.7507813502837
209.89,2471.749554415847
197.895,3057.689861457534
185.905,3827.8373433253214
173.91,4857.273033457505
161.915,6257.758520169579
149.92,8202.282907395414
137.92499999999998,10965.882343217858
125.935,14998.761007946621
113.94,21077.15237590559
101.945,30583.550555342914
89.95500000000001,46126.68798920105
77.96000000000001,73008.29181600983
65.96499999999999,122851.50345129984
53.970000000000006,224134.01340511945
41.975,457611.4894659547
29.985,1106625.3196542382
17.99,3602045.81412424
5.995,25616330.879593104
473.155,118.82938059343262
462.485,129.6450595765726
448.255,146.05920938498622
434.025,165.15577392151323
419.795,187.4785187483808
405.565,213.7042961961837
391.335,244.6816171148665
377.105,281.48227060922983
362.875,325.47108710060337
348.645,378.4012175338545
334.415,442.5457364608078
320.18,520.9120813185407
305.94500000000005,617.425753353828
291.715,737.3266868326004
277.485,887.8126534696527
263.255,1078.747345896402
249.025,1323.9157421772181
234.795,1642.9125998441375
220.565,2064.1194532268128
206.335,2629.514763778996
192.105,3402.6632495081963
177.875,4482.403469778576
163.64499999999998,6027.1366986539915
149.41500000000002,8299.696239925723
135.185,11754.179456856857
120.955,17213.386177205895
106.725,26255.644643647756
92.495,42126.88067704257
78.265,72110.88326650525
64.03500000000001,134507.5446132121
49.805,282923.7430956589
35.575,713958.2870059304
21.345,2478802.9920589924
7.115,19688351.138338525
337.22,428.88449165729105
323.46,501.4079826467405
309.695,589.9714397536758
295.93,698.9894829488462
282.165,834.4049620825934
268.4,1004.277372174659
254.635,1219.6905023288389
240.87,1496.1226903869308
227.11,1855.408248759704
213.345,2329.608244481659
199.58,2965.606142015388
185.815,3834.4845828680745
172.05,5046.62929194497
158.29,6777.935005390924
144.525,9322.163750001992
130.76000000000002,13183.288037624336
116.995,19273.369871001385
103.23,29337.333267727412
89.465,46952.358967256085
75.7,80114.62496458204
61.940000000000005,148781.16195623533
48.175,311176.83005300176
34.41,778911.4272444813
20.645,2670595.0014511696
6.88,20752550.05442137
819.595,14.249430306672753
806.05,15.20456184553344
792.505,16.241083320961973
778.955,17.3678950112187
765.41,18.593680898644138
751.865,19.929548478884136
738.315,21.388139952412427
724.765,22.98265376709703
711.2199999999999,24.727903492194898
697.6750000000001,26.642018202818875
684.125,28.74580486023856
670.5799999999999,31.060528702579216
657.0350000000001,33.61302156841779
643.485,36.43430044610454
629.9350000000001,39.55791750206139
616.39,43.02225538247564
602.845,46.87431375898604
589.295,51.16902811018381
575.75,55.965247710457824
562.205,61.33688721888
548.655,67.37118305910055
535.11,74.16356550620434
521.565,81.83406142418353
508.015,90.52592213708301
494.465,100.40320038801882
480.92,111.6608929236757
467.375,124.54184947092409
453.8250000000001,139.3411252101302
440.28,156.39906739341234
426.735,176.1495351128102
413.185,199.12827886319658
399.635,225.98008495629247
386.09,257.50297857892286
372.545,294.7206704226087
358.99499999999995,338.93169868603985
345.45,391.73386943074905
331.90500000000003,455.2344297849364
318.355,532.1754364300226
304.81,626.0487774875352
291.265,741.5733296951979
277.71500000000003,885.0897404875885
264.165,1065.085256692283
250.62,1293.1861923232723
237.075,1585.7954775991411
223.525,1966.274593618452
209.98,2467.911416601393
196.435,3140.386521815711
182.885,4059.003007851367
169.335,5339.925916552126
155.79000000000002,7168.463263141854
142.245,9852.711451971449
128.695,13924.552284133402
115.15,20338.43737867735
101.605,30924.336951160178
88.05499999999999,49433.967462158835
74.50999999999999,84206.29104217768
60.965,156073.47342244702
47.415,325567.86845915794
33.865,811881.8187487173
20.32,2766222.086065034
6.775,21255205.18158909
151.49,7908.435517602842
141.04500000000002,10147.143452004266
130.59500000000003,13240.6722806516
120.145,17611.417831241055
109.7,23946.21070041128
99.255,33414.74842384623
88.80499999999999,48094.019027283306
78.355,71848.72422938317
67.91,112361.56078648817
57.465,186262.88823821067
47.015,333480.3477553496
36.565,664093.5445717253
26.12,1551338.1967744427
15.674999999999995,4795009.013067606
5.225,31361248.611901984
373.62,291.5308340490962
361.75500000000005,329.28690386817095
349.89000000000004,373.3597785546542
338.03,425.0379761556218
326.17,485.9780151520575
314.31,558.2458943399115
302.45,644.4660510909694
290.59000000000003,748.0008062053067
278.73,873.1973958980074
266.87,1025.732113022223
255.01,1213.095913460806
243.15,1445.2891985326419
231.29,1735.8309302385398
219.425,2103.4228900105295
207.56000000000003,2573.7658466404173
195.7,3183.0769853984657
183.84,3984.059326156219
171.98000000000002,5053.934361921657
160.11999999999998,6508.840768084593
148.26,8527.995118127412
136.40000000000003,11396.153996339892
124.54,15581.205672295475
112.68,21882.478231358586
100.82,31729.52114900458
88.96000000000001,47822.800484285064
77.095,75630.82662126893
65.22999999999999,127134.64476916193
53.37,231582.66006122585
41.510000000000005,471823.5108930763
29.65,1138089.9903908202
17.79,3688464.481889669
5.930000000000001,26037920.726495605
847.915,12.483113491678058
830.785,13.516365513669491
813.655,14.658775498842493
796.525,15.924479693232508
779.4,17.3293647862472
762.2750000000001,18.892660154305545
745.145,20.63683081613766
728.0150000000001,22.58701906973932
710.885,24.773130392054636
693.755,27.23026000371989
676.625,29.999748226772315
659.4949999999999,33.1304835565483
642.3650000000001,36.68051977583709
625.235,40.71909351099908
608.105,45.32915551425395
590.975,50.6105652315328
573.8449999999999,56.684147540782654
556.715,63.69687816422481
539.585,71.82855775288941
522.455,81.30046509216717
505.3250000000001,92.38666364456473
488.195,105.42889716651837
471.065,120.85638634611043
453.935,139.21238585323516
436.805,161.19016761961043
419.675,187.68229971977266
402.545,219.84891179011322
385.415,259.2134365751723
368.285,307.7986871315055
351.155,368.32307279371946
334.02500000000003,444.4880004709518
316.89500000000004,541.4060918108564
299.765,666.2512597090541
282.635,829.2661052214269
265.51000000000005,1045.2862003869195
248.385,1336.5025378192554
231.255,1736.7914851668766
214.125,2298.9445724483962
196.995,3108.3403684914515
179.865,4307.903204435824
162.735,6147.09482576308
145.605,9083.343218137297
128.475,14006.568118483017
111.345,22778.261543898636
94.215,39663.447681803766
77.085,75661.83077644554
59.95499999999999,164108.59012370484
42.825,433005.8799886317
25.695,1613375.2804310292
8.565,14578917.253746642
529.7199999999999,77.10344780396629
520.345,82.5726426817713
510.9699999999999,88.53555173717496
501.595,95.04664341678897
492.22,102.16752859530918
482.845,109.96805145780786
473.47,118.5275714826692
464.095,127.936474462826
454.72,138.29795895598355
445.34,149.73656122310268
435.965,162.37573513415833
426.59,176.3773398012378
417.215,191.92150741194982
407.84,209.2167839449058
398.465,228.50536996779363
389.09,250.06947468252747
379.71,274.25270400489705
370.335,301.4166262504189
360.9599999999999,332.02943729405
351.585,366.63035911801666
342.21000000000004,405.85961429686046
332.835,450.4806442936497
323.46,501.4079826467405
314.085,559.7424290270058
304.71000000000004,626.815713050352
295.33,704.2919759375227
285.95500000000004,794.0708494864256
276.58000000000004,898.6289663014486
267.20500000000004,1020.9858673066419
257.83,1164.9063797596127
248.455,1335.118588746976
239.08,1537.6062698000817
229.7,1780.1467319854692
220.325,2072.317011536502
210.95,2427.0142361770745
201.575,2861.020428322611
192.2,3396.621061927003
182.825,4063.7701611428906
173.45,4903.263792807944
164.075,5971.472656241778
154.70000000000002,7347.5346935209745
145.32,9145.614056699254
135.945,11528.608521198536
126.57,14742.672247072056
117.195,19162.156745459753
107.82,25374.446707575924
98.445,34331.07265091961
89.07,47631.486158326596
79.69,68096.95759644207
70.31499999999998,100899.0394596902
60.94,156266.3059980744
51.565,255956.46396346466
42.19,451223.7958028375
32.815,880582.6908243266
23.44,2002053.5502887298
14.065,5951296.468743366
4.69,36580269.703847855
416.745,192.74501107435643
409.855,205.34011855753653
402.965,218.98125877167735
396.07499999999993,233.77445679473038
389.19,249.8263433149449
382.305,267.2802463511451
375.415,286.3001560256145
368.525,307.0428433686487
361.6350000000001,329.69905132567544
354.745,354.4846293055311
347.86,381.62374763052713
340.975,411.41126287965653
334.085,444.18849787123116
327.195,480.29699993475305
320.30499999999995,520.1515761451644
313.415,564.2285857726324
306.53000000000003,613.03928169404
299.64500000000004,667.2462346167184
292.755,727.6279741920213
285.865,795.0000253475799
278.975,870.3568193857608
272.08500000000004,954.8618951649972
265.2,1049.8084551029492
258.31499999999994,1156.8613353684086
251.425,1278.0156214714607
244.535,1415.4627935864803
237.645,1571.905959721932
230.755,1750.5865640447
223.87,1955.251362112041
216.985,2190.741816489143
210.095,2463.017971913071
203.205,2778.975274337575
196.31500000000003,3147.3072496793566
189.425,3578.7967016509624
182.54,4086.5100422222263
175.655,4687.6406383712665
168.765,5404.188918302044
161.875,6263.220269111065
154.985,7300.1777716205825
148.095,8561.247822774145
141.21,10106.012023179308
134.325,12016.137057942826
127.435,14402.572055766599
120.545,17413.434476365943
113.655,21256.01557796163
106.765,26222.78604949687
99.88,32728.588211385937
92.995,41391.45338820978
86.105,53143.66550695687
79.215,69403.01677414154
72.325,92427.01835178214
65.43499999999999,125921.38886563008
58.55,176173.28377564516
51.665,254523.74955547127
44.775,382584.8653344891
37.885000000000005,604287.8841480596
30.995,1018259.0948692622
24.105,1875915.6453293692
17.22,3950222.4246022366
10.335,10560293.305397194
3.4450000000000003,55571205.54069221
1037.35,5.677887337550549
1016.4,6.149995473086812
995.425,6.672865903288101
974.47,7.251924277393292
953.51,7.895343931712831
932.555,8.611553966928236
911.6,9.41085277737933
890.645,10.305081116569953
869.69,11.308096056333616
848.73,12.436458682587098
827.7750000000001,13.708823532067994
806.82,15.148158348781877
785.86,16.781877180950854
764.905,18.64144008784618
743.95,20.76587251947255
722.99,23.20239035684443
702.035,26.00628651617856
681.0799999999999,29.24685195961756
660.125,33.008302028572565
639.1700000000001,37.39442631203631
618.2099999999999,42.53529406770033
597.255,48.58927909704254
576.3000000000001,55.75981460731778
555.3399999999999,64.30564220642145
534.385,74.55074676539058
513.4300000000001,86.92017148871966
492.475,101.96518525322372
471.52,120.4114417376304
450.56,143.2310433401631
429.605,171.71533601944162
408.65,207.64751642272591
387.69,253.50458161919124
366.735,312.7366205365765
345.78,390.32987202379996
324.82,493.5891547667879
303.865,633.3434540929298
282.91,826.2776752872626
261.955,1098.647067984616
241.0,1493.1647551013523
220.04,2082.1045750664066
199.085,2992.2931998999775
178.13000000000002,4459.555003671226
157.17,6949.511392352888
136.21499999999995,11449.778070556873
115.26,20272.901519656134
94.305,39539.58732927981
73.35,88450.66131917608
52.39,244433.5067522737
31.43500000000001,982588.3098603907
10.48,10302671.468653087
292.385,731.060092192532
288.975,763.6642052968937
284.42,810.1063254624397
279.865,860.1347293161791
275.315,914.0255736666953
270.76500000000004,972.205854510073
266.215,1035.0920720819267
261.665,1103.148705680918
257.115,1176.8946388563709
252.56500000000003,1256.9105695449755
248.015,1343.8475759148876
243.465,1438.4370418321312
238.915,1541.502186174716
234.365,1653.9714893875805
229.815,1776.8943708458796
225.265,1911.4595444965137
220.71,2059.186413012881
216.155,2221.4747140031886
211.605,2399.8769074606967
207.055,2596.567178509592
202.505,2813.8439215915314
197.955,3054.3500029970014
193.405,3321.133104307921
188.855,3617.7182348492756
184.305,3948.1952049717233
179.755,4317.3245738088
175.205,4730.666515691908
170.655,5194.738255736842
166.105,5717.207298140314
161.555,6307.129734498421
157.0,6976.027330547085
152.445,7736.1265131263535
147.895,8601.772029618927
143.345,9592.153909885914
138.79500000000002,10729.514979397387
134.245,12040.875161323896
129.695,13559.243368173517
125.145,15325.187318149821
120.595,17388.88298969696
116.045,19812.812674721637
111.495,22675.348634229973
106.945,26075.558524673306
102.395,30139.715133216683
97.845,35030.21197609382
93.29,40965.097664746434
88.735,48217.137269730556
84.185,57144.016234286166
79.63499999999999,68246.59657592453
75.085,82197.24747016151
70.535,99925.45350571541
65.985,122737.51234304628
61.435,152503.3469482184
56.885,191955.458626226
52.335,245181.07642195304
47.785,318458.970593633
43.235,421736.4368047762
38.685,571352.7689869165
34.135,795330.1402290729
29.58,1144808.8526891521
25.025,1717822.9697787995
20.475,2720067.9428622536
15.925000000000002,4643075.112859246
11.375,8889292.969707772
6.825,21013661.066699274
2.275,93638078.16186692
276.25500000000005,902.5534585516505
269.23,992.8732188895946
261.43,1106.813515145926
253.625,1237.676254083869
245.82,1388.475332985174
238.015,1562.9713421747153
230.21000000000004,1765.779670541578
222.41,2002.4360939395294
214.605,2280.325366697588
206.8,2608.1767360105837
198.995,2997.177623750983
191.19000000000003,3461.5531661687505
183.39,4019.155457488358
175.58499999999998,4694.3012967596815
167.77999999999997,5517.538061032255
159.98000000000002,6528.949402379319
152.175,7784.361578113973
144.37,9357.080941990176
136.565,11348.592162227455
128.76,13900.435493759956
120.96,17210.964380279227
113.155,21574.43010632688
105.35,27417.21420761187
97.55,35380.501364445525
89.74499999999999,46478.29825686851
81.94,62313.30384123055
74.135,85549.83759428025
66.33,120791.94302474089
58.53,176352.94991106546
50.725,268402.4208621538
42.92,430361.0437911561
35.12,738473.580255637
27.315,1392600.5114329164
19.51,3024799.5310823736
11.705,8435228.484501356
3.9,47137760.31501516
294.63,710.5419514033366
287.17,781.6588883252108
279.71000000000004,861.9041415816482
272.25,952.7211980766463
264.795,1055.7534894769337
257.34000000000003,1173.1055420580808
249.88,1307.3309787534502
242.42,1461.3264084269308
234.96,1638.6936340828547
227.5,1843.8243424188106
220.04,2082.1045750664066
212.58,2360.180769995364
205.12000000000003,2686.308698611355
197.66,3070.8150460249635
190.205,3526.380639778876
182.75000000000003,4069.7389580122735
175.29,4722.501670735104
167.82999999999998,5511.713031561938
160.37,6473.124894310504
152.91,7653.928623111277
145.45000000000002,9117.143745915884
137.99,10947.998783667643
130.52999999999997,13263.364053397454
123.07,16225.952422832177
115.615,20063.196110779936
108.16,25108.397363411314
100.7,31854.912179832532
93.24,41036.972348417396
85.78,53795.502405696854
78.32000000000001,71950.53252261752
70.86,98508.70411506253
63.4,138644.53606340606
55.940000000000005,201708.4700717162
48.48,305627.93784845085
41.025,487248.29546741856
33.57,830471.3793181091
26.110000000000003,1552762.261910658
18.65,3335072.470243321
11.189999999999998,9158559.748777237
3.73,50035102.066822246
399.46,226.3555713916869
388.205,252.23413414302274
376.955,281.90577381745345
365.705,316.0728071362409
354.45000000000005,355.5969841386701
343.19500000000005,401.49879286609524
331.945,455.0286786679768
320.695,517.7877058940002
309.44000000000005,591.789338449917
298.18500000000006,679.5018924960798
286.935,784.0405284109472
275.685,909.4883146438477
264.435,1061.0733487182556
253.17999999999995,1245.7058892080618
241.925,1472.3277041048602
230.675,1752.8064775135979
219.425,2103.4228900105295
208.17,2546.5565995706465
196.915,3112.893260940024
185.665,3845.5954416922377
174.415,4807.402992403994
163.16,6090.702102490813
151.905,7832.973666589648
140.655,10245.199483335506
129.405,13663.934434631346
118.15,18642.06217074081
106.895,26116.350919833443
95.645,37751.546031652244
84.395,56688.47838937762
73.14000000000001,89247.55110802081
61.885,149180.95779032377
50.635,269780.8137073917
39.385000000000005,544383.5805479685
28.13,1296169.9371571708
16.875,4120643.2989512905
5.625,28160833.159110907
909.17,9.509439381890088
893.8900000000001,10.159861024686892
878.61,10.866857364653757
863.3299999999999,11.636437907954544
848.05,12.475370294290155
832.77,13.391291605474047
817.49,14.392838402109495
802.2099999999999,15.489799056141502
786.9300000000001,16.69329270919002
771.65,18.015980129819788
756.37,19.472312914832898
741.09,21.07882894158268
725.8100000000001,22.854503809564935
710.53,24.82117031340623
695.25,27.00402090086872
679.9699999999999,29.432211766138032
664.69,32.13959194509186
649.4100000000001,35.16558682738892
634.13,38.55627329721079
618.85,42.36569382166459
603.5699999999999,46.65746998346425
588.29,51.506793239226354
573.01,57.00289350018448
557.73,63.25211644792885
542.4499999999999,70.38178106009379
527.1700000000001,78.54504349003766
511.88999999999993,87.92706769362385
496.61,98.75290485529555
481.33,111.29762404371756
466.045,125.9045900204837
450.76,142.98889028849416
435.48,163.0652250678236
420.2000000000001,186.79279706848038
404.92,214.99842535493877
389.64,248.73590243310036
374.36,289.3600982374628
359.0799999999999,338.6294360138663
343.8,398.8493438600816
328.52000000000004,473.075729794411
313.23999999999995,565.4077411312779
297.96,681.4155603355049
282.68000000000006,828.776165633797
267.4,1018.235771089185
252.12,1265.0966958212634
236.84,1591.566528286517
221.56,2030.5632916152688
206.28000000000003,2632.0530362409468
191.0,3473.9411505514
175.72,4681.466326479484
160.44,6463.168428917073
145.16000000000005,9180.807393833826
129.88,13492.982177036854
114.6,20670.12718618941
99.32,33342.552733916535
84.04,57461.23762392911
68.76,108131.82518539684
53.48,230193.96081878868
38.2,591039.0266381443
22.92,2108426.788951411
7.64,17578849.281420894
268.665,1000.6185693949215
262.035,1097.4092815657543
255.4,1206.2847741672824
248.765,1329.011171475989
242.135,1467.6478810260626
235.5,1624.9805147795748
228.865,1803.9863938050073
222.23,2008.3515670761424
215.595,2242.515214083344
208.965,2511.6331361199755
202.33,2822.6464664665987
195.695,3183.3698746622294
189.065,3603.317398528499
182.43,4095.329407705346
175.795,4674.354759488777
169.15999999999997,5359.553569712098
162.52499999999998,6175.20066252122
155.895,7151.503126144682
149.26,8329.885501919336
142.625,9761.710262983715
135.99499999999998,11513.959141912157
129.36,13680.27020093483
122.725,16382.08606572298
116.09,19786.83658209497
109.455,24126.52478361979
102.825,29723.12401347568
96.19,37053.38590990933
89.55499999999999,46799.3235625028
82.925,59975.91295398584
76.28999999999999,78178.5856743594
69.655,103892.23002513722
63.02,141196.9257608812
56.385000000000005,197039.8407780728
49.755,283741.04032984644
43.120000000000005,424859.5111466878
36.48500000000001,667955.1083194328
29.855,1118701.613553125
23.22,2046189.3473962918
16.585,4271484.84734849
9.95,11289097.235268023
3.315,58429162.29962778
693.635,27.24852221201013
673.53,30.537103189510013
653.425,34.33715544566418
633.32,38.747185876434855
613.215,43.88856532897239
593.11,49.911800381658296
573.005,57.0048088980903
552.9,65.40393669672753
532.7950000000001,75.40876246621568
512.6899999999999,87.40219543456732
492.585,101.87805457143408
472.475,119.48418762097688
452.37,141.05808373977186
432.265,167.72953209106277
412.16,201.01499218016772
392.05500000000006,242.98446015767104
371.95,296.5049740938434
351.845,365.6115753328961
331.73999999999995,456.0843837708997
311.635,576.3673172810962
291.53000000000003,739.0688381958107
271.425,963.4850719424998
251.32,1279.9817223982236
231.215,1737.890076438284
211.105,2420.5578993283752
191.0,3473.9411505514
170.895,5168.8735200133615
150.79000000000002,8037.7943409234385
130.685,13209.33309810677
110.58,23312.317154958113
90.475,45270.287095578125
70.37,100654.529227702
50.265,275542.3312268924
30.16,1090630.9688456387
10.055,11083587.706129836
993.1,6.73419068255373
979.985,7.093628587699853
964.555,7.547780008330176
949.12,8.03903195679228
933.685,8.570910621653534
918.255,9.147320996835642
902.82,9.77322567451442
887.385,10.453594696758175
871.955,11.193965440805714
856.525,12.001060917532872
841.09,12.882527894535976
825.655,13.846434407850081
810.225,14.901850696837098
794.795,16.05977514836728
779.36,17.332823803657032
763.925,18.734559642620983
748.495,20.280387976707093
733.0600000000001,21.98958626954168
717.625,23.882711875625997
702.195,25.983319651575187
686.7650000000001,28.320056829430627
671.3299999999999,30.92639798622578
655.895,33.839615073378866
640.465,37.102990013781834
625.03,40.770703921921914
609.595,44.90307358527305
594.1650000000001,49.57096162824289
578.735,54.86155071298176
563.3,60.87932789104456
547.865,67.74541626874156
532.435,75.60474149044623
516.9999999999999,84.64087089973337
501.56500000000005,95.06842276984821
486.135,107.14843313075338
470.705,121.2098877671587
455.27,137.6617485088704
439.835,157.00257005577723
424.405,179.85513812468548
408.97,207.03161575927803
393.535,239.54183167116818
378.105,278.6791504720936
362.675,326.14841212144387
347.24,384.1932137065084
331.805,455.74931674109456
316.37499999999994,544.742012416591
300.94,656.6061423248836
285.505,798.7303528858913
270.07499999999993,981.428841018369
254.645,1219.5140656158187
239.21,1534.5454302470964
223.775,1958.2790161411683
208.345,2538.817164190461
192.91,3351.886071241338
177.475,4518.540099915826
162.045,6240.048951683077
146.615,8866.893327347336
131.17999999999998,13038.618084304211
115.745,19987.082838919483
100.315,32261.424732873525
84.88000000000001,55653.69374554709
69.44500000000001,104867.95689508354
54.015,223587.62861413087
38.585,575342.8388571474
23.15,2060496.3212533437
7.715,17304313.67145741
376.575,282.9822195593074
370.91,299.65631583970037
365.25,317.56072515958556
359.58500000000004,336.8405727676796
353.92,357.60643844794913
348.26,379.97742477064
342.6,404.1259468059478
336.935,430.2482397784652
331.27,458.51636466545295
325.61,489.11729066032075
319.94500000000005,522.345598775889
314.28000000000003,558.4451429867091
308.62,597.6828060416649
302.96,640.4292583909772
297.295,687.1110423090623
291.63,738.1264963492094
285.97,793.9161188991543
280.31,855.0799832796687
274.64500000000004,922.3139651690842
268.98,996.2910834330714
263.32,1077.7642408206375
257.655,1167.826400171701
251.99,1267.5007246178736
246.33,1377.9429193544506
240.67,1500.68768497205
235.005,1637.545359490061
229.34,1790.3762894591907
223.68,1961.3125364467362
218.015,2153.3391016881096
212.35,2369.4705099752023
206.69000000000003,2613.204823786175
201.03,2889.1270364919874
195.365,3202.7753357939796
189.7,3560.206131145066
184.04,3968.584153498319
178.38000000000002,4437.29584115989
172.715,4977.885826108791
167.05,5603.467376919377
161.39,6329.92109674821
155.725,7178.987626711408
150.06,8175.530929252888
144.4,9350.31001489345
138.74,10744.267710689901
133.075,12410.063650874154
127.41,14412.262809944192
121.75,16833.622211175123
116.09,19786.83658209497
110.425,23422.42946854326
104.76,27935.352043046798
99.1,33587.699895662096
93.435,40757.55200351118
87.77,49955.409330849216
82.11,61901.83674878739
76.45,77663.71453636972
70.785,98833.39377691137
65.11999999999999,127791.72387890845
59.46,168236.8232094045
53.795,226274.9187758356
48.13,312006.2622638063
42.47,443073.3210490844
36.81,652442.7547108864
31.145,1005915.4120521208
25.48,1645977.3874509693
19.82,2922253.08418975
14.16,5873300.18029995
8.495,14779382.541318841
2.83,71520997.30073889
589.835,50.98868583571986
571.11,57.73657561418743
552.3849999999999,65.63873860616351
533.66,74.94045828554576
514.935,85.95004846450756
496.21,99.05806538612086
477.485,114.7633672082003
458.76,133.70884365707457
440.035,156.7309733543852
421.31,184.9294202533378
402.585,219.7660932058407
383.86,263.2082066801426
365.135,317.93817800439524
346.41,387.66694047105443
327.685,477.610537747237
308.96000000000004,595.2303072458518
290.235,751.4091390906706
271.51000000000005,962.3690633616561
252.785,1252.887967427757
234.06,1661.8720657835481
215.335,2252.368737667582
196.61,3130.327884345302
177.88500000000002,4481.504695900158
159.16,6648.30291549864
140.43499999999997,10301.036641109606
121.71,16852.477576001897
102.985,29569.957424170243
84.26,56980.7985687747
65.535,125334.84198473168
46.81,337629.7513797025
28.085,1301266.4602627237
9.36,12548491.68990244
490.03,103.92613629861377
476.225,115.92835885163798
462.42,129.71463699616655
448.62,145.60674286792747
434.815,164.01656931540737
421.01,185.43073503915906
407.21,210.44758711571697
393.405,239.84177145662272
379.6,274.55325553792545
365.795,315.7795270143542
351.99,365.0449447946484
338.19,424.2832793131521
324.385,496.0733401460356
310.58,583.7161863091017
296.78000000000003,691.5627770802008
282.975,825.5732878193215
269.17,993.6921674078957
255.37,1206.8070072289786
241.565,1480.393762432375
227.76,1836.1519662314777
213.955,2305.584449571277
200.15,2935.2433532832083
186.35,3795.181494605217
172.54500000000002,4995.3472841896
158.73999999999998,6710.492839963211
144.94000000000003,9229.475512181001
131.135,13054.023031610093
117.32999999999998,19087.54211030323
103.53,29055.602430136285
89.725,46511.96003556608
75.92,79385.74589783096
62.115,147518.0240543872
48.31,308705.19359532994
34.51,773048.1771629421
20.705,2653414.202720144
6.9,20658769.79335807
988.315,6.862633964874479
970.505,7.368465902355347
952.695,7.921775316528754
934.89,8.527833543115193
917.085,9.192977146446319
899.2750000000001,9.924470940986312
881.4649999999999,10.730194228009072
863.66,11.619110477939106
845.855,12.602017659042856
828.045,13.691420579030513
810.235,14.90113472952684
792.43,16.247064521237334
774.6249999999999,17.74845565685977
756.815,19.427862533267533
739.0049999999999,21.31070307215232
721.2,23.42665002501079
703.395,25.811873866780772
685.585,28.50937216013348
667.775,31.568669118615734
649.9699999999999,35.048551735211504
632.1650000000001,39.021461688936526
614.355,43.57502446881817
596.5450000000001,48.81267742492176
578.74,54.859724914828845
560.935,61.87297048900996
543.1250000000001,70.04623431511881
525.32,79.61204225931742
507.51499999999993,90.86821521126646
489.705,104.19033196722863
471.895,120.04626770459392
454.09,139.0312326868943
436.285,161.92280904026563
418.475,189.73541946238217
400.665,223.78578906914962
382.86,265.81790185399035
365.055,318.20108477126325
347.245,384.1724058349788
329.435,468.16809603156753
311.62999999999994,576.4018723268173
293.825,717.8154108348115
276.015,905.4653098939219
258.20500000000004,1158.6798767928717
240.4,1506.8780969125019
222.595,1996.3789943513755
204.785,2702.2371573931
186.975,3749.9028149708806
169.17,5358.429560042623
151.365,7931.343140065046
133.555,12256.91057703848
115.745,19987.082838919483
97.94,34918.33334294892
80.13499999999999,66901.26593520865
62.325,146020.02191087845
44.515,388861.68198327144
26.71,1470211.5001959582
8.905,13657853.89894346
197.09,3102.9446231366815
191.69,3429.2162881120566
186.29,3799.564145457487
180.89,4221.3379899402935
175.48999999999998,4703.359714544715
170.09000000000003,5256.270556482613
164.69,5892.973396659807
159.29,6629.199966053208
153.89,7484.243474656999
148.49,8481.912140699349
143.09,9651.780306678407
137.68999999999997,11030.844216760079
132.29000000000002,12665.733570395201
126.89,14615.694576852455
121.49,16956.656268222494
116.09,19786.83658209497
110.69,23234.566234609803
105.29,27469.35293764392
99.89,32717.75393976756
94.49,39286.505064835816
89.09500000000001,47588.139607126155
83.7,58213.77907272308
78.30000000000001,72008.79002822512
72.89999999999999,90169.3611713425
67.5,114476.15275466884
62.1,147625.7627901838
56.7,193817.19058158863
51.3,259802.69004362577
45.9,356857.33855976746
40.5,504673.2331347732
35.1,739575.5807925377
29.7,1133321.695608927
24.3,1840885.9497317404
18.9,3240740.554261826
13.5,6445121.458495825
8.1,15987210.730290534
2.7,75862233.22569157
977.315,7.169719706146101
954.32,7.869183841278151
931.325,8.656068298465387
908.33,9.543818735313042
885.335,10.5483566431553
862.34,11.688614369784949
839.3399999999999,12.987505259493423
816.345,14.471601993319632
793.35,16.17388496192464
770.355,18.13400588960966
747.36,20.400284604262126
724.3649999999999,23.03194402570514
701.37,26.102014915001586
678.3699999999999,29.701988882821688
655.375,33.943607586687726
632.38,38.97022261760273
609.3850000000001,44.96282138509711
586.39,52.15300498905801
563.395,60.83983243348003
540.4,71.41324282616499
517.4000000000001,84.3901661259277
494.405,100.44985625779684
471.41,120.51882280236444
448.415,145.86065182651745
425.42,178.2290307374034
402.425,220.09760177592065
379.43,275.0185547378944
356.43,348.2137289570715
333.43500000000006,447.44660121276206
310.44,584.7001767523101
287.44499999999994,778.8833385985956
264.45,1060.8510195268486
241.455,1482.8694090396302
218.46,2137.426913084943
195.465,3196.879303395152
172.47,5003.075231815989
149.47,8289.01684970334
126.475,14780.634462514001
103.48,29102.321317012575
80.485,65979.30506518947
57.49,186022.33317110414
34.495,773924.0715909383
11.5,8713457.453194577
496.72,98.66919181883593
489.865,104.06016160861807
483.015,109.8201004677411
476.165,115.9842025826846
469.31500000000005,122.58698714910587
462.465,129.66646304282688
455.615,137.26453795826382
448.765,145.4274823204799
441.91,154.21310268564838
435.055,163.67242878353156
428.205,173.8607062362136
421.355,184.85436925105998
414.505,196.73105473505845
407.655,209.57727474051833
400.805,223.48959540240696
393.9500000000001,238.58746444850343
387.095,254.98235777122065
380.245,272.7967823142486
373.395,292.1948885981689
366.545,313.34870983042043
359.695,336.45248768107217
352.845,361.7260110449129
345.995,389.41853042062877
339.14,419.83660932599787
332.285,453.28448029891973
325.435,490.1035111263496
318.585,530.7392867161635
311.735,575.6767600134247
304.88499999999993,625.4743457270167
298.035,680.7769231310742
291.185,742.3314874298763
284.33,811.0590278495994
277.475,887.9312784512987
270.625,974.0683911390825
263.775,1070.9137849218364
256.925,1180.1062468127323
250.075,1303.5849384497076
243.225,1443.6540363613144
236.37000000000003,1603.1876479306359
229.515,1785.3944304383695
222.665,1994.0930960867518
215.815,2234.219700053137
208.965,2511.6331361199755
202.115,2833.5082336467444
195.265,3208.6849782702525
188.415,3648.12564948016
181.56,4165.928350777793
174.705,4779.054234378619
167.855,5508.803402641089
161.005,6383.503105464148
154.15499999999997,7439.170031076905
147.305,8722.72555445321
140.45499999999998,10295.944818031749
133.6,12242.674115353275
126.745,14673.06093544722
119.895,17736.590286989594
113.045,21645.281639440265
106.195,26695.93179639943
99.345,33314.83723898696
92.495,42126.88067704257
85.645,54069.21325592466
78.78999999999999,70598.36035180457
71.935,93998.82301467001
65.08500000000001,128001.69002800505
58.23499999999999,179030.03457141243
51.385,258561.09665023777
44.535,388374.244433935
37.685,612896.0551474363
30.835,1031639.9589111609
23.98,1898824.4970729367
17.125,3996206.9945091833
10.275,10669502.452857446
3.4250000000000003,55996105.33050472
867.7349999999999,11.407777928594879
828.8899999999999,13.637133948101342
804.125,15.34672346020371
780.82,17.207126784844178
757.515,19.358196968316477
734.205,21.856754949535773
712.35,24.576106376537055
691.9550000000002,27.50580805702645
671.5649999999999,30.884519406390364
649.715,35.1017840243395
629.3199999999999,39.7074832672893
611.8399999999999,44.270501483939405
594.355,49.50988787978925
576.87,55.54790497820897
560.85,61.90905881493583
544.825,69.20997206059867
528.8,77.61970835603954
514.235,86.39957555674884
499.665,96.46058426820312
485.095,108.02986776072785
471.985,119.95883203764149
460.335,131.97144336825627
448.68,145.53253260368766
437.025,160.8814517632169
425.37,178.3087030500562
413.715,198.1613930343613
403.52,217.841273142128
393.3250000000001,240.02658319215166
383.13,265.1101080837219
374.39,289.2725224097599
365.645,316.268516433441
356.9,346.4893643609938
348.16,380.3881716214894
339.42,418.5371419844056
332.14,454.02730542170053
326.315,485.16927639616745
320.485,519.0588860030767
314.65500000000003,555.9609114753589
308.83000000000004,596.1665388168734
303.00500000000005,640.074590755465
297.175,688.1451300984976
291.35,740.7688477308344
285.525,798.5225389896603
279.69500000000005,862.0756164872276
273.87,932.018871567873
268.045,1009.2050462245874
262.215,1094.6306323111512
256.385,1189.2940087040886
250.56,1294.3259141424257
244.735,1411.2195754714155
238.905,1541.7386988926323
233.08,1687.5790932378604
227.255,1851.090810596698
221.425,2035.075920602656
215.6,2242.3262522312475
209.775,2476.6647141814483
203.945,2742.6998326929765
198.115,3045.465998896447
192.29,3390.909261081988
186.465,3786.799077742185
180.635,4242.668805441307
174.81,4768.841628304522
168.985,5379.271584129212
163.155,6091.361773856822
157.32999999999998,6924.670347118572
151.505,7905.692171045435
145.675,9068.1298855049
139.845,10452.673934597855
134.02,12110.793780475788
128.195,14111.828837472
122.365,16547.01965900406
116.54,19529.407615423657
110.715,23216.940906373442
104.885,27824.55927305358
99.06,33632.51460480369
93.235,41044.16851241381
87.405,50633.3415529411
81.57499999999999,63208.41153987777
74.28999999999999,84991.26332061736
65.55,125247.1566160258
56.81,192707.48675372903
48.07,313116.5226204206
39.330000000000005,546443.2912077492
29.135,1188731.632460745
11.655,8501957.920478027
122.24,16604.774357795202
119.29999999999998,18039.01329190748
115.84,19931.69026190912
112.385,22076.56888555507
108.93,24518.67712437608
105.47,27313.30830860419
102.01,30518.937138714184
98.55,34210.527747490385
95.095,38472.91635442801
91.64,43422.85060981619
88.18,49207.41987647727
84.71999999999998,55992.42582487031
81.26,63993.912126155104
77.80499999999999,73469.72709164993
74.35,84776.27153449191
70.89000000000001,98379.20369704675
67.42999999999999,114842.1668211348
63.97,134923.81551963362
60.515,159590.83261863128
57.06,190215.0560743639
53.6,228690.97360180705
50.14,277523.84348206065
46.68,340294.93530168955
43.225,422006.8518842104
39.77,530238.0450066838
36.31,676502.3549871704
32.849999999999994,878175.7199853286
29.39,1163303.6306306857
25.935,1577958.0955064062
22.48,2204219.5978871104
19.020000000000003,3196702.4365466316
15.56,4867118.34734633
12.1,7932333.9125001095
8.645,14354488.209453873
5.19,31667041.19734188
1.73,129591443.06822594
287.17,781.6588883252108
283.735,817.3928253705398
280.3,855.1931644521516
276.86,895.2649638708974
273.42,937.7126059611539
269.98,982.7072272336044
266.54,1030.434527240432
263.1,1081.0962029607715
259.66,1134.9115441845568
256.22,1192.1192102372245
252.78,1252.9792112527457
249.34,1317.775120513617
245.9,1386.8165482100865
242.46,1460.4419114174118
239.025,1538.9035388413336
235.59,1622.7089683890026
232.15,1712.436086636798
228.71,1808.4555704893296
225.27,1911.3048033520565
221.83,2021.5755193571315
218.39,2139.920182049967
214.95,2267.059218408788
211.51,2403.7892376582117
208.07,2550.99238624056
204.63,2709.6470163204253
201.19,2880.83987616777
197.75,3065.7800677340547
194.31500000000003,3265.512651560369
190.88,3481.79372458204
187.44,3716.6533077319386
184.0,3971.673163326722
180.56,4248.968227178478
177.12,4550.917154271366
173.68,4880.200623095444
170.24,5239.8460219835115
166.8,5633.2797226612365
163.36,6064.388401725151
159.92000000000002,6537.591186602011
156.48000000000002,7057.924794483682
153.045,7630.269698255482
149.61,8261.910459329818
146.17,8961.455146904322
142.73,9736.75092637825
139.29,10597.874982377843
135.85,11556.506691460872
132.41,12626.226063618959
128.97,13822.876341799352
125.53,15165.006493158764
122.09,16674.41368682778
118.65,18376.811570191407
115.21,20302.657699368745
111.77,22488.183500962496
108.335,24972.822738589522
104.9,27811.301177413057
101.46,31071.119666697672
98.02,34824.467042923956
94.58,39164.118515214774
91.14,44203.93312323151
87.7,50084.53701974693
84.26,56980.7985687747
80.82000000000001,65111.749079326655
77.38000000000001,74753.8769181611
73.94000000000001,86259.12764308418
70.5,100079.54982447068
67.05999999999999,116801.45030805946
63.625,137160.59422364648
60.19,162193.3863541789
56.75,193311.7841689421
53.31,232344.5872330974
49.87,281865.6959402676
46.43,345495.4903227745
42.99,428425.29983833624
39.55,538263.2813431427
36.11000000000001,686441.7431805249
32.669999999999995,890644.5748412912
29.23,1179176.0022064797
25.79,1599234.7536413106
22.355,2232458.9372293726
18.92,3233345.905862019
15.48,4918133.588084344
12.04,8006045.176768075
8.6,14480123.973886773
5.159999999999999,31932751.739133403
1.72,130468197.55926144
537.365,72.97525906926832
530.515,76.6607845845387
523.67,80.57901857354426
516.8249999999999,84.75084699876405
509.98,89.19622557599153
503.135,93.93696660873003
496.29,98.99693907030927
489.445,104.40229327763852
482.6,110.1817135617843
475.75500000000005,116.36670286656975
468.91,122.99190382230908
462.065,130.09546156451694
455.22,137.71943441732077
448.375,145.91025956296548
441.525,154.72595609049844
434.68,164.21054594255492
427.835,174.433287240986
420.99,185.4642163999328
414.145,197.38124811898132
407.3,210.27120489222506
400.455,224.23100040362763
393.61,239.36900280251186
386.765,255.80660876666997
379.92,273.6800652054168
373.075,293.14258266958615
366.23,314.36679331918236
359.385,337.5476170287676
352.535,362.924990126038
345.69,390.71215557025334
338.845,421.2111529215833
331.99999999999994,454.74596069992305
325.155,491.6866414041615
318.31,532.4569903730032
311.465,577.5436435037028
304.62,627.5069597714112
297.77500000000003,682.994071445969
290.93,744.7545927743566
284.08500000000004,813.6596029898635
277.24000000000007,890.7246802231293
270.395,977.1379704855175
263.545,1074.369825057737
256.70000000000005,1183.9236549452905
249.855,1307.8122134559987
243.01,1448.3477035489236
236.165,1608.2896664378382
229.32,1790.9467512600177
222.475,2000.305307834152
215.63,2241.192899272215
208.785,2519.4876050876305
201.94,2842.387830065502
195.09500000000003,3218.762712517436
188.25,3659.6108238136653
181.405,4178.66569813939
174.555,4793.691190693672
167.71,5525.706050603103
160.86499999999998,6403.128127059026
154.01999999999998,7462.089390330728
147.175,8749.662002205869
140.33,10327.820494542855
133.485,12279.097411215005
126.64,14714.778198100292
119.795,17786.971189776785
112.95,21706.706347840536
106.105,26771.614089207906
99.26,33409.18795560238
92.415,42246.065381639164
85.565,54232.23712795074
78.72000000000001,70797.71300825957
71.875,94243.61196833197
65.03,128332.51445852485
58.185,179488.83926172295
51.34,259217.4755806761
44.495,389349.89404139324
37.650000000000006,614418.469373612
30.805,1034173.854285774
23.96,1902523.4071829545
17.115,4001088.4810602195
10.27,10678673.61849553
3.4250000000000003,55996105.33050472
492.2,102.18341988233594
481.835,110.85221136946366
471.47,120.46023647827779
461.11,131.12689351865018
450.75,143.0009857795493
440.39,156.2503342421498
430.025,171.07818688683875
419.66,187.70779180869576
409.3,206.39885845399473
398.94,227.47591453866676
388.58,251.31405666751073
378.215,278.37294213133197
367.85,309.17459306799645
357.48999999999995,344.3398217007739
347.13,384.6513436015962
336.77000000000004,431.0402566887886
326.405,484.66814695107627
316.04,546.9047335196909
305.68,619.4257012899619
295.32000000000005,704.380776186627
284.96,804.4194039251619
274.595,922.9362633778914
264.23,1064.1176957146276
253.87,1233.2830682507101
243.51,1437.4614818152727
233.15,1685.726455329807
222.78500000000005,1990.1820247323628
212.42,2366.6383636508776
202.06000000000003,2836.295219935617
191.7,3428.573414045228
181.335,4184.434019217405
170.97,5160.823853229452
160.61,6439.06811502293
150.25,8139.399114212549
139.89,10441.010348389318
129.525,13620.491658484556
119.16,18111.108268751763
108.8,24617.0128128668
98.44,34336.8261571831
88.08,49388.55342680342
77.715,73739.33839849658
67.35,115262.27248716357
56.99,190908.82115263317
46.63,341327.08617433143
36.27,678475.5129950474
25.905,1582330.113857015
15.54,4879805.948774171
5.18,31755238.603859935
337.77000000000004,426.26794204299296
325.02500000000003,492.4238396000333
312.275,571.9655755009446
299.53,668.201496345916
286.785,785.565469823582
274.04,929.8791607813035
261.295,1108.925717831906
248.545,1333.3418581245978
235.8,1617.42411834253
223.055,1981.4171346498804
210.31,2453.9018707924392
197.565,3076.1409730508803
184.815,3909.323565055758
172.07,5044.544556246505
159.325,6624.068605284966
146.57999999999998,8874.285378520019
133.83499999999998,12168.663611985789
121.085,17150.557921661373
108.34,24968.962674575145
95.595,37816.42038044299
82.85000000000001,60149.97378804871
70.105,101839.51957237435
57.355,187325.9989215725
44.61,386553.2261406126
31.86500000000001,949256.6992903948
19.12,3160601.072051888
6.375,23342289.46163314
249.93,1306.3691735514997
245.93,1386.1951429422709
241.93,1472.2160630374829
237.935,1564.8977585206287
233.94,1664.9934247387848
229.94,1773.3676207740139
225.94,1890.7104482422235
221.94,2017.9281030305165
217.94,2156.0355041832913
213.94,2306.1714720886534
209.94000000000003,2469.6163345652567
205.94,2647.8124005138625
201.945,2842.1336446302143
197.95,3054.6281501707685
193.95,3287.6809192511414
189.95,3543.410343573047
185.95,3824.519129953577
181.95,4134.09376677175
177.95,4475.66815868393
173.95,4853.299395636816
169.95,5271.658285763302
165.95499999999998,5735.526034631405
161.95999999999998,6251.621175376548
157.95999999999998,6827.932377549647
153.95999999999998,7472.304138632998
149.96,8194.628318672092
145.96,9006.518196896037
141.96,9921.660115467768
137.96,10956.248193351337
133.96,12129.52454384976
129.95999999999998,13464.454292208206
125.965,14986.537534533796
121.97,16730.38870292729
117.96999999999998,18738.725294209657
113.97,21058.434544534153
109.97,23749.448690671805
105.97,26885.64243432742
101.97,30558.67896702099
97.97,34883.09634997227
93.97,40003.096969816455
89.975,46093.37558821988
85.98,53393.192784481784
81.98,62216.17993367989
77.97999999999999,72949.01718145124
73.98,86113.03167029611
69.98,102404.56333302779
65.98,122765.9976434053
61.98,148491.24816830413
57.98,181385.49789844028
53.98500000000001,223951.69823005487
49.99,279925.47143705253
45.99,354895.0176144655
41.99,457162.1327195777
37.99,599830.062836038
33.99,804164.9687511383
29.99,1106164.187344638
25.99,1569983.0491613944
21.99,2317650.5986242876
17.995,3599919.641285372
14.0,6005464.170950355
10.0,11190581.936148891
6.0,25584320.84167556
2.0,109283026.72020401
826.735,13.776116070291916
808.5649999999999,15.021299713659692
790.395,16.410410565446764
772.2249999999999,17.96388277234793
754.0550000000001,19.705616897238748
735.885,21.663668592606978
717.715,23.871095100604805
699.545,26.36700081466145
681.3750000000001,29.197835304982583
663.205,32.41901340187138
645.0350000000001,36.096948629210154
626.865,40.311620573532984
608.6949999999999,45.159836627789545
590.525,50.75940321486525
572.3549999999999,57.254497227958716
554.1850000000001,64.82263402054244
536.015,73.68377713492168
517.845,84.1123469507476
499.675,96.45319063093689
481.505,111.14302021414166
463.335,128.7394810120537
445.165,149.96099139652915
426.995,175.74197812610706
408.825,207.31041236048625
390.655,246.29811722688905
372.485,294.89999046456677
354.315,356.1074833713035
336.14500000000004,434.0569016819583
317.975,534.5588683393537
299.805,665.9200137362913
281.635,840.2477084814857
263.46500000000003,1075.575194654838
245.295,1399.422907231451
227.12500000000003,1854.9610335600673
208.955,2512.068691251025
190.785,3488.026099933541
172.615,4988.148004716054
154.445,7390.233019750459
136.27499999999998,11432.351930597339
118.105,18666.16927946657
99.935,32669.055321606906
81.765,62740.46555380228
63.595,137357.29445425843
45.425,367444.50148806884
27.255,1400058.562653454
9.085,13203144.150654627
146.2,8955.040628683544
139.98,10417.732016144102
133.76,12192.222968939815
127.54,14361.959885648595
121.32,17037.710945487514
115.1,20368.31414000255
108.875,24560.220500090076
102.65,29891.790428614742
96.43,36751.076502456366
90.21,45704.20627487476
83.99,57571.13654296419
77.77000000000001,73574.42859336898
71.55,95583.56492097865
65.32499999999999,126570.58435801155
59.1,171321.57267648415
52.88,237898.64680997902
46.66,340707.32144568296
40.440000000000005,506714.64525494847
34.22,790208.5720428064
28.0,1310963.6002353393
21.775,2369813.4447222
15.55,4873456.659119047
9.33,12617669.93240488
3.11,63444607.37866937
775.28,17.690223737589506
756.135,19.495838010013077
736.99,21.53783003114725
717.85,23.853683179080498
698.7099999999999,26.489362004076323
679.5649999999999,29.500208557064305
660.42,32.95128368739403
641.2800000000001,36.92103148363487
622.135,41.508351218589546
602.9899999999999,46.83084437869427
583.85,53.03280280174326
564.71,60.29640834954358
545.5649999999999,68.84985252732255
526.42,78.97544266338869
507.28,91.02965187582198
488.14,105.4743569508196
468.995,122.90678283232951
449.85,144.09483803130271
430.71,170.04535508162002
411.57,202.11114132341422
392.425,242.11803480821834
373.28,292.5350245905426
354.14,356.7706062340709
334.995,439.67682498521793
315.85,548.1361235854429
296.71000000000004,692.1706482281195
277.57,886.805140856225
258.425,1155.0463619825339
239.28,1532.9004421930913
220.14,2078.663770716925
201.0,2890.6841976122614
181.855,4141.820224093436
162.70999999999998,6150.432352252425
143.57,9539.924872883743
124.43,15628.328451224643
105.285,27473.703438907167
86.14,53074.0602231154
67.0,117123.12189784292
47.86,317041.9664143758
28.715,1232187.0187915016
9.57,12078765.694377052
398.0700000000001,229.36588262415063
394.11,238.22078566183478
390.145,247.51926194417877
386.18,257.2759850047123
382.22,267.5050963641654
378.2600000000001,278.2477963347397
374.3,289.5353493627912
370.34,301.4012635618018
366.38000000000005,313.88147667840354
362.42,327.0145595846129
358.46,340.84193915142123
354.50000000000006,355.4081425772708
350.54,370.7610654916548
346.58,386.9522664331934
342.615,404.0594523847412
338.65000000000003,422.12283940764075
334.69000000000005,441.1825679661655
330.73,461.3306073504467
326.77,482.6424114156388
322.81000000000006,505.1996103679332
318.85,529.0905955757457
314.89,554.4111674418923
310.93000000000006,581.2652539864195
306.97,609.7657088233736
303.01,640.03519840273
299.045,672.2490735185029
295.08,706.5161885688563
291.12000000000006,742.9482043954214
287.16,781.7600502665988
283.2,823.1408145417881
279.24000000000007,867.2973557278301
275.28,914.4562378230243
271.32,964.8659061626948
267.36,1018.7991374538707
263.4,1076.5558029533402
259.44,1138.4659899218384
255.48000000000005,1204.8935337507705
251.515,1276.3333973894016
247.55,1353.1502426236352
243.59,1435.7291951807572
239.63,1524.7085038728185
235.67,1620.693149219863
231.71,1724.3559337890183
227.75,1836.4463184176727
223.79,1957.8005758530685
219.83,2089.353483875354
215.87,2232.1518218821475
211.91,2387.3699856100816
207.95,2556.3280961849737
203.985,2740.7559221888932
200.02,2942.1338392916336
196.06,3162.0772625128384
192.1,3402.981631720578
188.14,3667.2927452605777
184.18,3957.796262901798
180.22,4277.6728253161555
176.26,4630.563449138202
172.3,5020.6473734934825
168.34,5452.735052288912
164.38,5932.379642858318
160.41499999999996,6466.72210781293
156.45,7062.6862677397485
152.49,7728.123743798403
148.53,8473.929556667741
144.57,9312.057063998056
140.61,10256.58983506821
136.65,11324.187599721286
132.69,12534.640245467406
128.73000000000002,13911.559815026594
124.77,15483.249870939697
120.81,17283.804339114176
116.85,19354.505338180054
112.885,21748.85964764946
108.92,24526.223911982117
104.96,27758.347906096715
101.0,31542.592452556546
97.04,35996.51049901475
93.08,41268.03669856097
89.12,47544.842531684
85.16,55067.076949631606
81.19999999999999,64144.918022037054
77.24000000000001,75183.0542125312
73.28,88715.29417506355
69.315,105477.7548501554
65.35,126422.67091034516
61.39,152840.68662560583
57.42999999999999,186600.3242064995
53.470000000000006,230319.77139712346
49.51,287789.1779854205
45.55,364620.31177570333
41.59,469338.99365813105
37.63,615290.578103252
33.67000000000001,824109.6117636679
29.71,1132371.1082225956
25.750000000000004,1605169.122323374
21.785,2367353.6446209084
17.820000000000004,3675329.076170245
13.86,6124399.79266127
9.9,11388820.911718233
3.96,46177925.07776154
196.965,3110.046726304163
193.48,3316.5044062925076
189.995,3540.3976375129578
186.51,3783.5253077221078
183.025,4047.906830877111
179.535,4336.244781192917
176.04999999999998,4650.276319359107
172.565,4993.289021243217
169.08,5368.556276915166
165.595,5779.7916038863
162.105,6231.8964604008415
158.61999999999998,6728.394983101654
155.135,7275.40650639511
151.645,7880.144954096221
148.16000000000005,8548.128931356252
144.675,9288.528085518456
141.18999999999997,10110.986520191926
137.70499999999998,11026.683342655817
134.215,12050.168388354987
130.73000000000002,13193.698338336646
127.245,14476.427004292686
123.76,15919.236462639974
120.275,17546.765412517398
116.785,19391.01529073838
113.3,21481.47826430572
109.815,23862.15588005906
106.325,26587.08566907773
102.84,29708.722465070412
99.355,33303.75912850804
95.87,37461.3325243091
92.385,42290.86866113695
88.895,47936.30307346659
85.41,54549.85499392677
81.925,62349.77436918684
78.44000000000001,71602.2275909324
74.955,82646.15206907206
71.465,95937.95751532348
67.98,112005.45633756458
64.49499999999999,131607.33964958903
61.005,155765.56400685734
57.52,185734.18355487974
54.035,223345.33015065308
50.55,271090.84496318066
47.065,332478.0924351492
43.575,412671.46269261267
40.09,518833.97715542547
36.605,662173.4083601707
33.12,859886.9276937211
29.635,1139525.4866724156
26.145000000000003,1547785.3822703715
22.66,2164363.371593992
19.175,3140972.738405756
15.685,4788805.900832709
12.2,7811518.431961517
8.715,14162093.69054504
5.23,31317928.409192245
1.745,128295439.80919789
73.39,88299.8878012078
69.81,103179.36259855104
66.23,121351.85879686057
62.65,143739.22506106924
59.07,171581.83874899658
55.49,206572.244982938
51.91,251056.13508548812
48.33,308341.1378016003
44.75,383182.8072276902
41.17,482570.6237778841
37.59,617039.5198003866
34.01,802938.9613754557
30.43,1066529.5929771464
26.85,1451767.0937465688
23.27,2036048.7475869632
19.69,2964694.441012969
16.11,4534733.177127124
12.53,7430113.129231204
8.95,13542137.65546492
5.37,30140689.308294497
1.79,124539761.78760625
592.555,50.09228028223673
578.28,55.02801680741135
564.0,60.58905884748798
549.72,66.87075967921402
535.4399999999999,73.98816389920108
521.1600000000001,82.0783269931512
506.8850000000001,91.30181156147749
492.61,101.85826512654184
478.33,113.99027520138043
464.05,127.98384619131954
449.77,144.19257479279028
435.49000000000007,163.050971864056
421.21,185.09633669720225
406.935,210.98768016328248
392.66,241.56974288551214
378.38,277.91441793663995
364.1,321.3606239063382
349.82,373.6409964796527
335.54,437.0021993709436
321.26500000000004,514.3569288034123
306.99,609.6174300454912
292.71000000000004,728.0443161420756
278.42999999999995,876.6914607656059
264.15,1065.3086962185766
249.87,1307.5234460545976
235.595,1622.582887851367
221.32,2038.5944181599198
207.04,2597.2483019975043
192.76,3361.275423817769
178.48,4428.43110984215
164.20000000000002,5955.412058035349
149.92,8202.282907395414
135.645,11616.996589410577
121.37,17013.821052997446
107.09,25957.711278185496
92.81,41661.67039120277
78.52999999999999,71342.38747700058
64.25,133142.11046881278
49.97500000000001,280167.0752154158
35.7,707405.3184503573
21.42,2459330.874704699
7.14,19579821.824723892
403.16,218.5798752506988
387.945,252.8745276408525
372.73,294.1686245079686
357.51500000000004,344.24910812517095
342.30499999999995,405.436455336027
327.09,480.87512660813803
311.875,574.7117169543695
296.665,692.561775372362
281.45,842.2991972528579
266.235,1034.8046946923764
251.025,1285.5258089526944
235.81,1617.1729961654198
220.595,2063.097612472583
205.385,2673.791705187059
190.17,3528.7119782143445
174.955,4754.7833565302435
159.745,6562.8782873418
144.53,9321.040107019917
129.315,13696.63043116035
114.1,20977.564184133444
98.885,33829.46268424369
83.675,58269.59985672659
68.46,109601.4390247059
53.245,233173.58025693148
38.035,597932.3592492226
22.82,2129716.593735171
7.604999999999999,17709106.428792976
103.945,28671.4410911659
102.02,30509.011806322418
99.065,33626.90866820707
96.11,37154.848183472066
93.15,41166.745795671966
90.195,45728.92342710508
87.24,50943.59149311151
84.27999999999999,56937.37270289554
81.32000000000001,63843.352226347495
78.365,71819.66937612131
75.41000000000001,81088.31288618164
72.45,91930.23438597408
69.49,104657.9060080835
66.53500000000001,119654.23691668671
63.58,137455.77768088217
60.62,158761.2610429733
57.66499999999999,184349.36144645215
54.71,215358.43443430608
51.75000000000001,253313.8918144832
48.79,300115.5690698292
45.835,358283.1108786953
42.88,431472.15800100967
39.92,524853.2054474369
36.965,645205.87814074
34.01,802938.9613754557
31.05,1013710.7127058186
28.09,1300698.9114553102
25.135,1700088.8502490348
22.18,2272787.746730572
19.22,3125031.749242556
16.264999999999997,4446526.432028333
13.31,6623538.0991203645
10.35,10533232.693515176
7.39,18540515.776261333
4.435,39549296.188702695
1.48,155119629.5687976
1039.75,5.62673978160145
1026.65,5.913120942337907
1013.55,6.217956510672807
1000.475,6.542052493631186
987.41,6.887270150608037
974.33,7.255999830685938
961.255,7.64958475295061
948.18,8.070222677127466
935.1,8.52035404971626
922.02,9.002312556678321
908.94,9.518837363683485
895.8649999999999,10.072727260148111
882.79,10.667499220511198
869.71,11.307081931462898
856.63,11.995327223767086
843.5500000000001,12.736746687388756
830.47,13.536347555680802
817.3950000000001,14.39935295386148
804.32,15.332247251775618
791.2399999999999,16.342335728356023
778.16,17.43699684797925
765.0799999999999,18.624872529713876
752.0,19.915652766049696
738.9250000000001,21.319663279274064
725.85,22.84961632105018
712.77,24.519983269280697
699.69,26.345824521064664
686.6099999999999,28.34483467529241
673.53,30.537103189510013
660.455,32.944526972803885
647.38,35.59395589424118
634.3,38.51635462838353
621.22,41.744957791437635
608.14,45.3190890538266
595.0600000000001,49.28409257235774
581.985,53.69063265595065
568.9100000000001,58.600913235063594
555.83,64.08787009210417
542.75,70.23240165138272
529.67,77.13139492988093
516.59,84.89881035527499
503.51499999999993,93.66564530922103
490.44,103.59403687213451
477.36,114.87828582003259
464.28,127.74195417478515
451.2,142.45795261576205
438.12,159.35583758359007
425.045,178.82765988866777
411.97,201.36717617239347
398.89,227.58400483434326
385.81,258.2107839737799
372.73,294.1686245079686
359.65000000000003,336.6111821557961
346.575,386.9732627332351
333.5,447.1194491716061
320.42,519.453137164162
307.34,607.0298348519194
294.26,713.87353132429
281.18,845.3045164858311
268.105,1008.3700800412004
255.03,1212.7454560847152
241.95,1471.7696046278331
228.87,1803.8424569419446
215.79,2235.160436804876
202.71,2803.575998254619
189.635,3564.5893414188204
176.56,4602.583227478376
163.48000000000002,6048.668455061891
150.39999999999998,8111.015093107778
137.32,11134.10423960783
124.24,15710.143536841511
111.165,22902.530789961773
98.09,34742.5934165735
85.01,55380.365654404195
71.92999999999999,94019.19155287182
58.85,173505.7539474273
45.77,359716.0958957342
32.695,888899.3396533363
19.62,2987881.453829636
6.54,22446532.838731214
770.51,18.119828436304104
756.11,19.49834277009102
741.71,21.010487393353873
727.305,22.672718690174943
712.9,24.502644308669563
698.5,26.520247124299022
684.0999999999999,28.749874667926214
669.6999999999999,31.218837327368053
655.295,33.9596418750705
640.89,37.00796414481582
626.49,40.40491123371388
612.09,44.20075040481377
597.69,48.45303955793622
583.2850000000001,53.231022610580624
568.8800000000001,58.612811047410325
554.48,64.69009590189519
540.08,71.5759523832254
525.675,79.40589543617057
511.27,88.33655624878095
496.87000000000006,98.55518059859233
482.47,110.29529604887749
468.07,123.83707541406642
453.665,139.52864827420441
439.26,157.78669493854682
424.86,179.12390955491992
410.46,204.19372002884555
396.06,233.80800335802527
381.655,269.00571383212184
367.25,311.08503771956003
352.85,361.7067132892562
338.45000000000005,423.06046694718054
324.05,497.9971111590811
309.645,590.3273395360787
295.24,705.0916824382775
280.84,849.108092905794
266.44,1031.8648214501625
252.04000000000005,1266.575422601119
237.635,1572.1483212304986
223.23,1975.7619674225843
208.83,2517.5211106913293
194.43,3258.5668936252823
180.02499999999998,4294.245267244089
165.61999999999998,5776.703822626109
151.22000000000003,7958.020132100496
136.82,11275.575278089871
122.42,16521.68730808653
108.015,25221.429981610665
93.61,40508.81890806062
79.21000000000001,69416.93127124834
64.81,129666.61818791651
50.41,273266.10186072416
36.004999999999995,691734.3207932753
21.6,2413402.6728786984
7.2,19322856.53176127
649.045,35.24213168252936
635.615,38.20931099455406
617.71,42.66838516228261
599.805,47.797397571591056
581.9,53.72085654893441
563.995,60.59112605535777
546.0899999999999,68.59578203650904
528.185,77.96722859666019
510.2800000000001,88.99537245936291
492.375,102.0444758195578
474.47,117.57577602427754
456.5700000000001,136.1724615312662
438.665,158.60325509947216
420.7600000000001,185.84979582952863
402.855,219.20808680531428
384.95,260.40002085743646
367.045,311.74115428758694
349.14,376.38665822708595
331.235,458.69811759562305
313.33,564.8009339299224
295.425,703.4490713647656
277.52,887.3976220706271
259.615,1135.6374596070998
241.71,1477.1383026166654
223.81,1957.1628828770977
205.905,2649.441380865227
188.0,3677.0989376016732
170.095,5255.722034936033
152.19,7781.671993788207
134.285,12028.498146761272
116.38,19620.454530472423
98.475,34296.576984290565
80.57000000000001,65757.81181371139
62.665,143635.04380715755
44.76,382943.4886592274
26.855,1451113.8830634987
8.95,13542137.65546492
318.21,533.0833329580288
313.355,564.6325209068694
304.53,628.1991599617135
295.705,700.972048438466
286.875,784.6500603816762
278.045,881.2011673035773
269.22,993.0096516793585
260.395,1123.1366550833088
251.565,1275.400024994029
242.74,1454.2691431914945
233.915,1665.644630528032
225.085,1917.0406767869947
216.26,2217.5571512423962
207.435,2579.3863383912753
198.605,3018.4590795679924
189.78,3554.8206634841667
180.955,4215.9221975243245
172.125,5038.817086956231
163.295,6072.924721530875
154.47,7386.033201994008
145.645,9074.645976520434
136.815,11277.001318735372
127.99,14189.523417178401
119.165,18108.52723983129
110.335,23486.664774638135
101.51,31020.406479469217
92.685,41845.50269019946
83.855,57869.184096399666
75.03,82386.79389822658
66.205,121492.3475168588
57.37499999999999,187132.13849176536
48.545,304461.58776257123
39.720000000000006,532048.5577672161
30.895,1026595.9378042126
22.065,2299805.4321931954
13.239999999999998,6690947.226301782
4.415,39797758.822736256
722.235,23.29665162574352
714.75,24.257550586391183
707.2700000000001,25.267816868949456
699.785,26.331961924778838
692.3,27.452725604073326
684.8149999999999,28.63376187177609
677.33,29.879002813127823
669.845,31.19268309395841
662.36,32.57936686815453
654.88,34.042971874061436
647.3950000000001,35.59076675658998
639.91,37.227542339990876
632.4250000000001,38.95950880730622
624.94,40.793387981633856
617.4549999999999,42.736462077032556
609.97,44.79662773853309
602.485,46.98245601666017
595.0,49.30325900957673
587.5200000000001,51.76746594427538
580.035,54.38938983441082
572.55,57.17944742177182
565.065,60.15074576010256
557.5799999999999,63.317599748744485
550.095,66.69566104536923
542.61,70.30206266780604
535.13,74.1529203177562
527.645,78.27397345942076
520.16,82.68536717158031
512.675,87.41200070054647
505.19000000000005,92.48130084385629
497.7049999999999,97.92351951926922
490.22,103.77207133802608
482.74,110.05955744714038
475.255,116.83530344195937
467.77,124.14068119879232
460.285,132.02616365000662
452.8,140.54792653425548
445.315,149.76859695473846
437.83,159.75811433329767
430.35,170.58718226883613
422.865,182.35792134552514
415.38,195.16185195059936
407.895,209.10976053118446
400.41,224.3265468643939
392.925,240.9533172192462
385.44,259.1498334130057
377.96,279.08343246987437
370.475,300.9868407788887
362.99,325.0824215201159
355.505,351.63887869247003
348.02,380.9641503323195
340.535,413.41209629699773
333.04999999999995,449.3904967287144
325.57000000000005,489.34249354949105
318.085,533.8675572993577
310.6,583.5757853279501
303.115,639.2086588262308
295.63,701.6344658104972
288.145,771.8737130697937
280.66,851.1304161376529
273.17999999999995,940.767051855649
265.695,1042.5990403128892
258.21,1158.5971382942482
250.725,1291.1946975996445
243.24,1443.3272816200163
235.755,1618.5547718816724
228.27,1821.2179370114334
220.79,2056.471047624914
213.305,2331.1944901389925
205.82,2653.4026983849367
198.335,3033.3032086502653
190.85,3483.7603369095677
183.365,4021.1165623055363
175.87999999999997,4666.311316768507
168.39499999999998,5446.421956844113
160.91,6396.811860271045
153.43,7563.298869176444
145.945,9009.747828783116
138.46,10819.767512914475
130.975,13108.98109060478
123.49,16038.383598534318
116.005,19835.938408580692
108.52,24830.496962374116
101.04,31501.240372177814
93.555,40586.78652056738
86.07000000000001,53213.38537557227
78.58500000000001,71184.17906185193
71.1,97478.66615732852
63.615,137226.12156020966
56.13,199698.25114055158
48.65,302589.33711104956
41.165,482730.9726295502
33.68,823476.8572635592
26.195000000000004,1540711.1161116883
18.71,3312107.8439893923
11.225,9106768.628441349
3.74,49856961.646612346
498.865,97.0543779468209
494.45,100.41486181520206
488.925,104.82783561697644
483.4,109.48595385250894
477.875,114.40574364234878
472.35,119.60504696729697
466.825,125.10314160925206
461.3,130.92087475393063
455.775,137.08081074592525
450.25000000000006,143.60739468187887
444.725,150.5271337511376
439.2000000000001,157.86879848956602
433.675,165.6636464065571
428.15,173.94567078378623
422.63,182.7436595606095
417.105,192.11384740848533
411.58,202.09250035345485
406.055,212.72766388682123
400.53,224.07186934078382
395.005,236.1826191052931
389.48,249.12293170990546
383.955,262.96195509299065
378.43,277.7756576715084
372.905,293.6476083370327
367.38000000000005,310.66985827956137
361.86,328.9268031450862
356.335,348.5635733464451
350.81,369.6882502903679
345.285,392.43823601698114
339.76,416.96597081397226
334.235,443.44084459163497
328.71,472.05138604789136
323.185,503.0077752306469
317.66,536.5447334813309
312.135,572.9248548272855
306.61,612.4424550654805
301.09,655.3874521085
295.56499999999994,702.2091941473321
290.04,753.289586459341
284.515,809.1022128524777
278.98999999999995,870.1832822038751
273.465,937.1412787057596
267.94,1010.6683185947896
262.415,1091.5535555222255
256.89,1180.6990537656332
251.365,1279.1386448557062
245.84,1388.0604042630132
240.32,1508.7184238282748
234.795,1642.9125998441375
229.27,1792.3739007018303
223.745,1959.236335522806
218.22000000000003,2145.9904262170544
212.695,2355.5529843718264
207.17,2591.352648056687
201.645,2857.4352384024837
196.12,3158.5941775977362
190.59500000000003,3500.532777542926
185.07,3890.0673022062538
179.54999999999998,4334.951475536772
174.02499999999998,4845.85978201261
168.49999999999997,5434.395061427548
162.975,6115.16960707419
157.45,6906.11245992398
151.92499999999998,7829.359763817738
146.39999999999998,8912.423730018389
140.875,10189.740724663567
135.35000000000002,11704.740444746234
129.82500000000002,13512.639012630327
124.3,15684.249365870948
118.78,18308.62212810323
113.255,21510.271598370167
107.73,25445.462150860963
102.20499999999998,30326.120853043805
96.68,36439.452204112895
91.155,44180.2454370555
85.63,54099.73334144545
80.105,66981.04161194789
74.58000000000001,83958.43872158683
69.055,106710.78356055047
63.53,137784.69748588416
58.01,181106.3662808759
52.48500000000001,243149.01113191203
46.96,334587.24434170406
41.435,474167.90553426975
35.91,696567.6568769857
30.385,1070498.8197833
24.86,1744874.160477198
19.335,3084772.008357228
13.81,6167642.711465984
8.285,15404733.106109126
2.76,73806036.57286605
785.2099999999999,16.83597717319953
771.31,18.046874394234138
757.415,19.36813005052641
743.52,20.812552607537928
729.6199999999999,22.394777042067616
715.72,24.13026655948076
701.825,26.036469052063605
687.9300000000001,28.134687254639758
674.03,30.44948290756656
660.13,33.00733458894136
646.235,35.83845139262267
632.34,38.97974909673147
618.4399999999999,42.474246443990815
604.54,46.36930546764534
590.645,50.71965964327489
576.75,55.59243375290758
562.8499999999999,61.06684774209306
548.95,67.23210069823847
535.0550000000001,74.19284962684434
521.16,82.07832699315128
507.2600000000001,91.04340771658224
493.36,101.26681003429208
479.465,112.96207849135018
465.5700000000001,126.39579733555166
451.67,141.89353427829542
437.77,159.84150245799168
423.875,180.7116107169983
409.98,205.1026011334899
396.08,233.7632759442669
382.18,267.6109899668411
368.285,307.7986871315055
354.39,355.82375964443037
340.49,413.6174121228288
326.59,483.64007843494824
312.695,569.099762599945
298.8,674.3053814373213
284.9,805.0488134970725
271.0,969.0894547208038
257.105,1177.0633981414176
243.21,1443.98088362498
229.31,1791.2320674137768
215.41,2249.5208268218885
201.515,2864.097928062572
187.62,3703.881604484363
173.72,4876.203503972632
159.82000000000002,6552.0259964433435
145.925,9014.056260076173
132.02999999999997,12751.865581234892
118.13,18652.77162344198
104.23,28411.302037163765
90.335,45498.88035757873
76.44000000000001,77695.76897982384
62.54,144506.1341969072
48.64,302767.0188731193
34.745,759489.2371583605
20.85,2612484.451245177
6.949999999999999,20426996.41295734
486.655,106.7110874318365
469.58,122.32294344923169
452.505,140.89766915612543
435.43,163.13651445689285
418.35,189.9508974627051
401.275,222.49880892609428
384.2,262.32821324559296
367.12500000000006,311.4849031365069
350.04999999999995,372.7179878100284
332.975,449.77040573847677
315.90000000000003,547.8117377394647
298.825,674.0951940896418
281.75,838.9756074548457
264.67,1057.5968746545916
247.595,1352.2464719347554
230.52,1757.117588523045
213.445,2325.648533094638
196.37,3144.1328834436563
179.295,4357.003481842118
162.22,6216.308075170173
145.14,9185.21847248986
128.065,14161.036578474592
110.99,23024.16359454355
93.915,40079.84551665343
76.83999999999999,76426.44367461366
59.765,165677.91326057457
42.69,436799.85350481205
25.615,1625408.252932787
8.540000000000001,14650068.10951775
591.2649999999999,50.51493645120644
577.0150000000001,55.49415884804181
562.765,61.10234919656545
548.52,67.43495087850638
534.2750000000001,74.60971209372545
520.025,82.76774701739885
505.775,92.07207943953827
491.53,102.71756828953359
477.285,114.94730604495116
463.035,129.05819127388477
448.79,145.39660322149012
434.545,164.404809465761
420.295,186.63240302733556
406.045,212.74753931389057
391.8,243.58384834743293
377.555,280.216524791974
363.305,324.0207835616917
349.055,376.7316372803135
334.81,440.5893763184279
320.565,518.5741672883637
306.315,614.6468607362506
292.07,733.997997240389
277.825,883.7911695425988
263.575,1073.918247014261
249.325,1318.0667223269304
235.08,1635.6338039397738
220.835,2054.9456226908874
206.585,2618.015678340801
192.335,3388.0578668226735
178.09000000000003,4463.12942395956
163.84500000000003,6001.166034367858
149.595,8264.809403046798
135.35000000000002,11704.740444746234
121.105,17140.917546593206
106.855,26149.04243161173
92.605,41963.6894444308
78.36,71834.19495811955
64.11500000000001,133997.4269723776
49.865,281946.906595384
35.615,711852.9632758168
21.37,2472290.078930578
7.125,19644835.194690704
506.93,91.27075473110087
502.365,94.48976854023813
496.995,98.46029703306547
491.62,102.6456143899761
486.245,107.05573109179633
480.875,111.70085411604035
475.505,116.60070885675873
470.13000000000005,121.77719361488074
464.75500000000005,127.24420099403784
459.385,133.0159969170786
454.0100000000001,139.12469427073762
448.635,145.5881858674501
443.265,152.42494302990752
437.89,159.67478058946574
432.515,167.36090106607796
427.145,175.50738531469406
421.775,184.1557262431722
416.4,193.3523107965226
411.025,203.13033347463255
405.655,213.52449515311568
400.28,224.60285604782013
394.905,236.4092624594938
389.535,248.98980552697122
384.165,262.41863079162204
378.79,276.7791365670942
373.415,292.1357849971179
368.045,308.5568586989488
362.6700000000001,326.1653678162713
357.295,345.0484143225649
351.925,365.29881570622285
346.555,387.0572621795128
341.18000000000006,410.4831914750992
335.805,435.709044447672
330.43500000000006,462.8771411753666
325.06,492.2252272852621
319.685,523.937370688073
314.315,558.212694874885
308.94500000000005,595.3382400932451
303.57,635.6423724579506
298.195,679.4169966690214
292.825,726.9809227539031
287.45,778.832988231172
282.07500000000005,835.3935370285816
276.705,897.1252297611453
271.33,964.734291563986
265.955,1038.8370762061436
260.58500000000004,1120.117689133234
255.215,1209.509720287618
249.84,1308.1010606205223
244.465,1416.9516887975437
239.095,1537.2527065494323
233.72,1670.7349841631076
228.34500000000003,1819.0345881129142
222.975,1984.0090967500603
217.605,2168.1311260538455
212.23,2374.335488427183
206.855,2605.6672304118865
201.485,2865.6382308630905
196.11,3159.1743583115276
190.735,3491.3119035553755
185.365,3867.938263507865
179.995,4296.801999048105
174.62,4787.341632433362
169.245,5350.008883057613
163.875,5997.282522608304
158.5,6746.356938187083
153.125,7616.292781463375
147.755,8630.28190788703
142.385,9819.061637181025
137.01,11221.552638534416
131.635,12884.128421619822
126.265,14864.986307138648
120.89,17244.908414255577
115.515,20121.99200219343
110.145,23622.999156304442
104.775,27922.027752153
99.4,33253.96474500142
94.025,39926.532641913
88.65500000000002,48358.328408420646
83.27999999999999,59160.550682883295
77.905,73171.60921344571
72.53499999999998,91594.33686888004
67.16,116267.79589231707
61.785,149911.3301542083
56.415,196730.0263365289
51.045,263572.901511441
45.67,361934.87451677193
40.295,511691.47265413374
34.925,749307.9764515959
29.55,1147703.914082273
24.175,1863242.5897557456
18.805,3276169.450670927
13.435,6505422.345355726
8.059999999999999,16117261.47888346
2.685,76391121.76613456
652.89,34.446124687844815
644.245,36.268399020182436
635.595,38.213957897546834
626.9449999999999,40.29175342714202
618.2950000000001,42.512720219420196
609.65,44.88744175589928
601.005,47.43033135243118
592.355,50.15751800449947
583.705,53.08358522988976
575.0600000000001,56.22431283703606
566.415,59.60081889170509
557.7650000000001,63.2368491947864
549.115,67.15446538876151
540.47,71.37771176855493
531.825,75.93827284950989
523.175,80.87197119663756
514.525,86.21298715111784
505.88,91.99886923516544
497.235,98.27844049686294
488.585,105.10724763407427
479.935,112.53970147370221
471.29,120.63610235663083
462.645,129.47399075629662
453.99500000000006,139.1422270613436
445.345,149.73015510485138
436.7,161.3377703646707
428.055,174.09255003653445
419.405,188.14182038574828
410.755,203.63763453520386
402.11,220.75208839155528
393.465,239.70327939731686
384.815,260.74578447992764
376.165,284.14941796995055
367.52,310.223516447369
358.875,339.35899698177644
350.225,372.01760779381084
341.575,408.7023256689542
332.93,449.99854391077537
324.285,496.6466257394131
315.635,549.5337226952341
306.985,609.6544955126521
298.34,678.1874963270691
289.69500000000005,756.6309704311752
281.045,846.8122045340733
272.395,950.8449318048752
263.75,1071.2887673237221
255.105,1211.4323680924513
246.455,1375.37670662423
237.805,1568.0345231515373
229.16,1795.5186397886628
220.515,2065.823928336915
211.865,2389.210133264372
203.215,2778.481078643098
194.57,3250.1361151613705
185.925,3826.362137328063
177.275,4536.745111370878
168.625,5420.12062754673
159.98000000000002,6528.949402379319
151.335,7936.853323245965
142.685,9747.437990685274
134.03500000000005,12106.116749571624
125.39,15223.010361262846
116.745,19413.525842241714
108.095,25158.98848853746
99.445,33204.26366404271
90.8,44745.152650654556
82.155,61793.49030491582
73.505,87868.20901076762
64.85499999999999,129392.31904842713
56.21,198859.40005539302
47.565,322661.9497957712
38.915000000000006,562308.0865836678
30.265,1081176.218662635
21.62,2408368.5937888096
12.975,6954687.540367929
4.325,40946321.859300844
549.015,67.20150370420026
531.5849999999999,76.07000241020512
514.16,86.44791332279426
496.735,98.65778327952178
479.305,113.10631844691989
461.87500000000006,130.29985744422328
444.445,150.88879778284138
427.015,175.71067644342142
409.585,205.85433093560917
392.155,242.74990940274694
374.725,288.29683985890324
357.295,345.0484143225649
339.86499999999995,416.4822471335822
322.435,507.4034007747816
305.01,624.5184232660996
287.585,777.4750655128433
270.15500000000003,980.353917960254
252.725,1253.9834420229088
235.295,1630.1694576062046
217.865,2158.7361313383453
200.435,2920.2077897661566
183.005,4049.4896733467376
165.575,5782.263316129078
148.145,8551.15413313559
130.715,13198.907348903158
113.285,21491.070673847917
95.86,37474.171372861805
78.435,71616.69796925693
61.005,155765.56400685734
43.575,412671.46269261267
26.145000000000003,1547785.3822703715
8.715,14162093.69054504
397.49500000000006,230.6257822559242
385.26,259.6082121034394
373.025,293.29100682470494
360.795,332.6022168115121
348.565,378.72806725322135
336.335,433.1370567754877
324.105,497.68062894226154
311.875,574.7117169543695
299.645,667.2462346167189
287.415,779.185526297205
275.185,915.6264631842835
262.955,1083.2993138912077
250.725,1291.1946975996445
238.495,1551.4749190388663
226.265,1880.8206275320213
214.035,2302.456817527864
201.805,2849.261599199006
189.575,3568.641375643323
177.345,4530.362935832246
165.115,5839.479548791149
152.885,7658.319976683466
140.655,10245.199483335506
128.42000000000002,14027.16653087278
116.18500000000002,19732.138124717658
103.955,28662.262989713712
91.725,43291.793213088895
79.495,68629.36300987143
67.265,115710.7545163935
55.035,211641.3516353389
42.80499999999999,433565.308834569
30.575,1053867.2565591524
18.345,3455096.9296289473
6.115,24864133.35823379
677.2,29.901222177419527
669.375,31.277558541511045
661.5450000000001,32.73496773038291
653.715,34.27826809886548
645.885,35.91360669451665
638.0550000000001,37.647650038954524
630.225,39.487634914553254
622.395,41.44142480638352
614.565,43.517572707899234
606.74,45.72393712730262
598.915,48.07193414536703
591.0849999999999,50.57426562722405
583.255,53.24157342941052
575.425,56.087084815947435
567.5949999999999,59.12528115787349
559.765,62.37203569912948
551.935,65.84476858620049
544.1049999999999,69.56262159936233
536.28,73.54402157897619
528.455,77.81441971154868
520.625,82.40239782393601
512.795,87.33359705949087
504.965,92.63929898986977
497.135,98.35416297869426
489.305,104.51664958829713
481.475,111.16950465071275
473.645,118.36031381757805
465.815,126.14213917917951
457.99,134.56864599060978
450.165,143.71080369723268
442.335,153.6494312448272
434.505,164.46242419968655
426.675,176.2437544811287
418.845,189.09939315243588
411.015,203.14909420769777
403.185,218.52848237071376
395.355,235.39150359525792
387.53,253.90091186748802
379.705,274.2663565114807
371.875,296.7308437808822
364.045,321.5437788449251
356.21500000000003,349.0061104454261
348.385,379.464770738799
340.555,413.32088572337267
332.725,451.0396728814884
324.895,493.16242036142376
317.06999999999994,540.2891739138952
309.245,593.1842242895225
301.415,652.7566447242694
293.585,720.0018936032952
285.755,796.1375319097982
277.92499999999995,882.6127173441788
270.095,981.159972131207
262.26500000000004,1093.860347202911
254.43500000000003,1223.2259500620032
246.61,1372.2028981210126
238.785,1544.5803946983995
230.955,1745.0521454085458
223.125,1979.1526413486538
215.295,2253.8894675441707
207.465,2578.0360212639916
199.635,2962.659324817652
191.805,3421.8323309857324
183.975,3973.6053221667094
176.15,4640.876169572854
168.325,5454.45839462994
160.495,6455.358934202475
152.665,7697.100192094844
144.83499999999998,9252.81732496608
137.005,11222.970129978057
129.175,13747.685854052977
121.345,17025.7607508799
113.515,21344.57471060161
105.69,27124.09270974495
97.865,35006.62127268167
90.03500000000001,45993.619296359655
82.205,61673.384401517964
74.375,84686.89328860235
66.54499999999999,119599.08453353564
58.715,174699.80070649437
50.885,265973.8238388323
43.05499999999999,426637.68740191526
35.23,732449.803230591
27.405,1381508.862086379
19.575000000000003,3002912.6957396106
11.745,8382358.445232329
3.915,46894878.482431285
500.65,95.73570046559708
493.745,100.96486406311337
486.835,106.5602186569022
479.93,112.5441844457867
473.025,118.95421677623148
466.12,125.82724927795182
459.215,133.2040059516598
452.31,141.12945239912486
445.405,149.65330840551758
438.5,158.83063128614515
431.595,168.7224810229699
424.69,179.3966801360449
417.785,190.92868352533344
410.875,203.411972074004
403.97,216.9224029829521
397.065,231.57362664868072
390.16,247.48323802021187
383.255,264.7832237887557
376.35,283.62201149069693
369.4450000000001,304.16685283903354
362.54,326.6066029861682
355.63500000000005,351.1549701894477
348.725,378.07472042923916
341.82,407.6025909642563
334.915,440.0711514819309
328.01000000000005,475.8390594456048
321.105,515.3170770251149
314.20000000000005,558.9769076171351
307.295,607.3617552568128
300.39,661.09898853581
293.485,720.9153857556682
286.58,787.6555596284876
279.675,862.304316061554
272.76500000000004,946.0781149296686
265.86,1040.2096688275412
258.955,1146.3512347947317
252.05,1266.390463583095
245.145,1402.5705971419693
238.24,1557.56917512363
231.335,1734.5969071702425
224.43,1937.5226231269346
217.52500000000003,2171.032178655901
210.615,2441.042008631617
203.71,2754.155204882827
196.805,3119.1671188886603
189.9,3546.761557447885
182.995,4050.2813849771064
176.09,4646.5134031700745
169.18499999999997,5356.7440985655
162.27999999999997,6208.194375590864
155.37499999999997,7235.990894000271
148.47,8485.906962480334
141.565,10018.22239371706
134.65500000000003,11914.762541870306
127.75,14281.164867796322
120.845,17266.773865014165
113.94,21077.15237590559
107.035,26002.333228954074
100.13,32459.075037408475
93.225,41058.56558892141
86.32000000000001,52717.891653777035
79.415,68849.2971501962
72.505,91712.71255660297
65.6,124955.42880862566
58.695,174877.575782319
51.790000000000006,252747.05844446478
44.885,379967.90429270215
37.98,600252.813389132
31.075,1011651.8525897998
24.17,1864144.1325444216
17.265,3928683.8000265188
10.36,10515245.516371248
3.455,55360689.57354008
344.95,393.87319171527054
324.045,498.0258947464274
303.135,639.0513740737729
282.23,833.691900961679
261.32500000000005,1108.4559041223388
240.42,1506.4184539327705
219.515,2100.2861390179187
198.605,3018.4590795679924
177.70000000000002,4498.168583536772
156.79500000000002,7008.171070849881
135.89,11544.749802426291
114.985,20437.239631912566
94.075,39857.088119027285
73.17,89133.15899537636
52.265,246136.70619198788
31.36,988554.3205930461
10.455,10346464.9709023
589.99,50.93706774898217
580.07,54.3767481800854
570.155,58.109805561595465
560.2400000000001,62.168819161440936
550.3249999999999,66.58855075547656
540.4100000000001,71.40816560726114
530.4949999999999,76.67188174887991
520.58,82.42972899013986
510.66,88.74176951070892
500.745,95.66614844183015
490.83,103.27936775504587
480.915,111.66533217345831
471.0,120.92011754726617
461.085,131.1540314154034
451.17,142.4940745338725
441.25000000000006,155.09358590588042
431.335,169.10978311585313
421.42,184.74602946249428
411.505,202.23236004188996
401.59,221.83784367480652
391.67,243.89013023830523
381.755,268.73935272108224
371.84,296.8363232552916
361.925,328.70413037662126
352.01000000000005,364.96687505158036
342.095,406.37259847528804
332.18,453.8222362153392
322.26,508.4359496840399
312.345,571.4866889799235
302.42999999999995,644.6250040839631
292.515,729.8519107193781
282.6,829.6474197661042
272.685,947.106241278354
262.77,1086.1183375370133
252.85,1251.7025535482833
242.935,1449.9895183285798
233.02,1689.1690958559998
223.105,1979.7993089733677
213.19,2335.762478224799
203.275,2775.51821207239
193.36,3323.914202673902
183.44,4015.236836486569
173.52499999999998,4895.728237885445
163.61,6031.696015390012
153.69500000000002,7517.629186610353
143.78000000000003,9491.4985883295
133.86,12160.823162043693
123.945,15838.238179978756
114.03,21021.061317268806
104.115,28515.912941531256
94.2,39684.13835609744
84.285,56926.52272689053
74.36999999999999,84704.75946383986
64.45,131887.56101267814
54.535,217394.05177231808
44.62,386311.24081818573
34.705,761775.624809074
24.79,1756516.4337212536
14.875,5327976.323646782
4.96,33793774.131389804
248.145,1341.26114754413
240.51,1504.352229184264
232.875,1693.0193446096282
225.24,1912.233485307959
217.605,2168.1311260538455
209.97,2468.3375080281776
202.335,2822.394487530226
194.7,3242.3319557835252
187.065,3743.438472353732
179.42999999999998,4345.311451699153
171.795,5073.304411394236
164.16,5960.545561604463
156.52500000000003,7050.790115064647
148.89,8402.50778083145
141.25,10096.072217501302
133.61499999999998,12237.933229607303
125.98,14980.430476220863
118.345,18538.04758868362
110.71,23220.464631409795
103.075,29484.23590864643
95.44,38018.42127703462
87.80499999999999,49891.00212012319
80.16999999999999,66808.34502049687
72.535,91594.33686888
64.9,129118.74950830192
57.26499999999999,188201.509007958
49.63,285797.36676645366
41.995,457012.47140535177
34.36,781864.3005810875
26.725,1468220.9538915867
19.09,3171375.163609178
11.455,8776205.692037022
3.82,48467260.47732023
115.025,20413.232452687596
110.99,23024.16359454355
106.95,26071.483678260665
102.915,29636.845777272938
98.88,33835.11098939169
94.845,38806.52398858093
90.81,44729.11616927042
86.77,51840.50306791478
82.735,60418.10041839287
78.69999999999999,70854.80070115751
74.665,83658.70596922944
70.63,99508.69278788437
66.59,119351.29409834686
62.555,144401.25294176
58.52,176442.86953236788
54.48500000000001,217980.10876758522
50.45,272642.3582239579
46.415,345810.7089925129
42.38,445672.62287506036
38.34,585269.1240921108
34.305,785128.9548697463
30.27,1080728.6135104895
26.235000000000003,1535081.6435706194
22.2,2268131.143896335
18.160000000000004,3530671.9436892564
14.125,5901875.36294859
10.09,11016238.00953171
6.055000000000001,25236085.97176546
2.02,107998392.98083478
87.07000000000001,51265.741803255674
79.495,68629.36300987143
71.925,94039.56563795009
64.35499999999999,132481.60895630787
56.785,192958.98761995867
49.215,292760.7670357665
41.645,467640.50190694793
34.075,798970.853177918
26.500000000000004,1498447.1429950474
18.925,3231500.6994081726
11.355,8917876.041828264
3.785,49067619.83501886
204.62,2710.1259440308813
199.695,2959.4487916253306
194.225,3270.9613857538493
188.755,3624.6010827196037
183.285,4027.4001484470664
177.815,4487.800851896949
172.34,5016.505813018228
166.86499999999998,5625.509457012977
161.395,6329.228936510817
155.92499999999998,7146.6665994352325
150.455,8100.638668368727
144.985,9219.494444869126
139.515,10538.707236467902
134.04500000000002,12102.999985352371
128.575,13969.21341080813
123.1,16212.463837791593
117.625,18925.75776319496
112.155,22229.392116523544
106.685,26288.554854341175
101.215,31321.12203534722
95.745,37622.21546130815
90.275,45597.292072741344
84.805,55812.15326675272
79.33500000000001,69070.1169710829
73.86000000000001,86552.25500413441
68.385,109972.75988679544
62.915,141912.59800423306
57.44499999999999,186455.614555267
51.975,250146.1778465058
46.505,343924.83551603905
41.035,486923.8567684556
35.565,714485.8557564036
30.094999999999995,1096536.9715719593
24.62,1785210.8159513224
19.145000000000003,3151659.2504819436
13.675,6286465.976961527
8.205,15652850.883634822
2.735,74651455.37468189
992.63,6.746673005753292
971.71,7.332801779612039
950.815,7.9831690096206005
929.92,8.707268489123399
909.02,9.515567184149303
888.125,10.41964951177775
867.2299999999999,11.433705280118389
846.33,12.57447527949611
825.435,13.860813480676422
804.5400000000001,15.315935605753069
783.64,16.967551501039797
762.74,18.847936325912208
741.8450000000001,20.995643311215236
720.9499999999999,23.45818647970836
700.0500000000001,26.29334074165454
679.155,29.56924496361533
658.2600000000001,33.371643042600894
637.3599999999999,37.806574000891096
616.46,43.003397626702835
595.565,49.123143609421696
574.67,56.37140420436293
553.7700000000001,65.00966117331393
532.875,75.36529784883008
511.98,87.8678232090249
491.08,103.07828514493767
470.185,121.72278620451557
449.29,144.78073908572154
428.39,173.5752969103377
407.49,209.89944896697716
386.595,256.2325230409453
365.7000000000001,316.0891104599078
344.8,394.5178354014931
323.905,498.8326804278663
303.01,640.03519840273
282.11,835.0089172703538
261.21,1110.258209698418
240.315,1508.8335375695062
219.42,2103.597325710135
198.52,3023.1224104655425
177.62499999999997,4504.946296347743
156.73,7018.4016782147855
135.83,11562.390757512172
114.935,20467.29836959243
94.04,39905.68336344511
73.14,89247.55110802085
52.24,246479.1412479796
31.345,989753.0730456718
10.45,10355254.503692763
350.435,371.1793224738427
346.52,387.2043160758966
342.6,404.1259468059478
338.685,421.959021822965
334.77000000000004,440.7869959992901
330.855,460.67724549679826
326.94,481.7025320851896
323.02500000000003,503.9415009621772
319.11,527.4792309632337
315.195,552.4078433613306
311.28,578.827176274286
307.365,606.8455326334355
303.45,636.580510741411
299.53,668.201496345916
295.61499999999995,701.7670432035873
291.69999999999993,737.4677509119692
287.785,775.4687655277712
283.86999999999995,815.9503357641116
279.955,859.109412971483
276.04,905.1614444488076
272.125,954.3423864054577
268.21,1006.9109668931989
264.295,1063.1512336971168
260.38,1123.3754276409823
256.46000000000004,1188.0125943883543
252.545,1257.2770610515213
248.63,1331.6665491352733
244.715,1411.6431807503309
240.8,1497.7184603777816
236.885,1590.4594026481764
232.97,1690.4955295448776
229.055,1798.5268763756371
225.14,1915.333170838965
221.225,2041.7843794651228
217.31,2178.852851725625
213.39,2327.825331589988
209.475,2489.5445397966387
205.56000000000003,2665.5657498293053
201.645,2857.4352384024837
197.73,3066.8980587613196
193.81500000000003,3295.9278155439706
189.9,3546.761557447885
185.985,3821.940785082776
182.07,4124.359789675561
178.155,4457.322809804976
174.24,4824.611832457113
170.32,5231.112528382012
166.40500000000003,5680.78895014291
162.49,6179.900592060154
158.57500000000002,6735.123694165861
154.66000000000005,7354.2120130956
150.745,8046.200547452083
146.83,8821.653711970815
142.91500000000002,9692.969021532286
139.0,10674.750456567244
135.085,11784.269773025537
131.17000000000002,13042.039437834377
127.25,14474.477384870399
123.335,16107.287654952002
119.42,17977.503515519544
115.505,20127.88345668873
111.59,22610.47169314073
107.675,25488.98311033449
103.76,28841.90234548378
99.845,32766.54359956216
95.93,37384.41515260231
92.015,42848.373618028934
88.1,49352.25988081299
84.18,57154.91826148581
80.265,66556.9466220885
76.35,77985.00804806933
72.435,91989.67100582452
68.52,109305.51671919596
64.60499999999999,130925.501000721
60.68999999999999,158211.22828712303
56.775,193059.703778953
52.86000000000001,238161.02991942
48.945,297406.47897310625
45.03,376552.7807467788
41.10999999999999,484499.2763418921
37.195,634654.2717374206
33.28,849278.0825592635
29.365,1165765.5678689221
25.45,1650593.791714117
21.535,2429858.1893391674
17.62,3764077.599114979
13.705,6259796.74336058
9.79,11612564.418506041
5.875,26402742.809521023
1.96,111932515.03798312
392.025,243.0548806312024
374.6,288.6604185974797
357.18,345.46715700475255
339.75500000000005,416.9890227923504
322.33,508.02261513056084
304.91,625.283014943797
287.485,778.4806495996925
270.06,981.6305531517561
252.64000000000004,1255.5374157530377
235.215,1632.2000315974142
217.79,2161.4409911040725
200.37,2923.6284562563333
182.945,4054.24284936071
165.52,5789.067348596224
148.10000000000002,8560.23778292377
130.67499999999998,13212.810639303847
113.25,21513.473841760664
95.83,37512.721038315874
78.405,71703.59739824013
60.98,155957.91766831296
43.56,413066.155538172
26.135,1549205.2498908748
8.71,14175715.10537296
330.51,462.48334083867707
327.985,475.97503501749236
323.40000000000003,501.7564850669723
318.815,529.3079798301244
314.225,558.8106631817357
309.635,590.3985517048914
305.05,624.2129139561091
300.465,660.4840689870665
295.875,699.4734618853179
291.29,741.3366039926161
286.705,786.3802884951641
282.115,834.9539896688573
277.52500000000003,887.3383516783321
272.93999999999994,943.8339499371781
268.355,1004.9003390517257
263.76500000000004,1071.0637581822352
259.17999999999995,1142.6846665882638
254.59500000000003,1220.396568499705
250.005,1304.9281244226943
245.415,1396.9111142361267
240.83,1497.034298421053
236.245,1606.2962221207142
231.655,1725.8532018836909
227.06500000000003,1856.7507037468715
222.48,2000.1415187050552
217.895,2157.6553730086785
213.30500000000004,2331.194490138991
208.72000000000003,2522.331490488138
204.135,2733.4815900450617
199.545,2967.4832985664557
194.955,3227.0917705070506
190.37,3515.415963495879
185.785,3836.703538283301
181.195,4196.0005808767755
176.60500000000002,4598.404459627373
172.02,5049.75841728165
167.435,5557.941441200133
162.84500000000003,6132.436606903804
158.26000000000002,6782.461246385423
153.675,7521.063892302228
149.085,8364.135541863907
144.49499999999998,9328.909169942977
139.90999999999997,10435.831762544854
135.325,11712.21444544145
130.735,13191.962573552937
126.14999999999998,14911.434489374667
121.565,16921.0504169311
116.975,19284.535604084325
112.385,22076.56888555507
107.8,25390.206431116967
103.215,29351.509496842176
98.625,34124.74901747146
94.035,39912.63160552821
89.45,46977.925869693274
84.865,55685.340437771265
80.275,66530.55277378712
75.69000000000001,80147.95514847376
71.105,97457.35133675169
66.51499999999999,119764.63767850467
61.925,148890.0632935241
57.34,187471.5603325794
52.755,239544.5469953778
48.165,311360.9073081903
43.58,412540.0045340533
38.995000000000005,559204.7655197813
34.40500000000001,779206.0744958145
29.815,1122451.3084061972
25.23,1684962.5986869035
20.645,2670595.0014511696
16.055,4566589.519408889
11.465,8762208.379609803
6.88,20752550.05442137
2.2950000000000004,92649715.25252758
1314.35,2.242769086918732
1291.85,2.4003470046648054
1269.4,2.5716127134881326
1246.95,2.75842975271124
1224.45,2.962999118939299
1202.0,3.18636889779277
1179.55,3.4311903600568523
1157.05,3.700611394118063
1134.6,3.996313120452333
1112.15,4.322150119062871
1089.65,4.682726239792944
1067.2,5.080768790932245
1044.75,5.52201909690015
1022.25,6.01338102602899
999.78,6.559864098052606
977.325,7.169432822298611
954.86,7.851803959423851
932.395,8.617328231952056
909.925,9.478670901905776
887.455,10.45037775161766
864.9899999999999,11.5496017751784
842.525,12.79723693319241
820.055,14.218329872550317
797.585,15.842285525604773
775.12,17.704426256693488
752.655,19.848404502886574
730.185,22.327590111460424
707.72,25.205568884941215
685.255,28.562599153924527
662.785,32.49859208785501
640.3149999999999,37.13660136774829
617.85,42.63106724422909
595.3850000000001,49.180436087179004
572.915,57.03929982293104
550.4449999999999,66.53275249059122
527.98,78.0835007678369
505.515,92.25367555843785
483.045,109.79401730744598
460.58,131.70372347050505
438.115,159.36276265361633
415.645,194.6896974334781
393.175,240.3735853439983
370.71,300.2671362290396
348.245,380.0390014327572
325.775,488.18969742420325
303.305,637.7164056669512
280.84,849.108092905794
258.375,1155.870908103442
235.905,1614.789765911833
213.44000000000003,2325.8463186220924
190.975,3475.5752748642267
168.50500000000002,5433.823181494423
146.035,8990.391757733236
123.57,16002.964651246442
101.105,31434.18807843354
78.635,71040.73534731155
56.165,199330.7060836355
33.7,822213.2052554642
11.235,9092044.904059652
660.835,32.871279721611025
639.165,37.39555708377968
617.5,42.7244386426753
595.835,49.037361244052846
574.1650000000001,56.56258416861642
552.5,65.58621584639275
530.8349999999999,76.48350272746197
509.165,89.74474469319274
487.5,106.00514953310338
465.835,126.12146049933237
444.165,151.25154883754593
422.5,182.95748493163472
400.835,223.42618911076391
379.165,275.7458421612861
357.5,344.3035326844399
335.835,435.5629512136834
314.165,559.209753734618
292.5,729.9911887835926
270.835,971.2762563264139
249.165,1321.1821686365233
227.5,1843.8243424188106
205.835,2652.7031042570557
184.165,3958.950351936741
162.5,6178.5572983893635
140.83499999999998,10199.796129081178
119.165,18108.52723983129
97.5,35440.30700994327
75.835,79666.36686756054
54.165000000000006,221778.4350751977
32.5,902628.8957137893
10.835,9707469.841586942
485.495,107.68978555332302
476.585,115.59400142943761
467.675,124.23701698298673
458.77,133.69772264011613
449.865,144.07652161007445
440.955,155.48916732894168
432.045,168.05476744868992
423.1350000000001,181.9159885680065
414.225,197.2365288007909
405.32,214.1947145114599
396.415,233.01567956610265
387.505,253.96290843006523
378.595,277.3183629491658
369.685,303.42213993387423
360.78,332.6543489158941
351.875,365.4942512522006
342.965,402.5117921769342
334.055,444.33821761863663
325.14500000000004,491.7432999432485
316.23999999999995,545.6122680181159
307.33500000000004,607.066703694127
298.425,677.4680481514886
289.515,758.3816590681082
280.605,851.7495493384919
271.695,959.9456860754957
262.79,1085.8131362905688
253.885,1233.0147317305739
244.975,1406.1486910507208
236.06500000000003,1610.7858249931735
227.155,1854.0670075619862
218.25,2144.917643087393
209.345,2495.151813498039
200.435,2920.2077897661566
191.525,3439.8455155426072
182.615,4080.510460247324
173.70499999999998,4877.701943413323
164.8,5879.069312563963
155.895,7151.503126144682
146.985,8789.218236295304
138.07500000000002,10924.667649874804
129.165,13751.34178218077
120.26,17554.210117423863
111.355,22771.382499192565
102.445,30090.89987695614
93.535,40615.18503511686
84.625,56194.77254416386
75.72000000000001,80048.0168110542
66.815,118121.98140077967
57.905,182085.70193336677
48.995,296539.1737384898
40.085,519009.7595242482
31.175,1003469.6671809467
22.27,2251930.2152135563
13.364999999999998,6571214.293065206
4.455,39303223.7972376
771.7799999999999,18.004185090660833
752.24,19.890979168301293
732.7049999999999,22.030974603171583
713.1700000000001,24.466681568587838
693.63,27.24928346956764
674.09,30.438989605180737
654.55,34.109416791986376
635.0100000000001,38.350192911176364
615.4699999999999,43.27106361814793
595.9300000000001,49.00722310251327
576.395,55.72442624312269
556.8599999999999,63.63310195017675
537.32,72.99873876559357
517.7799999999999,84.15285589503472
498.24,97.52146162237216
478.7,113.65381155605047
459.16,133.2649035244186
439.62,157.29519309413587
420.08,186.995646481367
400.545,224.04006007314487
381.01,270.73169699962983
361.47,330.26680779371804
341.93,407.11003613991477
322.39,507.6686627327048
302.85,641.2972588123673
283.31,821.9548673033455
263.77,1070.988768269104
244.235,1421.857584251993
224.7,1929.0466847496891
205.16,2684.4146511789813
185.62,3848.9365517040665
166.08,5720.255330932093
146.54,8882.742885390426
127.0,14572.362536307546
107.46,25660.00817884001
87.925,49670.966851710575
68.38999999999999,109947.95600051607
48.85,299063.2057716386
29.309999999999995,1171205.3697600898
9.77,11653900.57887837
245.365,1397.95700886118
239.96,1517.034766292116
233.2,1684.404699772149
226.44,1875.522137110925
219.68,2094.5506100048888
212.92,2346.531402627376
206.16,2637.6017327760264
199.4,2975.2759431429477
192.64,3368.8106072509486
185.88,3829.6823516200816
179.12,4372.218465881396
172.36,5014.436635886688
165.6,5779.173882430226
158.84500000000003,6694.877341179693
152.09,7799.624553667372
145.33,9143.420085159341
138.57,10790.02790891134
131.80999999999997,12825.320055600965
125.05,15365.037963304037
118.29,18567.31126654568
111.53,22651.41950037888
104.77,27926.46829723514
98.01,34836.18301460291
91.25,44030.59258721758
84.49000000000001,56483.89918340609
77.72999999999999,73694.31700219648
70.97,98034.91382280443
64.21000000000001,133394.81962340107
57.45,186407.40942932316
50.69500000000001,268860.895147571
43.94,403212.7478002572
37.18,635335.7030774698
30.42,1067410.0140744257
23.66,1959141.9323800674
16.9,4107971.41241741
10.14,10921004.497727884
3.3800000000000003,56971407.38358068
185.25,3876.5460590277403
178.75,4404.606775062796
172.25,5025.830342575995
165.75,5760.680595270275
159.25,6635.0704714939475
152.75,7682.087855252154
146.25,8944.362531865518
139.74999999999997,10477.350677186998
133.25,12353.950528729696
126.75,14671.0780959874
120.25,17559.175452131854
113.75,21196.183956927736
107.25,25828.446481288764
100.75,31802.59056084104
94.25,39615.22202811276
87.75,49992.26029127688
81.25,64019.048760568854
74.75,83360.31623716246
68.25,110645.13233663031
61.75,150168.02352097904
55.25,209226.7456760087
48.75,300819.7444593048
42.24999999999999,449461.3768503352
35.75000000000001,704805.5703184406
29.25,1177176.8449679865
22.75,2144785.438830964
16.25,4454962.66614904
9.75,11695441.763324847
3.25,59947949.877214186
476.71,115.47818714654308
473.11,118.87257457515307
467.575,124.33852406354286
462.045,130.11695803493603
456.51,136.2407531554365
450.975,142.72914632657196
445.445,149.6021046651185
439.91,156.90065239110575
434.375,164.64984650214893
428.845,172.87583219271704
423.31,181.63026571137993
417.775,190.9460460764426
412.245,200.85768551570362
406.71,211.43086398071213
401.175,222.70915391717443
395.645,234.73851633330995
390.11,247.60334326572757
384.575,261.3618938879133
379.04,276.0897368987629
373.505,291.87000369188587
367.975,308.7784317948113
362.44,326.9465225922888
356.90500000000003,346.4710775209961
351.375,367.4558153014286
345.84,390.0752761229142
340.30499999999995,414.4628289816345
334.77500000000003,440.76228747895806
329.23999999999995,469.2086277277559
323.70500000000004,499.9880683912888
318.175,533.3027704939703
312.64000000000004,569.4740243457136
307.105,608.7657014873151
301.57500000000005,651.4663288300848
296.04,698.0227806620804
290.505,748.8151226847427
284.975,804.262147690806
279.44,864.9972277350431
273.90500000000003,931.5778399549129
268.37500000000006,1004.6234052401632
262.84000000000003,1085.0506022706752
257.305,1173.6939540297678
251.775,1271.489170055951
246.24,1379.7943012193932
240.705,1499.8875546683732
235.175,1633.2165048947145
229.64,1781.8465718853777
224.105,1947.787018855288
218.57,2133.51625577115
213.035,2341.9370619393335
207.505,2576.2369736495234
201.97,2840.8631439014252
196.435,3140.386521815711
190.905,3480.155941842056
185.37,3867.5645542644806
179.83500000000004,4310.47011550324
174.30499999999998,4818.210993587202
168.77,5403.6210132259475
163.235,6080.8177519658175
157.70499999999998,6866.883172457838
152.17,7785.2583647799975
146.63500000000002,8862.672758587049
141.105,10132.162362872523
135.57,11639.226053662394
130.03500000000005,13437.777964229907
124.505,15596.179957434308
118.97,18209.52974930069
113.435,21395.387511087738
107.905,25307.604482813953
102.37,30164.159986005034
96.835,36247.90815883308
91.305,43944.24204445514
85.77,53815.717570543544
80.235,66636.20708247075
74.69999999999999,83535.67737381022
69.165,106186.91790163089
63.635,137095.10625591193
58.1,180272.21203628698
52.565,242073.93003985568
47.035,333078.9879095251
41.49999999999999,472135.2466109004
35.965,693764.192133553
30.435,1066089.730810087
24.9,1738266.1176695658
19.365,3074381.2305372315
13.835,6145970.1874022605
8.3,15358833.456038078
2.765,73638849.20075311
196.785,3120.309519302196
191.395,3448.249101997123
186.0,3820.836445889421
180.605,4245.187170957242
175.215,4729.705029403927
169.82500000000002,5285.444991271588
164.435,5925.364203325561
159.045,6665.259138625648
153.65499999999997,7524.500562358145
148.265,8526.989986494196
142.87,9703.595953109341
137.47500000000002,11090.699993704398
132.085,12733.584330926355
126.695,14692.907800532741
121.305,17044.88610529676
115.915,19888.095074571647
110.525,23351.314871217633
105.13,27608.99834469783
99.735,32886.191765832074
94.345,39484.69399468265
88.95500000000001,47831.519474518325
83.565,58516.010906243435
78.175,72374.24460706694
72.785,90615.301213735
67.395,115025.72571686233
62.0,148346.55793100974
56.605,194782.05910379897
51.215,261051.81823217735
45.825,358503.09953915456
40.435,506885.2353050728
35.045,742616.897647969
29.655,1137612.0062760422
24.265,1847110.7153740292
18.87,3251874.138370853
13.475,6468224.715769373
8.085,16035804.074017022
2.695,76037853.90046772
960.685,7.667342675555458
952.375,7.932183519094198
939.59,8.362379570349253
926.81,8.821954578744677
914.025,9.313739442768016
901.24,9.840276913746488
888.455,10.40455622263258
875.67,11.009870931372546
862.8900000000001,11.659591426234147
850.105,12.358239571730454
837.3199999999999,13.11001224211774
824.5400000000001,13.919502952504072
811.755,14.792805899289574
798.9699999999999,15.735687819254958
786.1899999999999,16.75449420116664
773.405,17.85755840774812
760.62,19.052918763253803
747.84,20.349471589526086
735.0550000000001,21.758794767770965
722.27,23.292271328248773
709.4849999999999,24.963261165948225
696.6999999999999,26.78683202413803
683.92,28.779198556650403
671.135,30.96120220095171
658.35,33.35399468874034
645.5699999999999,35.981414990597635
632.785,38.873930745567385
620.0,42.06306217648871
607.22,45.58462465687673
594.4350000000001,49.4842007602535
581.65,53.80987371058805
568.87,58.61677765592356
556.0849999999999,63.97490443561853
543.3,69.95956735740853
530.52,76.65801060719812
517.735,84.1809148368513
504.95,92.64984419356682
492.165,102.2112370709337
479.38000000000005,113.03867731593613
466.6,125.3336724554877
453.815,139.35283616719875
441.03,155.38847631222137
428.25,173.79122837799196
415.465,195.01025036652157
402.68,219.56955534063346
389.9,248.10858181150053
377.115,281.45406535425803
364.33,320.59611506032326
351.55,366.76777402113964
338.765,421.58488002036444
325.98,487.0402950337981
313.20000000000005,565.6776948787596
300.415,660.8939358417668
287.63,777.0230826198443
274.845,919.8300132438534
262.06,1097.0228310025407
249.28,1318.9420120985321
236.495,1600.0865941684085
223.71,1960.353948085817
210.93,2427.8488802178194
198.145,3043.803848581863
185.36,3868.312017931074
172.58,4991.7460204107665
159.79500000000002,6555.640929626767
147.01,8784.000697494783
134.23000000000002,12045.520652674775
121.445,16978.06482891648
108.66,24723.4661365737
95.875,37454.91516841413
83.09,59595.19899078554
70.31000000000002,100921.30466558704
57.525000000000006,185686.21330909771
44.74,383422.31508985005
31.96,942088.380877904
19.175,3140972.738405756
6.39,23258709.826216545
447.97,146.41372781447043
443.555,152.0456105450268
439.145,157.9441070038481
434.73,164.13866932288505
430.315,170.63997496428195
425.905,177.45851426621857
421.49,184.62944460817752
417.075,192.1663455918861
412.665,200.08266068578743
408.25,208.4206172306237
403.835,217.1975543621803
399.425,226.43076226025946
395.01,236.17129407013525
390.595,246.44138976435386
386.18,257.2759850047123
381.765,268.71273474990625
377.355,280.7781980692367
372.94,293.5435435914254
368.525,307.0428433686487
364.115,321.310695199393
359.70000000000005,336.43486073647966
355.285,352.4597017656595
350.875,369.4305598512038
346.46,387.4565710297544
342.045,406.5958879301741
337.635,426.90833350351386
333.22,448.53085401251656
328.805,471.5402541703266
324.395,496.01605710652103
319.98,522.1317838318759
315.565,549.9897162811429
311.15500000000003,579.6964477525346
306.74,611.4741605437531
302.325,645.4603120526439
297.91,681.8417347007248
293.495,720.8239713483131
289.08500000000004,762.584408372304
284.67,807.4672626869881
280.25500000000005,855.7027116219834
275.845,907.534981508029
271.43,963.4193795928151
267.015,1023.6743884035528
262.605,1088.640345778309
258.19000000000005,1158.9281366282119
253.775,1234.9842299321226
249.365,1317.2892967609846
244.95,1406.67584376394
240.535,1503.7789070042552
236.125,1609.2875488980408
231.71,1724.3559337890183
227.295,1849.9020050822612
222.885,1986.930125499754
218.47,2137.071028486675
214.055,2301.6757388946958
209.64,2482.450295358935
205.225,2681.340385657566
200.81500000000003,2900.309926574883
196.4,3142.40309910531
191.985,3410.3147199111977
187.575,3707.069375968918
183.16,4037.2428666123174
178.74499999999998,4405.046506999554
174.335,4815.260344225375
169.92000000000002,5274.962987098493
165.50500000000002,5790.924732457579
161.095,6370.926761436011
156.67999999999998,7026.284097987512
152.265,7768.241505652482
147.85500000000002,8609.90566374139
143.44,9570.058097653884
139.025,10668.095820233133
134.61499999999998,11926.993178863242
130.2,13379.322613571705
125.78499999999998,15060.066009527214
121.37,17013.821052997446
116.955,19295.709441838557
112.545,21971.03292737323
108.13,25131.731256758652
103.715,28883.55781982545
99.305,33359.1959067519
94.89,38746.2076803558
90.475,45270.287095578125
86.065,53223.354723911616
81.65,63023.17437864641
77.235,75198.43912924925
72.825,90459.87797521656
68.41,109848.81076717118
63.995,134763.51975663073
59.585,167182.11212166445
55.17,210121.12613660164
50.755,267944.93312913657
46.345,347286.5473599755
41.92999999999999,458962.92229634244
37.515,620335.8476093125
33.1,861224.8923059761
28.685,1235368.3325767426
24.275,1845329.4400670775
19.86,2909354.0727625214
15.445,4940676.396733505
11.035,9392841.516621476
6.619999999999999,22030260.678632665
461.87,130.30524170272997
457.855,134.72010198765997
452.5,140.9036063686591
447.145,147.44604742845257
441.79,154.3727248182988
436.435,161.71104367967766
431.08,169.49071733955228
425.725,177.743992229127
420.37,186.50589776724996
415.015,195.81452432623058
409.66,205.71133283164605
404.305,216.24150004820893
398.9500000000001,227.45430418222404
393.595,239.40355610091453
388.24,252.14808224573576
382.8850000000001,265.7522662195763
377.53,280.2866570788299
372.175,295.8286535875295
366.8200000000001,312.46327512411733
361.465,330.28403161040035
356.11,349.3939068031545
350.75500000000005,369.90647160744595
345.40000000000003,391.9471468044758
340.045,415.6546378174725
334.69000000000005,441.1825679661655
329.33500000000004,468.70134120485613
323.98,498.40027074912723
318.625,530.4900164533005
313.27,565.2053815280874
307.915,602.8085284607715
302.56,643.5926851594302
297.205,687.8864258110885
291.85,736.0586272483181
286.495,788.5242214184217
281.14,845.7508886707221
275.785,908.2668660618993
270.43,976.6700810434409
265.075,1051.6388654108289
259.72,1133.9445593923783
254.365,1224.4663839656682
249.01,1324.2090444215753
243.655,1434.3236343861272
238.3,1556.1325428489258
232.945,1691.159234921071
227.59,1841.1639901402261
222.235,2008.1869534587788
216.88,2194.6002012401364
211.525,2403.170971197773
206.17,2637.1387828613865
200.81500000000003,2900.309926574883
195.46000000000004,3197.1737823571175
190.105,3533.046724841092
184.75000000000003,3914.2510868953295
179.395,4348.338945358108
174.04,4844.373572058138
168.685,5413.2855653228835
163.32999999999998,6068.326374474974
157.97499999999997,6825.649776283819
152.61999999999998,7705.062766027325
147.265,8731.00262249329
141.90999999999997,9933.81858312968
136.55499999999998,11351.467614639223
131.2,13031.778748232045
125.84499999999998,15035.50642050452
120.49,17440.491282920826
115.135,20347.394638884572
109.78,23887.69858889509
104.42499999999998,28235.015210540856
99.07,33621.30390304348
93.715,40360.49253721378
88.36,48883.47472389118
83.005,59790.94432506073
77.64999999999999,73934.83072276723
72.295,92546.74813559365
66.94,117445.90836785607
61.585,151385.62926024236
56.23,198650.38157721268
50.875,266124.7963792682
45.52,365295.6058971439
40.165000000000006,516206.28208268736
34.81,755792.4649003417
29.455,1156933.6901476907
24.100000000000005,1876825.119924176
18.745,3298807.5242962777
13.39,6547614.744578823
8.035,16199309.482421098
2.68,76568776.55149987
198.66,3015.4464249010093
193.755,3299.6014093546446
188.85,3618.061988684177
183.945,3975.925465411707
179.04,4379.196027202167
174.135,4834.974142019412
169.23,5351.69169300138
164.325,5939.4054799140085
159.42000000000002,6610.165662227382
154.515,7378.4810551034025
149.61,8261.910459329818
144.705,9281.819193316762
139.79999999999998,10464.353837363995
134.89499999999998,11841.707566207173
129.98999999999998,13453.77581036103
125.085,15350.34106462277
120.18,17593.982099097735
115.275,20263.985321406777
110.37,23461.65817992808
105.465,27317.627857475116
100.555,32007.256319543703
95.65,37745.0662750215
90.745,44833.48232827217
85.84,53674.41131235367
80.935,64817.23656155833
76.03,79024.42976968798
71.125,97372.15060906461
66.22,121408.0297524683
61.315,153405.00970061077
56.41,196781.61941907846
51.505,256820.9798713157
46.6,341948.27705234993
41.69499999999999,466103.17363384354
36.790000000000006,653384.0479637005
31.885000000000005,947741.8059479063
26.98,1434905.7151666086
22.075,2297439.572286066
17.169999999999998,3974337.2892733067
12.265,7734325.989455856
7.36,18660970.58937658
2.455,85336791.1792636
119.515,17928.99450386803
114.43,20774.018485397228
109.345,24208.035457360333
104.26,28384.091376997854
99.175,33503.87391460457
94.085,39843.21739622538
89.0,47753.120292935186
83.91499999999999,57736.48002049843
78.83,70484.76097793016
73.745,86975.82169346821
68.66,108618.9281707573
63.575,137488.62516717447
58.48499999999999,176758.0433788654
53.400000000000006,231202.87833050487
48.315,308614.12875205686
43.23,421871.6169060201
38.145,593325.533726452
33.055,864245.0361914386
27.97,1314408.2548726602
22.885,2115846.7201495217
17.8,3684079.1594812777
12.715,7227282.800497115
7.63,17615924.99532776
2.545,81637938.80445085
169.095,5366.866828720832
164.465,5921.541975760293
159.835,6549.858233956483
155.20000000000002,7264.704966347789
150.565,8079.935617856576
145.93499999999997,9011.90172212686
141.29999999999998,10083.664665191127
136.665,11319.887735432158
132.03500000000005,12750.202291938109
127.405,14414.201940556952
122.77,16361.614415855427
118.135,18650.09353790278
113.505,21350.918036077277
108.87,24564.001542945392
104.235,28406.76465735194
99.605,33028.301195456304
94.975,38632.59728483483
90.34,45490.69141333228
85.705,53947.348757747095
81.075,64460.95306495651
76.445,77679.73968144448
71.81,94509.70473429273
67.175,116188.01240070502
62.545,144471.16312880212
57.91,182038.91583342289
53.275000000000006,232790.50526548375
48.645,302678.1615199555
44.015,401303.27944714425
39.38,544570.419346897
34.745,759489.2371583605
30.115,1094715.389861179
25.48,1645977.3874509693
20.845,2613882.077437798
16.215,4474729.8420630535
11.585,8596595.454356894
6.949999999999999,20426996.41295734
147.21499999999995,8741.362788121378
142.685,9747.437990685274
138.155,10902.765773647441
133.625,12234.773916140733
129.09500000000003,13776.967397958037
124.565,15570.520777435484
120.035,17666.356935019983
115.505,20127.88345668873
110.975,23034.626884848418
106.445,26487.105546155588
101.915,30613.42996585956
97.385,35578.34176085328
92.855,41595.7387914751
88.325,48946.25403453181
83.795,58002.271204784476
79.27000000000001,69250.1881970273
74.745,83377.83152742857
70.215,101345.51940060387
65.68499999999999,124461.45036058963
61.155,154617.69288726707
56.62499999999999,194578.42671550854
52.095,248477.16392780578
47.565,322661.9497957712
43.035,427186.7141377796
38.505,578560.4013108772
33.97500000000001,805086.0403525888
29.445,1157910.7677802844
24.915,1735796.4271075022
20.385,2746743.7243923023
15.855,4684964.514125814
11.325,8960987.01491827
6.795000000000001,21158104.732821967
2.265,94138967.50203912
284.08500000000004,813.6596029898635
280.275,855.476199355105
276.46000000000004,900.0755198993164
272.64500000000004,947.6208284078257
268.835,998.2801875575319
265.02000000000004,1052.44551026574
261.20500000000004,1110.3366539132785
257.395,1172.1816398337046
253.58000000000004,1238.4852920726023
249.765,1309.5464938162174
245.955,1385.67757120992
242.14,1467.5366835846628
238.325,1555.5344352148431
234.515,1650.1031930275753
230.7,1752.1123765248974
226.885,1862.1326879992241
223.075,1980.7698060213747
219.26,2109.1888343299775
215.445,2248.193343231347
211.635,2398.643089807807
207.82,2562.124212306641
204.005,2739.7846132499544
200.195,2932.862889390759
196.38,3143.5561563390465
192.565,3373.530829975735
188.755,3624.6010827196037
184.94,3899.869355243016
181.125,4201.798862889106
177.315,4533.096777436817
173.5,4898.238478368432
169.685,5300.9397091649
165.875,5745.326062854028
162.06500000000003,6237.329972409237
158.25,6783.9708339743665
154.435,7391.913783734729
150.625,8068.6709576982985
146.81,8825.849841350231
142.99499999999998,9674.112647177828
139.185,10625.62890963895
135.37,11698.765543367876
131.55499999999998,12911.124696377781
127.745,14283.081934071794
123.93,15844.786350974331
120.115,17626.379973951756
116.305,19663.315807854593
112.49,22007.239470741013
108.675,24712.03286679291
104.865,27842.249058785234
101.05,31490.912972466176
97.235,35759.4017464793
93.425,40771.823098621906
89.61,46706.1099062459
85.79500000000002,53765.19752146491
81.985,62204.05281017093
78.16999999999999,72388.9111788697
74.355,84758.38640834404
70.545,99881.48077158886
66.73000000000002,118584.5083229015
62.915,141912.59800423306
59.105,171278.24335249534
55.295,208725.7654591282
51.48,257182.28239553422
47.665,320742.8680575769
43.855,405390.73850297905
40.04,520595.2058411157
36.225,680704.0747997039
32.415,908698.2568152759
28.6,1244439.4328100875
24.785,1757351.8552823847
20.975,2577857.891856179
17.16,3979183.5507809026
13.345,6590176.489104066
9.535,12155329.01521626
5.72,27472758.340783384
1.905,115760773.10139188
107.405,25703.98958689467
105.235,27517.25598312743
103.065,29493.74512591331
100.895,31651.465882535354
98.725,34010.79639833192
96.555,36594.848432036044
94.385,39429.89619778073
92.215,42545.88271092546
90.045,45977.01958743372
87.87500000000001,49762.49994970283
85.705,53947.348757747095
83.535,58583.44079209376
81.365,63730.724031609825
79.19500000000001,69458.69578452865
77.02499999999999,75848.19129769309
74.855,82993.5605669683
72.685,91005.32989286355
70.515,100013.47199692795
68.345,110171.44447535615
66.175,121661.20412201073
64.00500000000001,134699.46854876482
61.835,149545.5827015925
59.665,166511.4650625932
57.495000000000005,185974.26913981233
55.325,208392.61862622117
53.155,234327.58639238542
50.99,264395.1209343549
48.825,299501.1230359872
46.655,340810.516697822
44.485,389594.29097885644
42.315000000000005,447561.92033580755
40.145,516905.34681878757
37.975,600464.3306087332
35.80500000000001,701959.8733974645
33.635,826329.1398103129
31.465,980214.7908347176
29.295,1172694.5933885719
27.125,1416394.590163882
24.955,1729232.6805110495
22.785,2137233.8047507457
20.615,2679239.779761207
18.445,3415128.938296252
16.275000000000002,4440914.029919998
14.105,5918287.73282262
11.935,8137299.109499836
9.765,11664266.601297861
7.595,17746577.080454834
5.425,29696367.299168892
3.255,59828869.4063806
1.085,219760832.75614512
295.22,705.2695491703328
289.9,754.6432812979916
284.58,808.4160850605633
279.26,867.0669990192223
273.94,931.1370692925647
268.61999999999995,1001.2386990856609
263.29999999999995,1078.0666153089837
257.98,1162.4107692861212
252.66,1255.1715583046032
247.34,1357.3778416151315
242.025,1470.0968929502262
236.71,1594.7703101872264
231.39,1733.090146464149
226.07,1886.7467330759368
220.75,2057.8281701117457
215.43,2248.76214475189
210.11,2462.3805916511924
204.79,2701.9985519814554
199.47,2971.5107847658655
194.15,3275.5106884179963
188.83,3619.437412740846
183.51,4009.7587942397927
178.19000000000003,4454.20008650236
172.875,4961.521227555429
167.55999999999997,5543.259899479008
162.24,6213.6020349333685
156.92000000000002,6988.549230847079
151.60000000000002,7888.345275548842
146.28,8937.963323828724
140.96,10168.414163273039
135.64,11618.476899032821
130.32,13337.00953174176
125.0,15386.06411683591
119.68,17845.131040627337
114.36,20816.987362918862
109.04,24435.854205004165
103.725,28874.294534460776
98.41,34371.37259353585
93.09,41253.547447586185
87.77,49955.409330849216
82.44999999999999,61089.083010802286
77.13000000000001,75522.43765130748
71.81,94509.70473429273
66.49,119902.81885368003
61.17,154503.4923458329
55.85,202669.5809255888
50.53000000000001,271400.25407949
45.21,372367.15989540616
39.88999999999999,525924.6028756893
34.575,769267.1941671502
29.26,1176178.8947544785
23.94,1906231.6365857061
18.62,3346633.123920728
13.3,6633111.770499152
7.980000000000001,16381922.720025456
2.66,77286291.31178434
547.995,67.68365528061773
542.6750000000001,70.2697093160748
535.5799999999999,73.91390778691658
528.485,77.79746406700929
521.39,81.93949661764178
514.295,86.36092967035118
507.205,91.08124968051705
500.11000000000007,96.13225201033633
493.015,101.53834462728588
485.925,107.32568859234757
478.83,113.53588941875039
471.735,120.20190570889015
464.64,127.3644868758217
457.545,135.06869719836064
450.455,143.3583789341418
443.36,152.30054876353933
436.265,161.95107061055063
429.175,172.3707318712036
422.08,183.6504465510518
414.985,195.8682899105405
407.89,209.1194871036054
400.795,223.5107358322153
393.705,239.15030997991457
386.61,256.1949067229646
379.515,274.7857820010423
372.425,295.07944694118777
365.33,317.29847967253
358.235,341.64933148953423
351.14,368.38229713525715
344.0450000000001,397.7826471497477
336.955,430.1523614201569
329.86,465.910248828877
322.765,505.46343243939026
315.675,549.2733671717004
308.58000000000004,597.9721653604449
301.485,652.1917386664536
294.39,712.7007547628986
287.295,780.3957441752493
280.20500000000004,856.269320502124
273.11,941.6602747963342
266.015,1037.971342510148
258.92499999999995,1146.8412215733058
251.83,1270.4673777918222
244.735,1411.2195754714155
237.64,1572.0271346346246
230.545,1756.421351744227
223.455,1968.5206692874422
216.36,2213.834169997163
209.265,2498.610296816904
202.175,2830.471790938008
195.08,3219.653824218689
187.985,3678.1515457904934
180.89,4221.3379899402935
173.79500000000002,4868.719940721577
166.70499999999998,5644.660440434134
159.61,6582.469161627502
152.515,7723.682238068177
145.425,9122.61018009516
138.33,10855.04675038683
131.235,13019.820716110587
124.14,15753.419585931608
117.04500000000002,19245.49094985793
109.955,23760.326643420492
102.86,29689.534003480043
95.765,37596.416051438464
88.675,48322.9820501129
81.58,63196.04115041892
74.485,84295.03244615323
67.39,115051.97852594423
60.295,161346.756339485
53.205000000000005,233685.58474025334
46.11,352299.76815274236
39.015,558432.3347887822
31.925,944721.2706204278
24.83,1749851.476141313
17.735,3712706.957673262
10.64,10028360.084919577
3.545,53522084.241931766
614.095,43.64628665338101
605.13,46.195117988582766
596.1650000000001,48.93277028303632
587.1999999999999,51.87628246811563
578.235,55.04451477980359
569.27,58.458374711970905
560.3050000000001,62.1410750040809
551.3399999999999,66.11842879065769
542.375,70.4191879573198
533.41,75.07543184771937
524.445,80.12301478712178
515.4799999999999,85.60208248096522
506.515,91.55766927188245
497.55,98.04039057293551
488.585,105.10724763407427
479.62,112.82256526364901
470.655,121.25908736927134
461.69,130.49926039514995
452.73,140.6308180036754
443.765,151.7716580642478
434.8,164.0381081220887
425.835,177.5694653085818
416.87,192.52556362657697
407.905,209.0903090831251
398.94,227.47591453866676
389.975,247.92799163569734
381.00999999999993,270.73169699962995
372.045,296.2191809924009
363.08,324.77865317633785
354.11499999999995,356.86546406525434
345.15,393.01571414231387
336.18499999999995,433.8630472962399
327.22,480.1594788411116
318.255,532.801364851121
309.29,592.8619629737351
300.325,661.6324979760054
291.36,740.674274556492
282.395,831.8852420355199
273.43,937.585606715054
264.46500000000003,1060.6287485904033
255.5,1204.5460372343061
246.535,1373.7374668532145
237.57,1573.7248107620135
228.605,1811.4909470042985
219.64,2095.939240440537
210.675,2438.5221306801236
201.71,2854.111164453229
192.745,3362.2161678203656
183.78,3988.71659470538
174.815,4768.355995198206
165.85,5748.392868314326
156.885,6994.036407606911
147.92,8596.693392169278
138.95499999999998,10686.741903790498
129.98999999999998,13453.77581036103
121.025,17179.519823152492
112.06,22292.901456637715
103.095,29465.229000206193
94.13,39780.87400559314
85.16499999999999,55056.67234660723
76.2,78470.08514406781
67.235,115869.56608527988
58.27,178709.75011842969
49.305,291232.590928261
40.34,510140.3309750825
31.375,987357.4229331657
22.41,2219976.155520975
13.445,6496095.997762815
4.48,38998945.11817361
766.285,18.51129136938475
760.76,19.039296510312802
752.2599999999999,19.888924760472246
743.76,20.78648244900324
735.26,21.735251271002195
726.7600000000001,22.73877810070872
718.26,23.800899767406925
709.76,24.92577046637757
701.26,26.117892120027864
692.76,27.382148046282452
684.26,28.72384033944723
675.76,30.148731424048748
667.26,31.663090305777718
658.76,33.27374411700319
650.2600000000001,34.98813563900151
641.76,36.81438758098547
633.26,38.76137450950357
624.76,40.83880345351884
616.26,43.057304363689425
607.7600000000001,45.42853178291101
599.26,47.96527929363594
590.76,50.68160855136718
582.26,53.59299499965541
573.76,56.71649269786628
565.26,60.070921088557945
556.7599999999999,63.67707699814828
548.26,67.55797571678443
539.76,71.73912565813845
531.2600000000001,76.24884187820528
522.76,81.11860465973912
514.26,86.38347047720708
505.76,92.08254398484492
497.255,98.2633047474311
488.75,104.97153449495583
480.25,112.2577237334501
471.75,120.18730393378678
463.25000000000006,128.82968225568317
454.75,138.2631619049088
446.25000000000006,148.57626967094873
437.75,159.86931059155373
429.25,172.25619376187194
420.75,185.86658287615634
412.25,200.8484369762857
403.75,217.37102170328103
395.25,235.62848990771766
386.75000000000006,255.844153815629
378.25,278.27560043184485
369.75,303.2208392847052
361.25,331.0257193425929
352.75,362.0929131102971
344.25,396.89284474833096
335.75,435.97704120918854
327.25000000000006,479.99451851176883
318.75,529.7119898208656
310.25,586.0389122972713
301.74999999999994,650.0586955603821
293.25,723.0678036907914
284.75,806.625033824092
276.25,902.6140025827466
267.75000000000006,1013.3228955706782
259.25,1141.546948564519
250.75000000000003,1290.7210976328279
242.25,1465.0930035373917
233.75,1669.9505876673172
225.25,1911.9238619579246
216.75,2199.3890334038356
208.25,2543.0149152918843
199.75,2956.509625418406
191.25,3457.652656765801
182.75,4069.7389580122754
174.25000000000003,4823.626395771869
165.75,5760.680595270275
157.25,6937.076953481324
148.75,8430.19304200707
140.25,10348.285779404605
131.75,12845.444986523029
123.25,16145.23117747642
114.75,20578.998428731782
106.25,26649.813484256883
97.75,35142.54041272746
89.25,47320.49266206754
80.75,65291.84030491456
72.25000000000001,92726.70848967004
63.75,136344.81503882946
55.24999999999999,209226.74567600872
46.75,338856.54447271174
38.25000000000001,588970.0879163205
29.75,1128578.9521965904
21.25,2503756.5696016965
12.750000000000002,7189755.197893919
4.25,41943241.197707616
199.915,2947.714009440738
197.08,3103.5120442490306
194.24,3270.0524739720195
191.405,3447.6017610364065
188.57,3637.3775964911965
185.735,3840.405368613079
182.9,4057.8123129479677
180.065,4290.8392517602
177.23,4540.853879675016
174.39,4809.856690336388
171.555,5098.57176493894
168.72,5409.303426431452
165.885,5744.099913984285
163.05,6105.235549965686
160.215,6495.239753776313
157.38,6916.930318582727
154.54000000000002,7374.289594013218
151.705,7869.2277827050775
148.87,8406.455843008529
146.035,8990.391757733236
143.2,9626.002372952897
140.36499999999998,10318.882866579703
137.52999999999997,11075.349423237862
134.69500000000002,11902.547604516045
131.86,12808.57943069798
129.01999999999998,13804.489809775778
126.185,14897.278868902871
123.35,16100.603337243774
120.515,17428.186211354754
117.68,18895.784819162312
114.845,20521.54380653179
112.01,22326.418744141276
109.17,24338.424039929676
106.335,26578.735947207042
103.5,29083.622471574854
100.665,31891.601530189273
97.83,35047.91808544257
94.995,38605.92616062743
92.16,42628.79997606227
89.32000000000001,47200.238917766466
86.485,52394.034726941456
83.65,58325.48783650467
80.815,65124.592041161064
77.97999999999999,72949.01718145124
75.14500000000001,81991.09388600258
72.31,92486.8588970282
69.475,104727.86415342419
66.64,119076.72817211162
63.8,136020.2133030059
60.965,156073.47342244702
58.13,179995.23660948614
55.295,208725.7654591282
52.46,243486.20891818113
49.625,285880.01065511105
46.79,338038.0575349905
43.95,402957.4884662923
41.115,484338.1824621501
38.28,587733.1391776727
35.445,720855.5534580415
32.61,894851.0154504799
29.775,1126217.1095995014
26.94,1440066.891289422
24.105,1875915.6453293692
21.27,2498476.1217600987
18.430000000000003,3421085.3016548827
15.595,4845020.357598389
12.76,7179081.4630427975
9.925,11338806.801630232
7.09,19797753.39327448
4.255,41875611.8313048
1.42,162601953.50698718
221.335,2038.0913100573232
217.895,2157.6553730086785
213.30500000000004,2331.194490138991
208.72000000000003,2522.331490488138
204.135,2733.4815900450617
199.545,2967.4832985664557
194.955,3227.0917705070506
190.37,3515.415963495879
185.785,3836.703538283301
181.195,4196.0005808767755
176.60500000000002,4598.404459627373
172.02,5049.75841728165
167.435,5557.941441200133
162.84500000000003,6132.436606903804
158.26000000000002,6782.461246385423
153.675,7521.063892302228
149.085,8364.135541863907
144.49499999999998,9328.909169942977
139.90999999999997,10435.831762544854
135.325,11712.21444544145
130.735,13191.962573552937
126.14999999999998,14911.434489374667
121.565,16921.0504169311
116.975,19284.535604084325
112.385,22076.56888555507
107.8,25390.206431116967
103.215,29351.509496842176
98.625,34124.74901747146
94.035,39912.63160552821
89.45,46977.925869693274
84.865,55685.340437771265
80.275,66530.55277378712
75.69000000000001,80147.95514847376
71.105,97457.35133675169
66.51499999999999,119764.63767850467
61.925,148890.0632935241
57.34,187471.5603325794
52.755,239544.5469953778
48.165,311360.9073081903
43.58,412540.0045340533
38.995000000000005,559204.7655197813
34.40500000000001,779206.0744958145
29.815,1122451.3084061972
25.23,1684962.5986869035
20.645,2670595.0014511696
16.055,4566589.519408889
11.465,8762208.379609803
6.88,20752550.05442137
2.2950000000000004,92649715.25252758
259.26000000000005,1141.3845330827212
253.43500000000003,1241.0966953351945
247.605,1352.0457365345117
241.78,1475.5699059113213
235.955,1613.5371985504107
230.13,1768.023711303954
224.305,1941.4624422626448
218.475,2136.8931139818137
212.65,2357.362504068383
206.825,2607.0356770260323
201.0,2890.6841976122614
195.175,3214.01532431233
189.345,3584.2276597775617
183.52,4008.9769802964793
177.695,4498.62003394416
171.87,5065.440511634933
166.045,5724.525994001679
160.215,6495.239753776313
154.39,7399.483145013106
148.565,8466.952508349143
142.74,9734.378015517725
136.91500000000002,11248.523353516774
131.085,13071.166379484534
125.26,15277.120091348586
119.435,17969.833277808008
113.605,21287.5908992501
107.78,25405.978422836055
101.955,30573.598876141456
96.13,37129.44998785495
90.305,45548.05287457776
84.475,56516.13949149355
78.64999999999999,70997.77302439342
72.825,90459.87797521656
67.0,117123.12189784292
61.17499999999999,154465.44909789032
55.345,208170.89310145602
49.52,287622.52543774684
43.695,409531.047447505
37.87,604928.1473377018
32.044999999999995,935733.1228593743
26.215000000000003,1537893.0644431894
20.39,2745252.808847016
14.565,5555720.947316751
8.740000000000002,14094262.75430391
2.915,68898934.86547127
485.68,107.5329502188756
468.02,123.88761186142065
450.355,143.4797825342155
432.69,167.10346188227746
415.03,195.7876484534682
397.37,230.90081753965345
379.71,274.25270400489705
362.05,328.2764429946397
344.39,396.2866046644717
326.73,482.8638926480837
309.07,594.439546870769
291.41,740.2016350937948
273.745,933.5961174939958
256.08,1194.5229357031299
238.42,1553.2642467024848
220.76,2057.4887844945633
203.1,2784.1709738182826
185.44,3862.337365067227
167.77999999999997,5517.538061032255
150.12,8164.099232331934
132.46,12609.810150379992
114.8,20548.734069084046
97.135,35880.75053135685
79.47,68697.99754630496
61.81,149728.3158493888
44.14999999999999,397894.9904994663
26.49,1499809.0260404404
8.83,13853827.323133254
986.065,6.924088760812996
963.395,7.583371780978296
940.725,8.323027240864706
918.06,9.154910638727246
895.395,10.09337792098945
872.725,11.155494300988385
850.055,12.361073110003755
827.385,13.734009978157053
804.715,15.30297592142882
782.05,17.10211462779911
759.385,19.173615865107852
736.715,21.56906172792325
714.0450000000001,24.350588146588592
691.375,27.595337626609627
668.7099999999999,31.398142110289115
646.045,35.879225562793586
623.375,41.190373013220956
600.705,47.52176657831154
578.035,55.1179139577816
555.3699999999999,64.29228265981875
532.7049999999999,75.45769762530536
510.035,89.15936011337133
487.365,106.11753978313669
464.695,127.30694111761409
442.025,154.06032505874114
419.36,188.21854386254262
396.695,232.3931150152894
374.025,290.34028379350104
351.355,367.5345513125382
328.685,472.1860095632021
306.02000000000004,616.8611968387336
283.355,821.4703229507769
260.685,1118.532835766998
238.015,1562.9713421747153
215.345,2251.988755753301
192.68,3366.2965335296203
170.015,5264.506982488932
147.345,8714.458306300272
124.675,15523.616113572794
102.005,30523.901322743317
79.33500000000001,69070.1169710829
56.67,194121.2338597751
34.005,803245.2397615012
11.335,8946585.053903576
78.32000000000001,71950.53252261752
76.6,77184.88505091982
74.88,82906.53672626497
73.16,89171.26921901104
71.435,96063.43141994203
69.71,103638.57046116433
67.99,111954.70018295609
66.27,121127.5015752403
64.55,131265.86333870754
62.83,142495.29814020474
61.11,154960.93272634267
59.385,168873.67369467646
57.66,184396.89694339724
55.940000000000005,201708.4700717162
54.22,221119.69208093284
52.5,242946.97525148297
50.78,267564.44511149765
49.06,295416.4476723629
47.34,327033.2336479828
45.615,363162.58331090724
43.89,404492.11948925816
42.17,451813.21410642046
40.45,506373.6835512603
38.73,569568.7020703634
37.01,643123.9847416617
35.29,729190.4652036147
33.565,830791.1085837649
31.84,951154.6679508613
30.12,1094260.5996685012
28.4,1266122.6090907026
26.68,1474203.016271325
24.96,1728414.46505067
23.24,2042125.2785382522
21.52,2433676.3143185284
19.795,2930352.9268248067
18.07,3568224.135547129
16.35,4399118.623184951
14.63,5506905.941735225
12.91,7021515.51072338
11.19,9158559.748777235
9.47,12299325.274019841
7.75,17178295.730934665
6.025,25425155.966508884
4.3,41274500.8357101
2.58,80271189.66853519
0.86,283365144.793279
63.195,140014.20190696436
62.1,147625.7627901838
61.0,155804.01083390883
59.89999999999999,164560.9355934917
58.8,173946.79131492713
57.7,184017.04490261924
56.6,194833.0091599795
55.5,206462.56480438623
54.400000000000006,218980.98545480348
53.3,232471.88235748102
52.205,246959.56090128422
51.11,262605.34433510544
50.01,279603.7421720998
48.91,298015.49987534515
47.81,317985.74819622334
46.71,339677.5386620962
45.61,363274.4542402009
44.51,388983.66232919414
43.41,417039.4962860315
42.31,447707.67085360753
41.21,481290.26083204086
40.115,517956.1973408414
39.02,558239.4387817277
37.92,602797.2814739441
36.82,651972.7546563311
35.72,706363.9572142485
34.62,766663.382366571
33.52,833675.7467361314
32.42,908339.7961867962
31.32,991755.1251585655
30.219999999999995,1085215.3595056173
29.125,1189743.251738114
28.03,1307530.5233999349
26.930000000000003,1441360.9127955039
25.83,1593328.6145489176
24.73,1766575.4249904675
23.63,1964922.9849469687
22.53,2193053.625092812
21.43,2456749.641852282
20.33,2763213.713546694
19.23,3121503.698650593
18.13,3543131.3794625527
17.035,4040425.119114306
15.94,4634163.537534039
14.84,5353057.799666209
13.74,6228874.440280032
12.64,7308596.463237311
11.54,8658194.944697626
10.44,10372864.529133826
9.34,12594551.379092433
8.239999999999998,15543606.132140942
7.140000000000001,19579821.82472389
6.045,25298877.412177358
4.949999999999999,33891118.831960335
3.85,47961846.72534871
2.75,74142297.31393656
1.65,136907600.26207754
0.55,456705574.0744605
247.46,1354.960051438467
244.225,1422.0713655648271
240.99,1493.3920287665571
237.755,1569.2430647523663
234.52,1649.9744447990718
231.28500000000005,1735.9681116831796
228.05,1827.6413639147386
224.815,1925.4506486454916
221.58,2029.8958188692552
218.345,2141.5249189793694
215.11,2260.9395726153707
211.875,2388.8010582810193
208.64,2525.837171764105
205.405,2672.849990315574
202.17,2830.72467231088
198.935,3000.4394482767825
195.705,3182.7841298459325
192.47,3379.52166319486
189.235,3591.712074475514
186.0,3820.836445889421
182.765,4068.5443215848777
179.53000000000003,4336.67599035951
176.29500000000002,4627.28814348325
173.06,4942.683486042237
169.82500000000002,5285.444991271588
166.59,5658.475622121797
163.355,6065.044508380386
160.11999999999998,6508.840768084593
156.885,6994.036407606911
153.65,7525.360036962187
150.415,8108.183509958681
147.17999999999998,8748.624061212453
143.945,9453.665087444922
140.71,10231.299439483118
137.47500000000002,11090.699993704398
134.245,12040.875161323896
131.01000000000002,13096.934295449519
127.775,14271.584368368885
124.54,15581.205672295475
121.305,17044.88610529676
118.07,18684.94625620696
114.835,20527.582189918714
111.6,22603.656078545748
108.365,24949.673565949997
105.13,27608.99834469783
101.895,30633.36990358944
98.66,34084.81122887889
95.425,38038.0414806774
92.19,42583.54727662057
88.95500000000001,47831.519474518325
85.71999999999998,53916.93650221299
82.485,61006.179566737184
79.25,69305.71328779068
76.015,79073.57834544298
72.78,90634.75270421166
69.545,104401.89488810326
66.315,120875.72293683111
63.08,140790.00907192205
59.845,165014.85230954408
56.60999999999999,194731.12583795682
53.375,231519.30848970189
50.14,277523.84348206065
46.905,335698.7898144778
43.67,410182.7986595506
40.435,506885.2353050728
37.2,634427.3344236031
33.965,805700.8351680844
30.73,1040543.5027606548
27.495,1370530.4420250899
24.26,1848002.185995863
21.025,2564174.640808058
17.79,3688464.481889669
14.555,5563282.217260816
11.32,8968199.899181394
8.085,16035804.074017022
4.8500000000000005,34888521.028811134
1.615,140339705.3276755
835.43,13.225945878749439
796.575,15.920590647102502
757.7199999999999,19.337854050401234
718.86,23.72391864954535
679.9999999999999,29.427182764690333
641.1450000000001,36.95109464105611
602.29,47.04116330526827
563.4300000000001,60.82528955023686
524.575,80.0468400893513
485.72,107.49907742909848
446.86,147.80478052690978
408.00000000000006,208.90563310487107
369.145,305.10096063942024
330.29,463.6396780845353
291.43,740.0126849122759
252.57,1256.8189675449194
213.715,2314.9992859998392
174.86,4763.9880806604215
136.0,11512.49548618309
97.14,35874.67084067959
58.285,178572.7063314057
19.43,3052024.4849424404
156.09,7120.1387555828815
152.87,7660.95630254775
147.50999999999996,8680.459405262938
142.14499999999998,9876.835452927362
136.78,11286.989928472498
131.42,12956.841724763157
126.055,14949.941892103574
120.69,17342.354498944267
115.32500000000002,20234.300119339223
109.96,23756.699965606924
104.6,28077.97488409764
99.235,33437.001902712094
93.87,40142.77717763182
88.505,48624.46266958878
83.13999999999999,59480.43034803562
77.78,73544.49476909188
72.415,92068.99496908505
67.05,116854.9850149425
61.685,150646.20942316137
56.31999999999999,197713.21776062044
50.96000000000001,264844.96907251846
45.595,363610.3286853565
40.23,513942.5885726912
34.865,752682.3091422647
29.5,1152549.8863921985
24.14,1869565.242318189
18.775,3287462.9390498754
13.41,6528817.215973801
8.045,16166419.039205031
2.68,76568776.55149987
106.9,26112.268083135106
103.39499999999998,29181.959725969762
99.89,32717.75393976756
96.385,36807.52327509015
92.88,41559.16666754256
89.37500000000001,47106.02267901754
85.87,53613.99402711626
82.365,61291.009467295895
78.86,70399.71204176144
75.355,81274.65168368633
71.85,94345.84378056665
68.34499999999998,110171.44447535623
64.83999999999999,129483.67091235831
61.335,153254.26743139228
57.83,182789.3147986509
54.325,219868.92895336958
50.82000000000001,266957.08188186603
47.315000000000005,327523.5407238912
43.81,406549.82294013427
40.305,511346.2580522954
36.8,652913.185652422
33.295,848292.0825686435
29.79,1124803.0412916164
26.285,1528081.9746455303
22.78,2138310.4975118763
19.275,3105691.8318593013
15.77,4736507.341676355
12.265,7734325.989455856
8.76,14040327.370447267
5.255,31102676.839265805
1.75,127868452.08556034
102.225,30306.43127219484
99.26,33409.18795560238
96.3,36914.44188348577
93.34,40893.38079079943
90.375,45433.42053993849
87.41,50623.97709990663
84.45,56569.92467725268
81.485,63431.59923803805
78.52000000000001,71371.20006409136
75.55999999999999,80582.8367081137
72.595,91358.16090945178
69.63,104007.7878158637
66.67,118912.36987594172
63.705,136637.7904114491
60.74,157819.81612235852
57.78,183260.29375721258
54.82,214091.19675248212
51.855,251829.36379186148
48.89,298364.2192307483
45.93,356201.71027656895
42.965,429115.3685713503
40.0,522009.65299819905
37.040000000000006,641740.7988191826
34.075,798970.853177918
31.11,1008778.4200081123
28.15,1293913.03805649
25.185,1692105.9381995727
22.22,2263486.9156654263
19.26,3110950.781141975
16.3,4426924.017775419
13.335,6599685.233045943
10.37,10497300.768925393
7.41,18460833.817570325
4.445,39425963.25814381
1.48,155119629.5687976
146.54500000000002,8881.685145414862
142.83499999999998,9711.87142958406
139.125,10641.52915581424
135.41500000000002,11685.33597149922
131.705,12860.56463974509
127.995,14187.622063238356
124.285,15690.71789423957
120.575,17398.698378046618
116.865,19346.09219694243
113.155,21574.43010632688
109.445,24133.920619408877
105.735,27085.592108676436
102.025,30504.050657463304
98.315,34481.05752075065
94.605,39130.207132225674
90.895,44593.096735000196
87.185,51047.53792378184
83.475,58718.59338769274
79.765,67893.56768698031
76.05499999999999,78942.60071288586
72.345,92347.30662073752
68.635,108741.1347402786
64.92500000000001,128967.08082657974
61.215,154161.52726372454
57.505,185878.18801001445
53.795,226274.9187758356
50.08500000000001,278401.40812921716
46.375,346653.07185813505
42.66499999999999,437507.05618236266
38.955000000000005,560753.7005951117
35.245,731633.2328231006
31.535,974705.003124262
27.825000000000003,1331222.189593418
24.115,1874098.403974929
20.405,2740786.3902132874
16.695,4213423.20550915
12.985,6944482.6662522545
9.275,12745889.409996767
5.565,28608760.211920686
1.855,119441679.97477737
49.1,294728.2075119555
47.635,321317.07424807997
46.165,351118.3009122483
44.7,384382.2431195687
43.235,421736.4368047762
41.77,463809.1706461641
40.305,511346.2580522954
38.84,565237.3338481718
37.375,626549.0985817582
35.91,696567.6568769857
34.445,776852.8659245619
32.974999999999994,869647.6198875868
31.51,976668.2308331518
30.045,1101107.928019021
28.58,1246586.2117230552
27.115,1417661.330396649
25.65,1620129.6494128928
24.185,1861441.1935280995
22.715,2152371.692669422
21.25,2503756.5696016965
19.785,2933601.0771968164
18.320000000000004,3465184.7883797
16.855,4130818.010726925
15.39,4976379.328132767
13.925,6068790.298059465
12.46,7508870.831464668
10.995,9454634.392275974
9.525,12177328.594702216
8.059999999999999,16117261.47888346
6.595,22159124.168067984
5.13,32201850.61161733
3.665,51218022.90638772
2.2,97508471.6853708
0.735,335618316.0122864
35.435,721389.61844582
34.10000000000001,797451.3137754577
32.76,884382.1076588322
31.425,983381.1146053657
30.09,1096992.9730274088
28.75,1228488.749485355
27.41,1380895.9925825754
26.075,1557759.762103086
24.74,1764893.7733854097
23.4,2009985.928023503
22.065,2299805.4321931954
20.73,2646298.047536949
19.39,3065757.2068297537
18.05,3576640.2792724473
16.715,4202978.853480172
15.38,4982907.615505203
14.04,5972052.359663101
12.7,7243447.2107044635
11.365,8903568.80860684
10.03,11132044.713708254
8.69,14230385.97703552
7.354999999999999,18681155.95767425
6.02,25456871.403467484
4.68,36690153.26514449
3.3400000000000003,57861460.5680404
2.005,108959417.76111415
0.67,370524145.8300408
398.705,227.98449770307832
386.05,257.60394498491814
373.39,292.2096668343798
360.73,332.8281963996186
348.07500000000005,380.73774302037276
335.42,437.5893574032245
322.76,505.49275663560945
310.1,587.098517030442
297.44499999999994,685.821163561673
284.79,806.2043313460081
272.13,954.2774726658394
259.475,1137.8995796372833
246.82,1367.9174965971777
234.16,1659.2765222686082
221.5,2032.5673576843697
208.845,2516.86603924868
196.19,3154.536642652178
183.53,4008.1953570655246
170.87,5171.560233184196
158.215,6789.257703132151
145.56,9093.14009110654
132.89999999999998,12466.496273578385
120.245,17561.65877919792
107.59,25556.426421832053
94.93,38692.69184863502
82.27,61517.68446258971
69.615,104077.20005247416
56.96,191207.12503775573
44.3,394150.8594762438
31.64,966514.292131446
18.985,3209465.464303195
6.33,23595693.261756912
296.47,694.259856739782
291.74,737.0916550062423
286.48,788.6776390096949
281.225,844.8026998626914
275.97,906.0125892272339
270.71,972.9370337273115
265.455,1046.0867556118058
260.2,1126.2456559926466
254.94,1214.3235121207479
249.685,1311.0904916018003
244.43,1417.6968709204878
239.17,1535.4864147223432
233.915,1665.644630528032
228.66,1809.9001938395375
223.4,1970.2876947098293
218.145,2148.675321735171
212.89,2347.7317800081846
207.63,2570.6250625948696
202.375,2820.379668717888
197.12,3101.2431383189455
191.86,3418.307904889976
186.605,3776.625635741551
181.35,4183.197112121739
176.095,4646.043306571495
170.84,5174.786596110657
165.58,5781.645264079046
160.325,6479.53561662838
155.07,7286.127784270775
149.81,8223.37922273937
144.55499999999998,9315.424434584904
139.3,10595.236487108707
134.04,12104.55824185612
128.785,13891.173734314198
123.53,16020.66186565065
118.27,18577.966949567257
113.015,21664.65536152973
107.76,25421.762694225337
102.5,30037.31750434406
97.245,35747.29518900422
91.99,42886.37439595716
86.73,51917.74756307872
81.475,63456.45889677962
76.22000000000001,78405.1896655245
70.96,98077.86714995622
65.705,124345.57730580638
60.45,160107.11303597916
55.195,209841.1153606574
49.94,280731.84223524976
44.68,384863.3476397598
39.425,542891.7951970837
34.17,793216.1514989762
28.91,1211762.436196941
23.655,1960103.9118847926
18.4,3433039.002764552
13.14,6788860.080601593
7.885,16704330.45950312
2.63,78383684.77339467
8.985,13453086.924171658
8.815,13893496.541021978
8.645,14354488.209453873
8.475,14837374.311300077
8.31,15328341.436408538
8.145,15842681.784686385
7.975,16398669.233005332
7.805,16982906.196433634
7.635000000000001,17597373.13471287
7.47,18224724.18254989
7.305,18884752.271740157
7.135,19601458.309854515
6.965,20358200.772321768
6.800000000000001,21133930.58759789
6.635000000000001,21953467.74138573
6.465,22847330.41799921
6.295,23795591.71870365
6.125,24802929.85721033
5.96,25842072.257891536
5.795,26947104.395156752
5.625,28160833.159110907
5.455,29458146.751430925
5.285,30847309.32769161
5.119999999999999,32292313.70023038
4.955,33842393.21265215
4.785,35561058.55331148
4.615,37416911.111529276
4.45,39364519.59765442
4.285,41473373.008723676
4.114999999999999,43835572.109814316
3.945,46414983.33305804
3.775,49241312.055156685
3.61,52254043.936788924
3.4450000000000003,55571205.54069221
3.2750000000000004,59356344.75552544
3.105,63575570.23859585
2.935,68304849.14364035
2.77,73472285.93424144
2.605,79318100.3034208
2.435,86196964.70370153
2.265,94138967.50203912
2.095,103403795.01359151
1.93,113993104.32962534
1.765,126602230.34126791
1.595,142369473.48632193
1.425,161954090.6751889
1.26,186078064.14754057
1.095,217543866.31263238
0.925,261795265.2545971
0.755,326090765.0707563
0.585,427908905.3631162
0.42,605767160.4378334
0.255,1014147193.5681981
0.085,3094308941.011153
54.21,221239.27981695396
53.87500000000001,225293.03350946927
53.43000000000001,230823.88187188096
52.98500000000001,236527.1025680649
52.535,242476.3812599899
52.09,248546.4251134316
51.645,254809.48115392576
51.19500000000001,261346.83176998943
50.745,268097.3195822
50.3,274990.71139304055
49.855,282109.41656879836
49.405,289546.414611654
48.96,297145.95133356407
48.515,304999.2031006888
48.065,313209.26950806135
47.615,321700.6002867041
47.17,330385.72040599975
46.725,339369.3714309049
46.275,348770.3595395446
45.83,358393.083859593
45.385,368354.08300090296
44.935,378785.8651880256
44.485,389594.29097885644
44.04,400669.33467881224
43.59499999999999,412145.948063933
43.145,424178.0969672592
42.7,436517.3779236845
42.255,449314.9026223298
41.80499999999999,462743.5329815982
41.355,476684.89328061976
40.91,490999.115525103
40.465,505862.7864194456
40.01499999999999,521478.6646325305
39.57,537527.3729390808
39.125,554208.0910968052
38.675,571750.1915370555
38.225,590003.4053773074
37.78,608787.8808302442
37.335,628338.8261843225
36.885,648928.2239361481
36.44,670139.7908490406
35.995,692241.0794417429
35.545,715542.4826284205
35.095,739851.4080308691
34.65,764933.7425408532
34.205,791109.3178026284
33.755,818750.8857713679
33.31,847307.5420451298
32.865,877146.7309392826
32.415,908698.2568152759
31.97,941337.8483257694
31.525,975489.6885921098
31.075,1011651.8525897998
30.625,1049545.553915717
30.18,1088821.9308573902
29.735,1129999.102367772
29.285,1173688.7570987558
28.84,1219044.0447402596
28.395,1266670.8729443632
27.945,1317287.6793387034
27.495,1370530.4420250899
27.05,1425930.7338982963
26.605,1484242.9609878564
26.155,1546367.189367461
25.71,1611131.8879067497
25.265,1679433.530437905
24.815,1752347.0046306993
24.365,1829397.3792775532
23.92,1909949.214485944
23.475,1995145.921598815
23.025,2086368.297562781
22.58,2181960.8929921007
22.135,2283310.561330749
21.685,2392101.79585054
21.235,2507726.437350662
20.790000000000003,2629320.440122998
20.345,2758709.1519878823
19.895,2898128.388704021
19.450000000000003,3045188.296115151
19.005000000000003,3202164.148801116
18.555000000000003,3371862.150514836
18.105,3553558.417828188
17.660000000000004,3746104.017059717
17.215,3952625.210417221
16.765,4177017.277078781
16.32,4415774.008240366
15.875,4672945.109881175
15.425,4953619.733764363
14.974999999999998,5257173.3575674705
14.53,5582245.672732083
14.085,5934761.336597969
13.635000000000002,6322263.060026603
13.19,6739663.876183356
12.745,7195100.117130317
12.295,7699047.950239224
11.845,8252145.25340308
11.4,8853740.131131425
10.955,9516986.926362526
10.505,10259133.45071293
10.06,11073931.424908768
9.615,11981311.957852665
9.165,13007857.885391241
8.72,14148490.729570076
8.275,15435441.09965647
7.825,16912643.289714575
7.375,18600602.710171267
6.930000000000001,20519250.238085095
6.484999999999999,22739432.043340676
6.035,25361900.348683443
5.59,28420837.63281483
5.1450000000000005,32066873.854945973
4.694999999999999,36525517.12365092
4.245,42011040.618696295
3.8,48808891.89022524
3.355,57525087.23648346
2.905,69199160.10210344
2.46,85123993.88394435
2.015,108317113.07762042
1.565,145512707.835653
1.1150000000000002,213230027.08265957
0.67,370524145.8300408
461.465,130.74229192837313
436.52,161.59119699721336
411.58,202.09250035345485
386.635,256.13222820134473
361.69,329.5100703926289
336.74499999999995,431.16041823007185
311.79999999999995,575.2284525198875
286.86,784.8025359531459
261.915,1099.266615929849
236.97000000000003,1588.3707920980019
212.025,2382.6754339719987
187.08,3742.3624377807446
162.13499999999996,6227.825213294724
137.18999999999997,11170.67189726581
112.25,22166.109307736613
87.30499999999999,50821.087862047214
62.36,145772.21944867301
37.415,624765.8449866577
12.47,7497550.660904143
783.5,16.979346565001073
759.3950000000001,19.172634728495886
735.285,21.732382291886854
711.175,24.733972742667657
687.0699999999999,28.27137943254477
662.965,32.4644570693484
638.8549999999999,37.465748491083964
614.745,43.468403691382385
590.635,50.722970121406945
566.53,59.55426433263166
542.425,70.3942472651024
518.315,83.82016037144628
494.205,100.60557170373346
470.1,121.80688319884973
445.995,148.90026928305824
421.885,183.9732940778847
397.775,230.0111880053132
373.67,291.3835226962841
349.565,374.6676755145734
325.455,489.9906744497059
301.345,653.322162758897
277.235,890.7842336107251
253.13,1246.6121616222792
229.025,1799.387530186427
204.915,2696.041972976425
180.805,4228.433321187909
156.70000000000002,7023.129801166853
132.595,12565.620483330777
108.485,24857.345345088717
84.375,56731.666127221135
60.27,161547.82920451064
36.165000000000006,683689.996456027
12.055,7987530.302597735
685.145,28.580369086948696
658.275,33.368700839769296
631.4100000000001,39.20206272075107
604.545,46.36782585619008
577.675,55.250341079806745
550.805,66.36570804041648
523.9350000000001,80.42273054367931
497.065,98.40721211794822
470.2,121.70795309435913
443.335,152.33327178778993
416.465,193.23770930461032
389.595,248.84467838790758
362.725,325.9789157722025
335.855,435.4655897505448
308.985,595.050473534611
282.12,834.8990665855844
255.255,1208.8115218801113
228.385,1817.871473977487
201.515,2864.097928062572
174.64499999999998,4784.902297022927
147.77499999999998,8626.201834048867
120.905,17237.62763857986
94.04,39905.68336344511
67.175,116188.01240070502
40.305,511346.2580522954
13.435,6505422.345355726
489.51,104.34925244957876
466.745,125.1850473510027
443.975,151.49832240966094
421.205,185.10468746276584
398.435,228.57058356984516
375.67,285.56662865868407
352.90500000000003,361.4945229105242
330.13499999999993,464.45654148785053
307.365,606.8455326334355
284.595,808.2578512163919
261.83,1100.584606695649
239.065,1537.9599347610538
216.295,2216.2532176213017
193.525,3313.7310610826803
170.76,5183.402552548694
147.99499999999998,8581.479983446621
125.225,15291.729234242393
102.45499999999998,30081.148721098783
79.685,68110.5441063738
56.92,191605.77785874569
34.155,794121.2688092213
11.385,8875048.434876565
778.385,17.41740490801596
747.86,20.34735781603961
717.335,23.920191811342285
686.81,28.312868333315308
656.285,33.76188196012698
625.7600000000001,40.587292428710576
595.235,49.228243641180974
564.71,60.29640834954358
534.1850000000001,74.6579998256492
503.66,93.56237309990374
473.135,118.84857549578471
442.61,153.28607487125234
412.085,201.15392010973363
381.56,269.2590626910383
351.035,368.7972010911722
320.51,518.9073505712295
289.98500000000007,753.8210327202582
259.46000000000004,1138.142283738922
228.935,1801.9725842168716
198.41,3029.170696454128
167.88500000000002,5505.314384631719
137.36,11122.88281401276
106.835,26165.407419270883
76.31,78113.99281046489
45.785,359384.76454734
15.26,5062143.62479591
985.24,6.946794448825971
962.055,7.624747977468497
938.87,8.38746377136675
915.69,9.247786267775846
892.51,10.22130403815057
869.3299999999999,11.32636976201799
846.145,12.585193356482065
822.96,14.023871479386356
799.78,15.673760888141024
776.5999999999999,17.573594706064753
753.42,19.770221601868386
730.235,22.32165650895796
707.05,25.29831915729385
683.87,28.787350715999118
660.69,32.89920528661185
637.51,37.77220300230122
614.325,43.58323960164149
591.14,50.55612803026582
567.96,58.97914809621882
544.7800000000001,69.23194708601144
521.6,81.81299474209729
498.415,97.39039545256972
475.23,116.85879534159405
452.05,141.43923875579426
428.87,172.83750228846426
405.69,213.45462360519127
382.505,266.7521188812614
359.32,337.77780587737385
336.14,434.0811410944544
312.96000000000004,567.3008062708095
289.775,755.8545088579605
266.59,1029.7203098812854
243.41000000000005,1439.630517746935
220.23,2075.5731258038395
197.05,3105.2150866045936
173.86499999999998,4861.748243301527
150.67999999999998,8058.362282569793
127.5,14377.414257246182
104.32,28329.76797764845
81.14,64296.37150743389
57.955,181618.52171954102
34.77,758064.6821876568
11.59,8589788.059079003
988.56,6.855983455922399
965.29,7.525336362891667
942.03,8.27806639160542
918.77,9.12731434100438
895.51,10.088320212993533
872.25,11.179206929293954
848.99,12.421620815602802
825.73,13.841536713543256
802.47,15.470276112090948
779.2099999999999,17.34580280834156
755.95,19.514382764127905
732.69,22.032725549359952
709.43,24.970767762940692
686.17,28.41531959285099
662.91,32.4748824565996
639.6500000000001,37.28607095360344
616.39,43.02225538247564
593.1299999999999,49.90531178883406
569.87,58.22177230835568
546.61,68.3452856243452
523.35,80.76825016937765
500.0899999999999,96.14697850283908
476.83,115.3671418802808
453.5700000000001,139.64013938335796
430.31,170.6475184452705
407.05,210.7616124990953
383.79,263.3898397297357
360.53,333.5247233313492
337.27,428.6457951731637
314.01,560.2423884496103
290.74999999999994,746.4709769609208
267.49,1016.9696204824448
244.23,1421.964469883804
220.97,2050.377831839451
197.71,3068.016559862673
174.45,4803.970446002584
151.19,7963.55352494606
127.93,14212.364573369669
104.67,28015.465362080446
81.41,63618.345149968765
58.14999999999999,179810.8841221049
34.89,751273.9903197843
11.63,8535592.989105927
987.02,6.897920932172631
958.435,7.737944939381456
929.825,8.710744070405784
901.215,9.841342464831682
872.605,11.161478919305617
843.995,12.710596357457504
815.385,14.538055232950317
786.775,16.70608877288804
758.165,19.293786919824978
729.555,22.40252271291057
700.945,26.16342549757881
672.335,30.747795989664453
643.725,36.381808224688065
615.115,43.36755195472881
586.5050000000001,52.11360501879032
557.895,63.18018257220633
529.285,77.3470125249759
500.675,95.71739117415817
472.065,119.88117827375332
443.455,152.1762813903048
414.845,196.11944015004053
386.235,257.13738986201923
357.62499999999994,343.8503231818663
329.015,470.4128370328296
300.40500000000003,660.975947374494
271.795,958.638929627733
243.185,1444.5258347551282
214.575,2281.483528284945
185.965,3823.413858618475
157.35500000000002,6920.798978634914
128.745,13905.996261384555
100.135,32453.713209652542
71.525,95687.62700000049
42.915,430499.73471428576
14.305,5756871.831215466
663.59,32.346280156906516
635.355,38.26977587792059
607.12,45.61360428304322
578.8800000000001,54.80863339256321
550.64,66.44220491841507
522.4,81.33331382120859
494.165,100.63675099742983
465.93,126.0232946250706
437.69,159.95277129033332
409.45,206.11204084663765
381.21,270.19503124187696
352.975,361.2246874747596
324.74,494.0448471630666
296.5,693.9982748538077
268.26,1006.2170791366771
240.02,1515.6447350408075
211.785,2392.4858897508216
183.55,4006.632682517202
155.31,7246.639510361481
127.07000000000002,14544.871351192332
98.83,33891.65912183396
70.59499999999998,99661.98156636032
42.36,446252.86712041055
14.12,5905972.730776497
492.525,101.92556885379659
465.9,126.05428405191147
439.28,157.75933895182936
412.655,200.1010701638192
386.03,257.65444674917677
359.41,337.45913508372047
332.785,450.7346407357444
306.16,615.8090839739506
279.54,863.8500243244011
252.92000000000004,1250.4275222176764
226.295,1879.9109864789384
199.67,2960.7859845942858
173.04999999999998,4943.699451874486
146.425,8907.114484376305
119.8,17784.447890607687
93.18,41123.43086675992
66.55999999999999,119516.41589301178
39.935,524318.5451680252
13.31,6623538.0991203645
996.675,6.640184093009105
972.64,7.305424207651982
948.625,8.05543803678701
924.61,8.904224900129831
900.59,9.86802818041417
876.575,10.965598720829545
852.56,12.22010597399474
828.5450000000001,13.659265751260925
804.53,15.316676573456848
780.5150000000001,17.23329100704568
756.5,19.459314276870543
732.48,22.057257071570728
708.465,25.10293468614641
684.45,28.692962840452868
660.435,32.948387740467794
636.42,38.02285815684805
612.4000000000001,44.11444975413693
588.385,51.474746143063165
564.37,60.436329826614674
540.3549999999999,71.43609589683068
516.34,85.05657287842136
492.325,102.08415000893146
468.31,123.5948589052823
444.29,151.0894718336702
420.275,186.66615588015648
396.26,233.3612102231886
372.245,295.61863622584474
348.23,380.10059057209696
324.21500000000003,497.0484186090341
300.20000000000005,662.6599917143953
276.18,903.4621525346489
252.165,1264.265860794666
228.15,1824.7181175301268
204.135,2733.4815900450617
180.12,4286.161497659638
156.10000000000002,7118.534971637155
132.085,12733.584330926355
108.07,25178.480624006595
84.055,57428.31929976423
60.040000000000006,163412.58604300363
36.025,690722.2186411306
12.01,8043250.477136552
482.845,109.96805145780786
465.9,126.05428405191147
448.96,145.18684259154594
432.02,168.09177588213515
415.08,195.6980955120378
398.135,229.2240011265852
381.19000000000005,270.2486379287168
364.25,320.861773000841
347.31,383.9020316869073
330.37,463.2187739968775
313.425,564.1612983842097
296.48,694.172649081125
279.54,863.8500243244011
262.6,1088.7168845349468
245.66000000000005,1391.8003534740224
228.715,1808.3111874882873
211.77,2393.100719402462
194.83,3234.551225599231
177.89,4481.055393519486
160.95,6391.203945687136
144.01,9438.812825285459
127.06499999999998,14546.83285217471
110.12,23641.011636515832
93.18,41123.43086675992
76.24000000000001,78340.36158218962
59.3,169599.11253615483
42.355,446398.0777106122
25.410000000000004,1656774.9895603873
8.47,14851922.562673518
1175.85,3.473768388642576
1145.3,3.851830575561275
1114.75,4.282754773306944
1084.2,4.775664180741852
1053.65,5.3415729992499825
1023.15,5.992701428090336
992.61,6.747204809720811
962.05,7.624902894013666
931.51,8.649354706532284
900.965,9.852005912660642
870.42,11.271154040038445
839.88,12.954998542350646
809.3399999999999,14.965384472639856
778.8000000000001,17.381340794195733
748.26,20.305139927285786
717.72,23.870449931348524
687.1800000000001,28.253849316410186
656.64,33.69131887270909
626.095,40.5034694517224
595.5500000000001,49.12791479469555
565.01,60.173284383111486
534.47,74.50522254587632
503.93,93.37045215289791
473.39,118.604130542083
442.85,152.96984135706634
412.31,200.7374960207164
381.765,268.71273474990625
351.22,368.0665715056919
320.68,517.8783752903392
290.14,752.3245203067893
259.6,1135.8795604443605
229.06,1798.3834841353869
198.52,3023.1224104655425
167.98000000000002,5494.284055174308
137.435,11101.880778808363
106.89,26120.434556596727
76.35,77985.00804806933
45.81,358833.40297133167
15.27,5055476.83677221
972.3,7.3154183707805815
936.945,8.45499259093191
901.59,9.8253743304698
866.23,11.48526429064823
830.875,13.51066313248247
795.52,16.002901955056327
760.16,19.09776346363051
724.8050000000001,22.97773199690793
689.45,27.895106170692085
654.09,34.20230771637086
618.735,42.396106476974325
583.38,53.19762892359284
548.025,67.66941274222387
512.67,87.41526942813299
477.31,114.92429354445913
441.955,154.1532975881831
406.6,211.6479552128366
371.24,298.65185472325135
335.885,435.3195985722906
300.53,659.9517171394692
265.17,1050.2473899867573
229.815,1776.8943708458796
194.46,3256.757997174417
159.105,6656.405669662759
123.75,15923.6295111219
88.39,48829.744272604235
53.035,235877.49243001358
17.68,3737159.5932674888
831.9100000000001,13.445301401223995
803.71,15.377588719102269
775.51,17.669832558993168
747.3100000000001,20.405586743620724
719.11,23.69193505888228
690.91,27.66737887960659
662.71,32.51282825388642
634.51,38.46711463534329
606.3100000000001,45.84919012387802
578.11,55.090374935942386
549.91,66.78197131075112
521.71,81.74682929306456
493.505,101.1529577755758
465.3,126.67607804612658
437.1,160.77637670214486
408.9,207.1661486581902
380.7,271.5661654541968
352.5,363.0606707086387
324.29999999999995,496.5605801098235
296.1,697.4961931255821
267.90000000000003,1011.2264535287823
239.7,1523.076691860219
211.5,2404.2015258384054
183.3,4026.221040763677
155.1,7281.177046758949
126.9,14611.748638312163
98.7,34039.23977126577
70.5,100079.54982447068
42.3,447999.35234748106
14.1,5922400.38161562
848.2149999999999,12.465914538258621
823.63,13.97949489261682
799.045,15.729941010234118
774.4599999999999,17.763162534901653
749.8750000000001,20.135794698224483
725.285,22.918773400116255
700.7,26.1989089696842
676.115,30.08747638200962
651.53,34.725083181405545
626.945,40.291753427141984
602.355,47.021584024811474
577.77,55.21535643701604
553.1850000000001,65.27444905858295
528.5999999999999,77.73251020215851
504.015,93.31013447383818
479.425,112.99811691098657
454.84,138.15883640585682
430.255,170.73052425903714
405.67,213.49454670310112
381.085,270.53029129841985
356.495,347.97461467564176
331.91,455.2087045345481
307.325,607.1404497790966
282.74,828.1234757793352
258.15500000000003,1159.5076683259447
233.565,1674.795048543422
208.98,2510.979980532551
184.395,3941.30048204177
159.81,6553.471670278154
135.22500000000002,11742.170270078439
110.635,23273.40101114816
86.05,53253.27683418866
61.465,152278.97445003767
36.88,649161.7760016044
12.295,7699047.950239224
784.59,16.887783545718097
763.09,18.814360502167414
741.595,21.023142701441635
720.0999999999999,23.565808169223033
698.605,26.50479894047087
677.11,29.916616915146157
655.615,33.895561472677066
634.12,38.55862306446788
612.625,44.05194408175297
591.1299999999999,50.55942517025693
569.6300000000001,58.31626935054148
548.135,67.61722214583514
526.64,78.84888731686104
505.145,92.51287350660363
483.65,109.26965602857902
462.155,129.99878237370638
440.66,155.8860109806505
419.165,188.55146463029146
397.67,230.24142060310814
376.17,284.1351476262763
354.675,354.7481837630476
333.18,448.7329377770918
311.685,576.0219092502603
290.19,751.8425670045531
268.695,1000.2054164310323
247.2,1360.2054204312012
225.705,1897.902093109096
204.21,2729.853480959799
182.71,4072.9268014791223
161.215,6354.206497798587
139.72,10485.158482103776
118.225,18601.970258716035
96.73,36377.52543438259
75.235,81683.07975890234
53.74,226953.097081728
32.245,920994.104779367
10.75,9845580.828813748
1285.1,2.4503007250260063
1253.35,2.7034910441917943
1221.65,2.9897655612145617
1189.95,3.314956531992431
1158.1999999999998,3.686213121411751
1126.4500000000005,4.110930595502382
1094.75,4.597795872197673
1063.0,5.159871604927794
1031.25,5.810527675960666
999.535,6.566157457498023
967.805,7.449167783738558
936.075,8.485735055822252
904.345,9.709049292966125
872.61,11.161229480091949
840.875,12.89536781654668
809.145,14.979428937366261
777.415,17.502064874129726
745.685,20.5788479649279
713.955,24.36249736675038
682.225,29.057173980026032
650.495,34.939273237313394
618.76,42.389492709105646
587.025,51.93591245825933
555.295,64.32568803402197
523.565,80.6410490364789
491.835,102.47397941813959
460.105,132.22339168347833
428.375,173.5984163749067
396.645,232.5041345951409
364.91,318.6782964771671
333.175,448.7582062515827
301.44499999999994,652.5144672384996
269.71500000000003,986.2842745751738
237.985,1563.6934005419089
206.255,2633.2078096546934
174.52499999999998,4796.6253100831345
142.79500000000002,9721.339938456773
111.06,22975.41357467725
79.325,69097.78193717754
47.595,322084.70508911664
15.865,4678949.68942196
988.345,6.861819183696554
961.25,7.649740300556182
934.17,8.553539911004455
907.095,9.594647205806105
880.02,10.799093257090464
852.94,12.198897635029914
825.86,13.833052505671228
798.7850000000001,15.749874507055543
771.71,18.010535065664275
744.63,20.692319661585792
717.5500000000001,23.892397920337856
690.4749999999999,27.734985275566036
663.4,32.38214896269916
636.32,38.045958035396886
609.24,45.00413382781383
582.1650000000001,53.626699257411836
555.0899999999999,64.41710683180015
528.01,78.06647179456354
500.93,95.5308862180897
473.855,118.15999392029397
446.78,147.90567361923635
419.7000000000001,187.6398225226164
392.62,241.66295945756056
365.545,316.59503541363307
338.47,422.9665870876219
311.39,578.0635652527358
284.31,811.2709297266282
257.235,1174.8718856926098
230.16,1767.181778250845
203.08,2785.162008229708
176.0,4654.9853282612685
148.925,8395.604255137372
121.85,16786.59927257997
94.77,38907.31306778816
67.69,113490.05396215498
40.615,500789.5957153909
13.54,6408386.648955169
679.465,29.517028109900057
650.555,34.926811403204425
621.64,41.63614272824378
592.7249999999999,50.0369116006417
563.8149999999999,60.665604296579694
534.9,74.27545541187375
505.985,91.9257317911004
477.0750000000001,115.14083866834434
448.16,146.1772628310709
419.245,188.41479275960438
390.3299999999999,247.0754246457046
361.415,330.4563315620528
332.505,452.16033473750355
303.59000000000003,635.4861841952967
274.675,921.9408380961373
245.765,1389.6171870949952
216.85,2195.7041578215076
187.935,3681.6629635140116
159.025,6668.213569597962
130.11,13411.167786356347
101.195,31341.641531219175
72.285,92586.70137009335
43.37,418107.2189434236
14.455,5639657.186558984
478.665,113.68558598228446
449.655,144.3332166347813
420.645,186.0429613721628
391.635,243.97267300356188
362.625,326.3180186765425
333.615,446.54137404288616
304.605,627.6222602140427
275.595,910.5893751293822
246.585,1372.7141827089272
217.575,2169.218452215462
188.565,3637.7236890222334
159.555,6590.471609037345
130.54500000000002,13258.123170908864
101.535,30995.088795425683
72.525,91633.7740872866
43.515,414253.10550734313
14.505,5601295.64701824
479.34,113.07474629049408
454.76,138.251565320336
430.175,170.85135011886658
405.59,213.6543324805742
381.00999999999993,270.73169699962995
356.43,348.2137289570715
331.85,455.5175275495804
307.27000000000004,607.5462535448166
282.69,828.6673393306256
258.105,1160.3361995901703
233.52,1675.9760876958537
208.94000000000003,2512.72220111827
184.36,3943.9799717670685
159.78,6557.811087688528
135.20000000000002,11749.674210477342
110.62,23284.00642681141
86.035,53283.22005630315
61.45,152391.10871487964
36.87,649629.2008364238
12.29,7704912.429489916
991.44,6.7784067478109655
968.115,7.439846054376109
944.785,8.184141753644973
921.46,9.023698016479111
898.135,9.973729230075174
874.8050000000001,11.052395395032576
851.475,12.28091556695977
828.1449999999999,13.684982049878151
804.8199999999999,15.295206690448001
781.495,17.14939868473147
758.165,19.293786919824978
734.835,21.784096434442908
711.5050000000001,24.6895081082415
688.1800000000001,28.09510622963637
664.855,32.10873127250147
641.525,36.866550476211245
618.195,42.53927924332694
594.865,49.3464175741465
571.535,57.571442269811136
548.2099999999999,67.58166649769468
524.885,79.8655577681595
501.555,95.07568394063443
478.225,114.08598489228568
454.895,138.095130379382
431.57,168.75967338686718
408.245,208.43030374283754
384.915,260.48960820546563
361.585,329.8709697826965
338.255,423.9771623641517
314.93,554.1479194353443
291.605,738.3619408868884
268.27500000000003,1006.0090294247626
244.945,1406.781303964351
221.615,2028.728401787445
198.285,3036.062135441921
174.96,4754.299514075993
151.63500000000002,7881.9663253077515
128.305,14070.358665785681
104.975,27745.129337675622
81.645,63035.50230458888
58.32,178253.45197412398
34.995,745395.5630501006
11.665,8488554.547962084
890.325,10.31954189542187
869.855,11.299732925164163
849.3850000000001,12.399120994277357
828.92,13.635211562654305
808.455,15.029257220771173
787.985,16.60652163963565
767.52,18.395779501617945
747.0550000000001,20.432654466491165
726.585,22.760040857692523
706.115,25.428468563515334
685.6500000000001,28.49890267645918
665.1850000000001,32.04712097802882
644.715,36.16627454354793
624.25,40.967824318884674
603.785,46.59340578569274
583.315,53.220474405427844
562.845,61.06893534902012
542.3800000000001,70.41669339104273
521.915,81.62369936331685
501.4450000000001,95.15560259780236
480.98,111.60763913179474
460.515,131.77468497388784
440.045,156.71740894426722
419.5750000000001,187.85232877614214
399.11,227.1088873030766
378.645,277.1799746515396
358.175,341.86503986726683
337.70500000000004,426.57612862656737
317.23999999999995,539.2069254783127
296.77500000000003,691.6061743045025
276.305,901.9482974673185
255.83999999999995,1198.6577272058396
235.375,1628.1420421623532
214.905,2268.7841007580632
194.435,3258.265323612787
173.97000000000003,4851.3141020782805
153.505,7550.3383383345345
133.03500000000005,12422.934289082254
112.57,21954.600080789503
92.105,42711.92002389577
71.635,95230.81600301774
51.165,261790.14158418344
30.7,1043105.4072732955
10.235,10743178.246469567
989.19,6.838919103986184
958.76,7.727696767515887
928.32,8.7660366602832
897.885,9.984572317669178
867.45,11.422401150677498
837.01,13.12894046366404
806.575,15.166076501162257
776.1400000000001,17.614128733161444
745.7,20.57724023919436
715.265,24.18986772412385
684.83,28.63133222329743
654.39,34.14169086655601
623.955,41.04268668089644
593.5200000000001,49.778994737777246
563.08,60.97091418862879
532.645,75.49034312093673
502.2099999999999,94.60153815495879
471.77,120.167838349666
441.335,154.97983837869737
410.9,203.36499841988953
380.46,272.2144150400681
350.02500000000003,372.81817663660377
319.59,524.5204923017152
289.15000000000003,761.9472439123807
258.71,1150.3604692086149
228.275,1821.072278477671
197.84,3060.7554127927274
167.4,5562.0609901233165
136.965,11234.318135891022
106.53,26416.571263179834
76.09,78828.2187485614
45.655,362269.18285084836
15.22,5088928.147570425
991.02,6.789651424767304
963.86,7.569079248712982
936.705,8.463459345467749
909.555,9.49373392004941
882.405,10.685668954159777
855.255,12.070683384139233
828.105,13.687557007253467
800.9549999999999,15.584469106973533
773.805,17.821694870183624
746.655,20.475204127200126
719.505,23.641510768963894
692.35,27.445043123285874
665.1949999999999,32.04525630744498
638.045,37.64993078653597
610.895,44.535406899320854
583.745,53.069570214646824
556.5949999999999,63.74971891908247
529.4449999999999,77.25731382374087
502.2950000000001,94.54022468618577
475.145,116.93871198418258
447.995,146.38258669225877
420.84,185.7155676735008
393.685,239.19632980793435
366.535,313.38096652969705
339.385,418.6993001119233
312.235,572.2394502368317
285.085,803.1101091605284
257.93499999999995,1163.158749772979
230.785,1749.755003153825
203.635,2757.8237689965267
176.485,4609.558405095387
149.33,8316.234650572238
122.175,16634.90658709786
95.025,38565.96275373715
67.87499999999999,112540.14687776634
40.725,497110.21111340064
13.575,6376474.390766014
476.83,115.3671418802808
453.5700000000001,139.64013938335796
430.31,170.6475184452705
407.05,210.7616124990953
383.79,263.3898397297357
360.53,333.5247233313492
337.27,428.6457951731637
314.01,560.2423884496103
290.74999999999994,746.4709769609208
267.49,1016.9696204824448
244.23,1421.964469883804
220.97,2050.377831839451
197.71,3068.016559862673
174.45,4803.970446002584
151.19,7963.55352494606
127.93,14212.364573369669
104.67,28015.465362080446
81.41,63618.345149968765
58.14999999999999,179810.8841221049
34.89,751273.9903197843
11.63,8535592.989105927
693.865,27.213533085240176
672.515,30.71594384757683
651.165,34.80043094991896
629.815,39.58704569102861
608.465,45.225748106257406
587.115,51.90523491035832
565.765,59.864810375239735
544.415,69.41051165583588
523.065,80.93725250678116
501.715,94.95958835593325
480.365,112.15499961154447
459.015,133.42561859326034
437.665,159.98756265830266
416.315,193.5023025301691
394.965,236.27324383398116
373.615,291.5455703051696
352.265,363.9733133237924
330.915,460.36404277911186
309.565,590.897337771002
288.22,771.1273688305245
266.875,1025.6610709379224
245.525,1394.6135886664224
224.175,1945.570489744125
202.825,2797.836463245691
181.475,4172.907322691996
160.12500000000003,6508.124037123579
138.77499999999998,10734.87667291277
117.425,19035.25360309395
96.075,37199.347468954315
74.725,83447.93893815152
53.375,231519.30848970189
32.025,937223.5400955001
10.675,9969699.697370185
48.305,308796.2923940902
46.41,345915.86269183294
44.515,388861.68198327144
42.62,438783.680136758
40.725,497110.21111340064
38.830000000000005,565629.3626138953
36.935,646598.5686372397
35.045,742616.897647969
33.15,857884.9480252621
31.255,996984.7367680346
29.36,1166258.7560304424
27.465,1374177.4227028876
25.57,1632227.6367972423
23.675,1956259.6553935343
21.785,2367353.6446209084
19.89,2899728.5896609016
17.994999999999997,3599919.641285374
16.1,4540503.274515686
14.204999999999998,5836832.394259698
12.315,7675650.536877772
10.419999999999998,10408208.868418016
8.525,14692994.484885342
6.630000000000001,21979021.862965517
4.734999999999999,36091983.69076589
2.84,71204076.8137962
0.945,255758087.5587021
249.725,1310.3182082903998
247.055,1363.1417544433339
244.385,1418.655682560597
241.715,1477.026205157424
239.045,1538.4316463191308
236.375,1603.0634615335055
233.705,1671.1273552178186
231.035,1742.844506457426
228.365,1818.4529147328037
225.69,1898.3622949626144
223.015,1982.7125859228058
220.34500000000003,2071.6323281301516
217.675,2165.596681648183
215.005,2264.95325586974
212.335,2370.077949944291
209.665,2481.377616950125
206.995,2599.293013911077
204.325,2724.3020721736234
201.655,2856.9235273046634
198.985,2997.720953005852
196.31,3147.596027198693
193.635,3306.9639771627
190.965,3476.229193852927
188.295,3656.4740226344256
185.625,3848.565137958197
182.955,4053.4501687966235
180.285,4272.166466468607
177.615,4505.85095658366
174.945,4755.751226291536
172.275,5023.238021571721
169.60500000000002,5309.819356908721
166.93,5617.75259898449
164.255,5948.362521311478
161.585,6302.996890505026
158.915,6684.492268980078
156.245,7095.330831994198
153.575,7538.266913240349
150.905,8016.361701433626
148.235,8533.023001501962
145.565,9092.050896690707
142.89499999999998,9697.690302615469
140.225,10354.691590841538
137.555,11068.380685158252
134.88,11846.2570426565
132.20499999999998,12693.811739193434
129.53500000000005,13616.879239591002
126.865,14625.565263235065
124.195,15729.599309326632
121.525,16940.028537824142
118.855,18269.42621915244
116.185,19732.13812471766
113.515,21344.57471060161
110.845,23125.558777484526
108.175,25096.740597653927
105.5,27287.40898422187
102.825,29723.12401347568
100.155,32432.276998974234
97.485,35458.273416297845
94.815,38846.800284150886
92.145,42651.44894423404
89.475,46935.3240625907
86.80499999999999,51773.032392748064
84.135,57253.15406694465
81.465,63481.330787189436
78.795,70584.14786397129
76.11999999999999,78730.34270255089
73.445,88093.10107938171
70.775,98876.78730160694
68.105,111373.07786238815
65.43499999999999,125921.38886563008
62.765,142942.92526971057
60.095,162964.21052487975
57.425,186648.59220203536
54.755,214838.87893150895
52.08500000000001,248615.71066276144
49.415,289378.47592895676
46.745,338959.03144002624
44.07,399910.2733730555
41.395,475424.2879239443
38.725,569766.5820884649
36.05500000000001,689207.595228431
33.385,842406.6389853776
30.715,1041823.4479138008
28.045,1305818.3116550175
25.375,1662208.0329842288
22.705,2154545.580179506
20.035,2853787.203862154
17.365,3881371.68083004
14.69,5462353.289498836
12.015,8037033.2794027515
9.345,12583014.317537593
6.675000000000001,21750588.289277874
4.005,45478045.0405476
1.335,174366191.82061404
388.775,250.837274627683
385.725,258.42613463914813
381.37,269.76665600356915
377.01,281.75039686727
372.65,294.4071882707449
368.29,307.78291667346616
363.93,321.927161109631
359.57,336.89353681677267
355.215,352.72137503096684
350.86,369.49000693676834
346.50000000000006,387.288378238255
342.14,406.17176904144765
337.78,426.2205534352854
333.42,447.5221403381031
329.065,470.1449013172368
324.71,494.21586742417486
320.35,519.8781341755904
315.99,547.228447887272
311.62999999999994,576.4018723268173
307.27,607.5462535448171
302.91,640.8236218031658
298.555,676.3695606308538
294.20000000000005,714.4156267101583
289.84,755.2243673856663
285.48,798.9902153708896
281.12000000000006,845.974185297783
276.76,896.4645826057646
272.40500000000003,950.7157045312032
268.05,1009.1354326939323
263.69,1072.1893952525234
259.33,1140.248433496923
254.97000000000003,1213.7972082614147
250.61,1293.3760587733395
246.25000000000003,1379.5884385572488
241.895,1472.9977729076693
237.54,1574.4530881565222
233.18,1684.9332463941073
228.82,1805.2824722351982
224.46,1936.5785549468628
220.1,2080.0392383450308
215.74500000000003,2236.855011875947
211.39,2408.7425390994813
207.03,2597.7025084930297
202.67,2805.5758102624
198.31,3034.6822798231306
193.95,3287.6809192511414
189.59,3567.627827066808
185.235,3877.6705811635698
180.88,4222.171961209481
176.52,4606.301677422553
172.15999999999997,5035.176570091405
167.8,5515.2071252458
163.43999999999997,6053.902765059486
159.08499999999998,6659.355189748702
154.73,7342.531682981762
150.37,8116.681973629592
146.01,8995.763218313557
141.65,9997.344165992277
137.29000000000002,11142.529611564358
132.93,12456.799324071737
128.575,13969.21341080813
124.22,15718.786823757862
119.86,17754.20324580801
115.5,20130.829994306176
111.14,22919.857527224973
106.78,26210.477364198705
102.42,30115.29510697983
98.065,34771.80626478256
93.71,40367.540237286164
89.35,47148.818967076295
84.99,55422.30630585931
80.63000000000001,65602.02546537737
76.27000000000001,78243.24563862538
71.915,94080.33045602859
67.55999999999999,114163.59326036325
63.2,139980.59335107726
58.84,173593.8486397229
54.48,218038.8239817978
50.12,277842.5532087545
45.760000000000005,359937.19813331706
41.405,475109.7970973282
37.05,641280.5773868636
32.69,889248.0373252147
28.33,1273826.0956284192
23.97,1900672.7890373387
19.610000000000003,2991213.2136472706
15.255,5065481.408674606
10.9,9603647.77577217
6.540000000000001,22446532.83873121
2.18,98586632.5429951
591.65,50.38832972866532
561.31,61.71407087538026
530.9699999999999,76.40886567815576
500.63,95.75035105131256
470.29,121.61900187296595
439.95,156.84633012346555
409.605,205.81618595943021
379.2600000000001,275.48484028582226
348.92,377.2803581722574
318.58,530.7704557959066
288.24,770.9284961262849
257.90000000000003,1163.7409285535477
227.56,1842.0502404649553
197.22,3095.579945417737
166.88,5623.7182238399155
136.53500000000005,11357.221256560637
106.19,26700.129328246763
75.85,79616.75508917373
45.51,365521.0554689675
15.17,5122674.874041358
98.48,34290.831932160676
94.1,39822.42266070669
89.725,46511.96003556608
85.35000000000001,54673.43033853741
80.97,64727.93440250363
76.595,77200.78619818667
72.22000000000001,92846.9264038007
67.84,112719.09002599756
63.465,138213.7753763564
59.09,171408.2727501018
54.71,215358.43443430608
50.335,274440.48516023974
45.96,355547.60472640104
41.580000000000005,469648.64995701873
37.2,634427.3344236031
32.825,879894.126843761
28.45,1260656.6764656596
24.07,1882293.9502985238
19.695,2963047.2396368156
15.32,5022317.640486447
10.94,9540514.774846885
6.565,22315220.458126217
352.285,363.8955300208625
336.63,431.71370109289865
320.97,516.1289458329186
305.30999999999995,622.231651967954
289.655,757.0195752500452
274.0,930.3820690186287
258.34000000000003,1156.4485284100674
242.685,1455.4790721913523
227.03,1857.7956754110598
211.37,2409.56933020803
195.715,3182.1985198559264
180.06,4291.264818799247
164.39999999999998,5929.827371890907
148.73999999999998,8432.174926803702
133.085,12406.848600495838
117.43,19032.50654997852
101.77,30758.364066586626
86.115,53123.766600607174
70.46,100256.02583184568
54.8,214320.90287280024
39.13999999999999,553635.2048508946
23.485,1993177.9795408312
7.83,16895142.5136678
773.4449999999999,17.853967996647985
741.8750000000001,20.99234640685701
710.305,24.85167845436018
678.7350000000001,29.64017472578642
647.165,35.63970614768874
615.595,43.237152746990105
584.025,52.97159451687784
552.4599999999999,65.6044786711884
520.895,82.23864852077041
489.325,104.50030338837504
457.755,134.83242903069473
426.185,177.01557587685892
394.615,237.06806765840585
363.045,324.8967431205243
331.475,457.45361817877404
299.905,665.09279931807
268.335,1005.1773683364396
236.765,1593.4138805292725
205.195,2682.7587298677
173.63,4885.20278920218
142.065,9896.187913632764
110.495,23372.620808158823
78.925,70215.88095329626
47.355,326739.4947028172
15.785,4727357.033512099
390.205,247.37520557142813
373.6,291.58978466168656
357.0,346.1238567265809
340.395,414.0512754985737
323.79,499.4966200875348
307.185,608.1740721548948
290.5799999999999,748.096550649595
273.975,930.6965593954891
257.37,1172.6014825398654
240.765,1498.5171436482206
224.16,1946.0451945671462
207.555,2573.990371993133
190.95,3477.210360968612
174.35,4813.78586742283
157.745,6860.754888341767
141.14,10123.436180599676
124.535,15583.343753121568
107.93,25287.98700941937
91.325,43912.89451870936
74.72000000000001,83465.47736061229
58.115,180133.65725745124
41.510000000000005,471823.5108930763
24.905000000000005,1737442.3840551567
8.3,15358833.456038078
297.66,683.9776130118969
282.395,831.8852420355199
267.13,1022.0460695418079
251.865,1269.8176810036282
236.6,1597.4875048187716
221.335,2038.0913100573232
206.07,2641.772860296232
190.805,3486.7128618015813
175.54,4698.58940255375
160.28,6485.954286587102
145.015,9212.84790592659
129.75,13539.50161537115
114.485,20740.335153905435
99.22,33453.70420621192
83.955,57648.22277653373
68.69,108472.50812415539
53.425,230886.99349905027
38.16,592700.8282219712
22.895,2113723.292238513
7.63,17615924.99532776
490.885,103.23508753398195
477.055,115.15929158524025
463.23,128.85091755926717
449.405,144.6395519148753
435.575,162.9298824970414
421.745,184.20551971852979
407.915,209.07085989717928
394.09,238.26658196041862
380.265,272.74254294346355
366.435,313.70376197811487
352.605,362.6538191031221
338.78,421.5147746172197
324.955,492.82136493678786
311.125,579.9053157553413
297.295,687.1110423090623
283.46500000000003,820.2873840740099
269.64,987.2996015730271
255.81500000000003,1199.0894633108712
241.985,1470.9887097858389
228.155,1824.5721087783927
214.33,2290.9694423989295
200.505,2916.5295923534145
186.675,3771.551737840316
172.845,4964.584456303314
159.01999999999998,6668.952433414757
145.195,9173.094385124159
131.365,12975.525285333824
117.535,18974.932983358292
103.705,28892.824830371734
89.88,46251.87879115722
76.05499999999999,78942.60071288586
62.225,146730.95644591504
48.395,307161.6966971671
34.57,769557.2015078085
20.745,2642040.2874728004
6.915,20588838.2962871
587.515,51.76916400683695
569.9799999999999,58.1785251409759
552.44,65.61361246761425
534.9,74.27545541187375
517.3650000000001,84.41206570016898
499.83,96.33867979932707
482.29,110.45280587654928
464.75,127.24942786102112
447.21,147.36438359740453
429.675,171.60893873149152
412.14,201.05202789532336
394.6,237.10220618360302
377.06,281.60923799812923
359.525,337.05249145158956
341.99,406.8416835435732
324.45,495.70114818763966
306.91,610.210815828346
289.37,759.7956210482579
271.83500000000004,958.1168499624492
254.30000000000004,1225.6196243469703
236.76,1593.5371326752397
219.22,2110.5896152842492
201.685,2855.3890816685093
184.15,3960.1048620528613
166.61,5656.069944869715
149.07000000000002,8367.079454794664
131.53,12919.575555194564
113.995,21042.852257921706
96.46,36713.5056150535
78.92,70230.0003908556
61.38,152915.77853073657
43.84499999999999,405647.9509048351
26.31,1524597.5421965
8.77,14013468.738549583
784.955,16.857260547433107
762.845,18.837855719593545
740.7349999999999,21.118085113377912
718.6250000000001,23.75403245369043
696.515,26.81442049148408
674.4,30.384846165643715
652.285,34.56987295639337
630.175,39.49974145852088
608.065,45.3406634634597
585.955,52.30237691370216
563.8449999999999,60.65318331191654
541.73,70.74191547215521
519.6149999999999,83.01856746807373
497.505,98.07435353681088
475.395,116.70385785435708
453.285,139.97528164190507
431.175,169.348675404578
409.065,206.8492100563833
386.95,255.3441190713373
364.835,318.9254812416612
342.725,403.57224439146904
320.615,518.2715054918638
298.505,676.791792062632
276.395,900.8602856367133
254.285,1225.8859496222226
232.17,1711.8967279384535
210.055,2464.7186618496817
187.945,3680.960344560932
165.835,5750.233934940969
143.725,9504.151861604973
121.615,16897.365199271535
99.505,33138.14032989977
77.39,74723.33927361047
55.275000000000006,208948.23641842164
33.165,856886.1875763757
11.055,9362152.888847083
485.5199999999999,107.66857488591648
466.48,125.4568394021626
447.44,147.07587293678606
428.4,173.55988607250936
409.36,206.28407156823428
390.32,247.09939039904427
371.28,298.5303881035574
352.24,364.0705716883679
333.20000000000005,448.63188166761876
314.16,559.2430273655095
295.12000000000006,706.1597249076133
276.08,904.67552493214
257.04,1178.161071481302
238.0,1563.3323192200626
218.96,2119.7231119958424
199.92,2947.4479869850393
180.88,4222.171961209481
161.84,6268.004194023679
142.8,9720.155743055084
123.76,15919.236462639974
104.72,27970.922466086133
85.68,53998.08370210435
66.64,119076.72817211162
47.6,321988.62457144004
28.56,1248737.742222857
9.52,12188349.224836025
533.875,74.82462357159497
511.1600000000001,88.40945627361441
488.44,105.2266918214182
465.72,126.24042081329874
443.0,152.7726095463837
420.285,186.64927849986373
397.57,230.46095767776512
374.85,287.93383349861193
352.13,364.49889472655036
329.41,468.3013361784109
306.69,611.8463548116869
283.975,814.8305996608005
261.26,1109.474148612947
238.54,1550.4025598191997
215.82,2234.0316121374735
193.1,3340.0399451988133
170.38500000000002,5224.029973580587
147.67,8647.649195299373
124.95,15407.12631828183
102.23,30301.51138099643
79.50999999999999,68588.22361194878
56.795,192858.33766586633
34.08,798666.6502929851
11.36,8910718.495273512
312.35,571.4525019879385
304.825,625.9338383786752
297.295,687.1110423090623
289.77,755.9030085065913
282.24499999999995,833.5274566223267
274.71500000000003,921.4436289220339
267.19000000000005,1021.1977976862332
259.665,1134.8309227404175
252.135,1264.8196749621175
244.61,1413.8697193505543
237.085,1585.550482006971
229.56,1784.1161843756313
222.035,2014.784683641947
214.505,2284.1887680281843
206.98,2599.975031992651
199.455,2972.3171024044495
191.925,3414.148527109062
184.4,3940.91788374431
176.875,4573.431294662373
169.34500000000003,5338.807055341025
161.82000000000002,6270.739918599432
154.29500000000002,7415.494792739466
146.765,8835.300271276948
139.23999999999998,10611.07980475139
131.715,12857.202791815595
124.185,15733.926911687791
116.66,19461.46956234461
109.135,24364.607277370196
101.605,30924.336951160178
94.08,39850.15200078228
86.55499999999999,52257.39523695689
79.03,69920.19441900775
71.505,95770.97919503374
63.975,134891.73718250354
56.45,196369.3516976267
48.925,297754.2981885444
41.395,475424.2879239443
33.87,811571.3370711365
26.345,1519736.4952641893
18.815,3272416.2592527955
11.29,9011644.581836676
3.765,49415978.87957536
59.55,167476.58977932093
58.73,174566.618768004
57.91,182038.91583342289
57.09,189918.70082931896
56.27,198233.1746579805
55.445,207066.71574130014
54.620000000000005,216402.30714223103
53.8,226213.3930184093
52.98,236592.18764548728
52.16,247578.98089458828
51.34,259217.4755806761
50.52,271555.12583417963
49.695,284725.73687322636
48.87,298713.4542210195
48.05,313487.71854381287
47.23,329197.5507126954
46.41,345915.86269183294
45.59,363722.3741216934
44.77,382704.3592026179
43.945,403085.0925539099
43.12,424859.51114668796
42.3,447999.35234748106
41.48,472759.5016773436
40.66,499280.2325089585
39.84,527716.4394753408
39.02,558239.4387817277
38.195,591246.4278978837
37.37,626772.4598970934
36.55,664815.4209108956
35.73,705844.0081462404
34.91,750149.7505911349
34.09,798058.6872050746
33.27,849936.2280112143
32.445,906550.1980062163
31.62,968067.6285304074
30.8,1034596.9436327284
29.98,1107086.6980574436
29.16,1186207.4021892652
28.34,1272721.9233730054
27.52,1367500.783178049
26.695,1472205.518492008
25.87,1587450.538921003
25.05,1713771.6146263876
24.23,1853362.6984159667
23.41,2007999.0259955586
22.59,2179751.0827165134
21.77,2371044.590047742
20.95,2584735.1751216147
20.125,2825749.110035033
19.3,3096952.744096671
18.48,3401283.600139282
17.660000000000004,3746104.017059717
16.84,4138470.836007197
16.02,4587016.376758376
15.2,5102391.201861734
14.374999999999998,5701769.99031907
13.55,6399246.980228994
12.73,7211167.166283263
11.91,8168981.291274426
11.09,9308778.049487043
10.27,10678673.61849553
9.45,12344110.885206865
8.625,14410135.49415882
7.8,17000537.135332167
6.98,20289740.955902305
6.16,24590460.84501141
5.34,30387274.769786302
4.52,38519607.17140302
3.7,50575620.38438471
2.875,70112832.38646054
2.05,106119374.82826589
1.23,191166408.6214038
0.41,621154346.1281646
24.06,1884121.4693136886
23.9,1913676.170199171
23.74,1943832.97197637
23.58,1974607.2027051295
23.425,2005023.4362342963
23.27,2036048.7475869632
23.11,2068729.919967557
22.95,2102093.6592645245
22.795,2135082.526185102
22.64,2168745.450457515
22.48,2204219.5978871104
22.32,2240449.9637438846
22.165,2276288.34445701
22.01,2312874.3593619103
21.85,2351445.5242631184
21.69,2390856.425684798
21.53,2431130.0318199657
21.375,2470990.1680260934
21.22,2511704.4987170734
21.06,2554652.5832853257
20.9,2598561.5753538213
20.745,2642040.2874728004
20.59,2686471.641958791
20.43,2733363.3964144224
20.27,2781328.2121177292
20.11,2830397.0739407972
19.955,2879015.6348537668
19.8,2928730.613768987
19.64,2981232.4754745564
19.48,3034971.519774166
19.325000000000003,3088245.811381384
19.17,3142750.52541551
19.01,3200342.220713472
18.85,3259324.391288035
18.69,3319739.6104790145
18.535000000000004,3379675.1088400264
18.38,3441038.615245027
18.22,3505925.2694784803
18.06,3572428.9493602295
17.904999999999998,3638444.7671208554
17.750000000000004,3706074.627585558
17.59,3777632.3735195072
17.43,3851020.9775789203
17.27,3926300.1891053715
17.115,4001088.4810602195
16.96,4077768.181463539
16.8,4158970.1608810015
16.639999999999997,4242322.674330121
16.485,4325189.978474963
16.330000000000002,4410212.949040412
16.17,4500315.917403489
16.01,4592874.872175022
15.855,4684964.514125814
15.7,4779521.205488068
15.54,4879805.948774171
15.38,4982907.615505203
15.22,5088928.147570425
15.065,5194519.527146121
14.91,5303051.402730153
14.75,5418280.771902873
14.59,5536877.772248883
14.435,5655100.190923767
14.28,5776723.774111466
14.12,5905972.730776497
13.96,6039127.183035512
13.8,6176340.457013584
13.645,6313288.152208244
13.49,6454349.413832988
13.33,6604446.536771694
13.17,6759284.470327282
13.015,6913989.111560337
12.86,7073513.33683249
12.7,7243447.2107044635
12.54,7418953.554214132
12.38,7600272.147618545
12.225,7781705.716163491
12.07,7969073.625874602
11.91,8168981.291274426
11.75,8375781.500451861
11.595,8582988.023926307
11.44,8797259.05126692
11.28,9026190.182807634
11.12,9263359.95596724
10.96,9509162.025747856
10.805,9755908.706209438
10.65,10011551.54872338
10.489999999999998,10285225.713794623
10.33,10569334.868329046
10.175,10855018.581557205
10.02,11151509.815508813
9.86,11469483.141507175
9.7,11800200.616630686
9.545,12133384.854716286
9.39,12479842.680799156
9.23,12852156.93534846
9.07,13240217.66061557
8.91,13644928.018623695
8.754999999999999,14053783.901974775
8.6,14480123.973886773
8.44,14939637.570550319
8.28,15420076.252684304
8.125,15906686.387209311
7.97,16415440.171474464
7.81,16965301.39487561
7.65,17541885.367262147
7.49,18146986.095043894
7.334999999999999,18762212.92295749
7.180000000000001,19407966.990581974
7.0200000000000005,20108806.266957127
6.859999999999999,20846950.589794233
6.704999999999999,21600220.174528416
6.550000000000001,22393872.516980283
6.39,23258709.826216545
6.23,24173503.431680076
6.07,25142330.29299712
5.915,26136671.782655235
5.76,27190527.41109844
5.6,28346185.476010013
5.44,29576896.80560533
5.285,30847309.32769161
5.13,32201850.61161733
4.970000000000001,33696854.273144744
4.81,35300064.52133842
4.65,37022860.92999217
4.495000000000001,38818120.29052711
4.34,40751354.02755663
4.18,42908189.353038475
4.0200000000000005,45248445.582646035
3.865,47712251.0947431
3.71,50394423.13985804
3.5500000000000003,53422808.89226522
3.39,56752329.164537154
3.235,60307497.99679429
3.08,64237026.02888442
2.92,68749621.94972362
2.76,73806036.57286605
2.6,79507206.96345237
2.4450000000000003,85765070.01147574
2.2900000000000005,92895147.36785445
2.13,101372665.33884202
1.97,111259860.33685093
1.815,122535022.06760284
1.66,135953948.65979892
1.5,152760026.48324066
1.34,173632440.94637504
1.1800000000000002,200226845.63230732
1.025,233977129.98228294
0.87,279835948.4627869
0.71,348285061.5737956
0.55,456705574.0744605
0.395,645697502.5481514
0.24,1079135658.0044832
47.07,332378.07646442315
46.615,341637.50309572805
46.16,351225.49976560706
45.705,361156.33799388283
45.25,371445.0276834833
44.795,382107.3617339729
44.34,393159.9637559467
43.885,404620.33913128066
43.43,416506.92968601984
42.975,428839.17226665246
42.52,441637.5615368507
42.065000000000005,454923.7173408181
41.61,468720.4570113428
41.155,483051.8730359913
40.7,497943.4165338381
40.245000000000005,513421.9870382455
39.79,529516.0291288941
39.335,546255.6365091024
38.88,563672.6641830704
38.425,581800.8494527045
37.975,600464.3306087332
37.52,620115.3972434134
37.065,640591.0316381055
36.61000000000001,661933.8880129087
36.155,684189.268854515
35.7,707405.3184503573
35.245,731633.2328231006
34.79,756927.4876577775
34.33500000000001,783346.0859892741
33.88,810950.8276149568
33.425,839807.6024190176
32.97,869986.7100451598
32.515,901563.2086363933
32.059999999999995,934617.2956797341
31.604999999999997,969234.7243547984
31.15,1005507.2591949156
30.695,1043533.1753346892
30.24,1083417.8061474632
29.785,1125274.1446797152
29.33,1169223.504978704
28.875,1215396.2501983158
28.425,1263385.8511759841
27.97,1314408.2548726602
27.515,1368106.026255277
27.06,1424654.4900894244
26.605,1484242.9609878564
26.15,1547076.0766320825
25.695,1613375.2804310292
25.24,1683380.473066536
24.785,1757351.8552823847
24.33,1835571.9876746247
23.875,1918348.0972306645
23.42,2006014.6650580054
22.965,2098936.3352805586
22.51,2197511.191632537
22.055,2302174.4560571443
21.6,2413402.6728786984
21.145,2531718.453182949
20.69,2657695.8673091163
20.235,2791966.5893255617
19.78,2935226.916651223
19.325000000000003,3088245.811381384
18.875,3250015.0635636635
18.42,3425063.7886645095
17.965000000000003,3612701.483816309
17.509999999999998,3814094.1392738484
17.055,4030543.2748276014
16.6,4263505.301102691
16.145,4514614.219184204
15.69,4785708.34223919
15.235,5078861.886778849
14.78,5396422.490681652
14.325,5741055.984542297
13.87,6115800.092005212
13.415,6524129.190512689
12.96,6970032.863814686
12.505,7458111.7741153
12.05,7993695.449131048
11.595,8582988.023926307
11.14,9233249.953261103
10.685,9953026.443606934
10.23,10752437.181937331
9.775,11643547.370408297
9.325,12629251.474919088
8.87,13748819.287305104
8.415,15013294.802568968
7.96,16449055.517997794
7.505,18088995.0301479
7.05,19974636.81031018
6.595,22159124.168067984
6.14,24711541.0544229
5.685,27723309.481328975
5.23,31317928.409192245
4.775,35666283.18680007
4.32,41011632.878710076
3.865,47712251.0947431
3.41,56318209.563509956
2.955,67719105.40359406
2.5,83453115.3581536
2.045,106428638.2271726
1.59,142885001.39089
1.1350000000000002,209069255.98393556
0.68,364718394.04468143
0.225,1152792649.672742
23.915,1910880.0730967058
23.58,1974607.2027051295
23.245,2041110.8945285042
22.91,2110543.324517072
22.575,2183066.8874638267
22.24,2258855.021021497
21.905,2338093.1082006553
21.57,2420979.4670526274
21.235,2507726.437350662
20.905,2597174.6077855285
20.57,2692275.4611536283
20.235000000000003,2791966.5893255607
19.9,2896529.34102116
19.565,3006266.3911308553
19.23,3121503.698650593
18.895000000000003,3242592.6785328044
18.56,3369912.6148397694
18.225,3503873.3466384555
17.895,3642758.748769914
17.56,3791251.507514585
17.224999999999998,3947821.565058746
16.889999999999997,4113033.9815521115
16.555,4287503.300572369
16.22,4471898.854550103
15.885,4666950.753250524
15.55,4873456.659119047
15.215,5092289.471643545
14.885,5320838.997581614
14.55,5567068.0110956505
14.215,5828769.660399891
13.88,6107216.593386768
13.545,6403814.6210975675
13.21,6720120.009683764
12.875000000000002,7057859.498244607
12.54,7418953.554214132
12.205,7805543.490483622
11.875,8213619.252423623
11.54,8658194.944697626
11.205,9136314.251944246
10.87,9651374.953831308
10.534999999999998,10207222.304029088
10.2,10808223.44152142
9.865,11459357.02838789
9.53,12166321.865944281
9.195,12935669.335126942
8.865,13761883.890113778
8.53,14678665.95280518
8.195,15684264.02227732
7.86,16790679.445462145
7.525,18012087.10070223
7.19,19365344.173613995
6.855,20870648.301100574
6.52,22552398.821992856
6.185,24440338.159632705
5.855,26537289.69758322
5.52,28951741.760976333
5.1850000000000005,31711093.53306691
4.8500000000000005,34888521.028811134
4.515,38579025.88706637
4.18,42908189.353038475
3.845,48045503.166230276
3.51,54225335.21385214
3.175,61781168.940266214
2.845,71046481.70323002
2.51,83043953.28110398
2.175,98859342.43086512
1.84,120585654.5766812
1.505,152180039.90068454
1.17,202132606.76996928
0.8350000000000001,292559571.7758634
0.5,504850886.3127955
0.165,1581388995.2208679
25.875000000000004,1586717.7444518928
25.590000000000003,1629192.257188859
25.305,1673143.2042077885
25.015,1719446.9706283063
24.725,1767417.0263085708
24.435,1817128.4177234147
24.145,1868660.3107520703
23.855,1922096.26078495
23.565,1977524.5036436578
23.275,2035038.2691728377
22.985,2094736.119552533
22.695,2156722.314591688
22.41,2219976.155520975
22.125,2285657.5478811003
21.835,2355104.2736875694
21.545,2427317.098234823
21.255,2502435.097506048
20.965,2580605.942627452
20.675,2661986.5394403865
20.385,2746743.7243923023
20.095,2835055.022527746
19.805,2927109.4740431244
19.515,3023108.5366434734
19.225,3123267.071819144
18.94,3225973.3527717064
18.655,3333150.7900129394
18.365,3447054.3927632896
18.075,3566124.168195399
17.785000000000004,3690659.7192264427
17.495,3820982.270656141
17.205,3957436.568706341
16.915,4100392.9798728414
16.625,4250249.813650727
16.335,4407435.897197153
16.045,4572413.434069066
15.755,4745681.1839227965
15.47,4924560.407251533
15.185,5112519.639179161
14.894999999999998,5313714.422176049
14.605,5525612.850326417
14.315,5748956.62719491
14.025,5984552.504872373
13.735,6233279.327781068
13.445,6496095.997762815
13.155,6774050.503220612
12.865000000000002,7068290.18087259
12.575,7380073.409821471
12.285,7710782.975407089
12.0,8055704.521577145
11.715,8421968.422306174
11.425,8818381.542580174
11.135,9240764.855094988
10.845,9691397.076629674
10.555,10172816.029534623
10.265,10687855.694992017
9.975,11239689.756944336
9.685,11831882.999009652
9.395,12468452.253255533
9.105,13153939.032742891
8.815,13893496.541021978
8.53,14678665.95280518
8.245,15528088.216767183
7.955,16465900.022918561
7.665,17486648.120280746
7.375,18600602.710171267
7.085,19819739.44234792
6.795,21158104.73282197
6.505000000000001,22632278.89217364
6.215,24261969.019192107
5.925,26070776.127533033
5.635000000000001,28087199.281683285
5.345,30345966.7673986
5.0600000000000005,32843270.204577144
4.775,35666283.18680007
4.484999999999999,38938525.962792814
4.195,42698523.353693634
3.905,47056580.101216845
3.615,52158488.442478
3.325,58201010.02819312
3.0350000000000006,65456234.279303655
2.745,74311377.58524619
2.455,85336791.1792636
2.165,99408627.46135624
1.875,117945341.72909123
1.59,142885001.39089
1.305,178887917.93924996
1.015,236510946.80347717
0.725,340579861.2129823
0.435,584014285.1375521
0.145,1803095703.7233748
100.43,32139.321192569154
98.215,34596.989864885174
95.445,38011.88402939102
92.68,41852.87712190591
89.91499999999999,46193.40344436744
87.145,51123.3025153462
84.38000000000001,56720.86532271257
81.615,63109.53346440918
78.845,70442.22039276957
76.08000000000001,78860.87805642598
73.315,88582.85358303964
70.545,99881.48077158886
67.78,113026.68289784949
65.015,128422.92593126981
62.245000000000005,146588.42159224537
59.48,168067.50746662854
56.715,193665.39399130328
53.945,224438.28819282353
51.18000000000001,261568.36813150044
48.415,306799.9389442371
45.645,362492.27209176536
42.88,431472.15800100967
40.115,517956.1973408414
37.35,627666.9178403366
34.58500000000001,768687.597008577
31.815,953057.4863047021
29.05,1197365.6717382786
26.285,1528081.9746455303
23.515,1987289.2031618143
20.75,2640623.0177349146
17.985,3604173.638497723
15.215,5092289.471643545
12.45,7520214.189049242
9.685,11831882.999009652
6.915,20588838.2962871
4.15,43332368.191355
1.385,167269389.97637865
495.98,99.23406657126013
487.04,106.38872052581323
478.105,114.19549044816083
469.17,122.73176551778111
460.23,132.08638872640685
451.295,142.3436420403197
442.36,153.6163543814378
433.42,166.03489772676065
424.485,179.72630043438184
415.55,194.8587959865989
406.61,211.62820813391343
397.675,230.23045061436784
388.74,250.9227675624226
379.8,274.00710411992424
370.865,299.79361487518594
361.93,328.6870095098735
352.99,361.1668983636295
344.055,397.73918432199264
335.11999999999995,439.0615738721522
326.185,485.89427439261146
317.25000000000006,539.1433482582745
308.30999999999995,599.9299295107002
299.375,669.4917304581969
290.44000000000005,749.4385833854413
281.5,841.7441237520355
272.565,948.6510520022374
263.63000000000005,1073.0909702577578
254.69,1218.7204952925144
245.755,1389.8249230934673
236.82,1592.0588935161113
227.88,1832.624338590438
218.945,2120.251551447736
210.01,2466.6336942436915
201.07,2887.0524535936265
192.135,3400.7537386235226
183.2,4034.0899255598097
174.26,4822.641210927549
165.325,5813.27161516073
156.39,7072.221281340409
147.45,8692.803398480923
138.515,10804.88490068519
129.58,13600.638193656487
120.64,17366.82371257758
111.705,22532.24730755504
102.77,29776.00461668213
93.835,40191.80971827558
84.9,55611.5332570414
75.96,79254.11860226622
67.025,116988.95684704732
58.09,180364.65648365807
49.15,293870.75291184196
40.215,514463.8599168082
31.28,994969.1864959328
22.34,2235879.12753397
13.405,6533509.7784285555
4.47,39120218.52285042
247.275,1358.6897309311153
244.7,1411.9609890743525
241.84,1474.2272232594132
238.975,1540.084062412069
236.11,1609.6619544565117
233.25,1683.0842401779125
230.39,1760.7435893747877
227.53,1842.937024429193
224.665,1930.1427975838399
221.8,2022.571700129358
218.94000000000003,2120.4277345489386
216.08,2224.2782742417075
213.22000000000003,2334.56975052713
210.355,2451.9991938179096
207.49,2576.911432411959
204.63,2709.6470163204253
201.77,2851.047080966995
198.91,3001.799852427307
196.045,3162.948784427537
193.18,3335.067774278453
190.32,3518.7340828499846
187.46,3715.2315115639303
184.6,3925.6519825712703
181.735,4151.605803229489
178.86999999999998,4394.069666271637
176.01,4654.043049323632
173.15000000000003,4933.551539767487
170.29,5234.385452345721
167.42499999999998,5559.118065458237
164.55999999999997,5909.458593218883
161.70000000000002,6287.1856840600085
158.83999999999995,6695.619904466551
155.98000000000002,7137.810261539977
153.115,7618.0381425964815
150.25,8139.399114212549
147.39,8705.169372534787
144.53,9321.040107019917
141.67000000000002,9992.439560189507
138.805,10726.835389920425
135.94,11530.074742308581
133.07999999999998,12408.455995302627
130.22,13372.258771830304
127.35999999999996,14431.66882762488
124.495,15600.461634736106
121.63,16890.2677325853
118.77,18313.856205047905
115.91,19890.99770171473
113.05,21642.054796435867
110.185,23594.214942292194
107.32,25772.14684167397
104.46,28203.519247732107
101.6,30929.383935973634
98.74,33993.74467705934
95.875,37454.91516841413
93.01,41369.640369572015
90.15,45803.17556104855
87.29,50849.325096090215
84.43,56612.99908411706
81.57000000000001,63220.784969185544
78.705,70840.52336062083
75.84,79649.82529464389
72.98,89860.76756970333
70.12,101771.977955787
67.26,115737.2040936381
64.39500000000001,132231.07403632213
61.53,151794.25787944105
58.67,175100.11519868922
55.81,203098.59403772673
52.95,236983.17293745952
50.08500000000001,278401.40812921716
47.22,329395.2034432925
44.36,392665.6982427259
41.5,472135.2466109003
38.64,573143.9377459484
35.775,703510.2553680588
32.910000000000004,874068.9796329206
30.05,1100649.7362720205
27.19,1408196.1356176506
24.33,1835571.9876746247
21.465,2447743.0226033824
18.6,3354369.4449509317
15.74,4754878.637566552
12.88,7052651.958098318
10.02,11151509.815508813
7.155,19515119.29274863
4.29,41406917.1983697
1.4300000000000002,161310807.38039693
58.81,173858.47097293672
57.56999999999999,185255.1827823072
56.335,197557.56596232604
55.1,210907.66633868637
53.86000000000001,225476.7270649152
52.62,241338.28918153959
51.38,258633.92396802554
50.145,277444.2381895817
48.91,298015.49987534515
47.67,320647.2931486117
46.43,345495.4903227745
45.18999999999999,372829.312143324
43.95,402957.4884662923
42.715,436094.0982838338
41.48,472759.5016773436
40.24,513595.44652453833
39.0,559011.5307409749
37.760000000000005,609649.8451442953
36.525,666020.7672287324
35.29,729190.4652036147
34.05,800494.0845244726
32.81,880927.230642896
31.57,971964.9469175467
30.335,1074931.2653802803
29.1,1192277.1308104312
27.86,1327138.4915921595
26.62,1482227.9527352871
25.38,1661430.479306744
24.14,1869565.242318189
22.905,2111602.6246166327
21.67,2395842.968015191
20.43,2733363.3964144224
19.19,3135647.2712554918
17.95,3619114.78861466
16.715,4202978.853480172
15.48,4918133.588084344
14.239999999999998,5808677.9852027325
13.000000000000002,6929213.237281758
11.76,8362648.708960897
10.525,10224485.664380228
9.29,12710740.284839038
8.05,16150009.484946664
6.8100000000000005,21085702.812558107
5.57,28571027.20316895
4.33,40881172.08755215
3.095,63838817.779339634
1.86,119064525.84583767
0.62,402369818.2322872
536.63,73.35994623780736
524.295,80.21102131285694
511.96,87.8809843362837
499.62,96.49386440547502
487.285,106.18421171232349
474.95,117.12230849573717
462.615,129.5060446543884
450.28,143.57091959402968
437.94,159.60537731317032
425.605,177.93462989428127
413.27,198.97281578661398
400.93,223.22555084136488
388.595,251.27734092120164
376.26,283.87843459714713
363.92,321.96052570121645
351.58500000000004,366.63035911801654
339.25,419.3255035086781
326.915,481.84060601419236
314.58,556.4566505881435
302.24,646.1375052582658
289.905,754.594882698036
277.57,886.805140856225
265.23,1049.369749606865
252.895,1250.8827040053882
240.56,1503.2058580707783
228.22,1822.6753241124645
215.885,2231.5882706428324
203.55,2761.988867855859
191.215,3459.9272852758268
178.88,4393.1929982814745
166.54000000000002,5664.495419491518
154.205,7430.7037432591915
141.87,9943.558789628842
129.52999999999997,13618.685299048271
117.195,19162.156745459753
104.86,27846.673707495924
92.52,42089.72196565609
80.185,66768.57137576462
67.85,112667.92692759706
55.51499999999999,206298.1821479011
43.17999999999999,423226.4406282837
30.84,1031218.4151422261
18.505,3391439.1497217575
6.17,24530248.913195845
301.675,650.6615007946434
285.36499999999995,800.1869454181691
269.05999999999995,995.1957681997714
252.755,1253.4355550538883
236.445,1601.3261146210318
220.14,2078.663770716925
203.835,2748.054486808191
187.525,3710.6153711358643
171.21999999999997,5134.104672814567
154.915,7311.773818822511
138.60500000000002,10780.586774923624
122.3,16577.0206461389
105.995,26864.480217660795
89.685,46579.375392712565
73.38,88337.55088767933
57.075,190066.80566719768
40.76499999999999,495780.75640912727
24.46,1812772.4058369007
8.155000000000001,15810816.794252807
190.185,3527.7125971291175
182.42,4096.132348559346
174.65999999999997,4783.439442277315
166.9,5621.331023041776
159.135,6651.98445441032
151.37,7930.42524177667
143.61,9530.677014348907
135.85,11556.506691460872
128.085,14153.452186600143
120.32,17524.45501373833
112.56,21961.17137088564
104.8,27899.838296490852
97.035,36002.61609128927
89.26999999999998,47286.09526931929
81.51,63369.503557168355
73.745,86975.82169346821
65.98,122765.9976434053
58.22,179167.52068916135
50.46000000000001,272486.70325807296
42.695,436658.58677956625
34.93,749027.652399707
27.17,1410712.2265349121
19.41,3058880.763735421
11.645,8515390.197851015
3.88,47464697.22195585
320.995,515.9784791583446
312.20000000000005,572.4792251566054
303.40500000000003,636.9327589179012
294.61,710.7215390943073
285.81500000000005,795.5168216678776
277.025,893.2899783647033
268.23,1006.6333400052035
259.43499999999995,1138.5469344573423
250.64,1292.8065639853985
241.845,1474.1154020251934
233.05,1688.3738604475413
224.255,1943.0411753685491
215.46,2247.624721662201
206.665,2614.3492616149633
197.87500000000003,3058.8041627904176
189.08,3602.291514026696
180.285,4272.166466468607
171.48999999999998,5105.442090351504
162.69499999999996,6152.435956696171
153.89999999999998,7482.536394123056
145.105,9192.944245994575
136.31500000000003,11420.752949663563
127.52,14369.684469618627
118.725,18337.432759833388
109.93,23778.47044233501
101.135,31403.30121279445
92.34,42358.185381034586
83.545,58560.95333283942
74.75,83360.31623716246
65.955,122908.54894158403
57.16499999999999,189180.35413448786
48.37,307614.65215107787
39.575,537343.5953728058
30.78,1036291.5160958989
21.985,2318846.659175754
13.19,6739663.876183356
4.395,40048644.80060824
479.435,112.9891059586979
461.345,130.87214011914438
443.255,152.4380445511522
425.16,178.6438134019371
407.065,210.73214774355662
388.975,250.34944159488035
370.8850000000001,299.73258337329725
352.795,361.9190594209615
334.7,441.1330972028791
316.605,543.2633483307056
298.515,676.7073194142555
280.425,853.779745137864
262.335,1092.783086512796
244.245,1421.6438431314696
226.15,1884.3126890726683
208.055,2551.6585876157055
189.965,3542.405751973016
171.875,5064.916794155729
153.785,7502.19728385683
135.69,11603.684423610079
117.595,18942.131745631454
99.505,33138.14032989977
81.415,63605.87396835909
63.325,139143.66910369616
45.23,371905.7322021801
27.135,1415129.3042475085
9.045,13302332.30502877
583.0699999999999,53.30669461397445
561.8700000000001,61.47772932020348
540.665,71.2788488610196
519.46,83.11363730777519
498.26,97.50647147553582
477.06,115.1546780094245
455.855,136.989062431481
434.65,164.25369080297241
413.45,198.64410045939448
392.25,242.5273483240247
371.045,299.2448901743776
349.84,373.5606214846052
328.64,472.4284528874221
307.44,606.2930456357099
286.235,791.1887515673079
265.03,1052.2987900276046
243.83,1430.5479769120184
222.63,1995.23563575457
201.425,2868.721946509233
180.22,4277.6728253161555
159.01999999999998,6668.952433414757
137.82,10994.84850144264
116.615,19486.911583397294
95.41,38057.67438307976
74.21,85278.98567674086
53.010000000000005,236202.01577331402
31.805,953819.9749683518
10.6,10095984.599425022
772.2249999999999,17.96388277234793
754.0550000000001,19.705616897238748
735.885,21.663668592606978
717.715,23.871095100604805
699.545,26.36700081466145
681.3750000000001,29.197835304982583
663.205,32.41901340187138
645.0350000000001,36.096948629210154
626.865,40.311620573532984
608.6949999999999,45.159836627789545
590.525,50.75940321486525
572.3549999999999,57.254497227958716
554.1850000000001,64.82263402054244
536.015,73.68377713492168
517.845,84.1123469507476
499.675,96.45319063093689
481.505,111.14302021414166
463.335,128.7394810120537
445.165,149.96099139652915
426.995,175.74197812610706
408.825,207.31041236048625
390.655,246.29811722688905
372.485,294.89999046456677
354.315,356.1074833713035
336.14500000000004,434.0569016819583
317.975,534.5588683393537
299.805,665.9200137362913
281.635,840.2477084814857
263.46500000000003,1075.575194654838
245.295,1399.422907231451
227.12500000000003,1854.9610335600673
208.955,2512.068691251025
190.785,3488.026099933541
172.615,4988.148004716054
154.445,7390.233019750459
136.27499999999998,11432.351930597339
118.105,18666.16927946657
99.935,32669.055321606906
81.765,62740.46555380228
63.595,137357.29445425843
45.425,367444.50148806884
27.255,1400058.562653454
9.085,13203144.150654627
327.91,476.3832533472024
311.095,580.1142778683575
294.28,713.6929471728831
277.46500000000003,888.0499232544207
260.65000000000003,1119.0872152612678
243.83,1430.5479769120184
227.015,1858.2437455840757
210.2,2458.560639790543
193.385,3322.3687884899673
176.57,4601.654201910621
159.75,6562.154101741304
142.935,9688.250617552943
126.12,14923.58128819601
109.305,24237.761239484986
92.49,42134.31735609084
75.67,80214.66778538017
58.855,173461.72771778147
42.04,455668.3094935605
25.225,1685754.380485189
8.41,15028087.952457359
568.33,58.831473760503634
549.0649999999999,67.17797939960259
529.8000000000001,77.0587587282479
510.535,88.825091700728
491.265,102.92979904485851
472.0,119.94426716790242
452.735,140.62489515787533
433.47,165.96202143415724
414.205,197.27269619005563
394.94,236.3299063674164
375.675,285.55226927202835
356.41,348.2873439104421
337.14500000000004,429.24284809233654
317.88000000000005,535.1568106953508
298.615,675.863317614547
279.35,866.0313401466296
260.08500000000004,1128.0842152465261
240.815,1497.3763305291702
221.55,2030.8971309353337
202.285,2824.9155437613304
183.02,4048.3024689133986
163.755,6012.83546728947
144.49,9330.034000561753
125.225,15291.729234242393
105.96,26894.11317067671
86.695,51985.45499868989
67.43,114842.16682113471
48.165,311360.9073081903
28.9,1212799.2460367586
9.635,11938350.873065047
805.385,15.253485373733781
772.5150000000001,17.937679025318555
739.64,21.239748146463242
706.765,25.337901956162153
673.895,30.47310937668282
641.02,36.9789581877922
608.145,45.31765121619354
575.275,56.14342915762198
542.405,70.40422221662607
509.53,89.49856901706468
476.655,115.52912755063558
443.785,151.7455995481121
410.91,203.34621275566641
378.035,278.87422960753935
345.165,392.9514974607619
312.295,571.828699595568
279.42,865.2268969904121
246.545,1373.5327337240724
213.675,2316.573097641119
180.8,4228.851158132018
147.925,8595.678115125036
115.055,20395.250250205794
82.185,61721.39156830632
49.31000000000001,291147.9880156155
16.435000000000002,4352377.809042377
312.54,570.1552890713692
301.945,648.4946669668933
291.35,740.7688477308344
280.755,850.0623292222024
270.16,980.286784165763
259.565,1136.4447134587158
248.975,1324.8937324196286
238.38,1554.2196101511122
227.78500000000005,1835.4163438965238
217.19,2183.2332030973157
206.595,2617.557024651082
196.0,3165.565153808097
185.405,3864.9498540449813
174.81,4768.841628304522
164.215,5953.488420709926
153.62,7530.5194657683915
143.025,9667.053347356612
132.435,12618.0147642264
121.84,16791.2941566889
111.245,22847.19540869359
100.65,31907.34175345544
90.05499999999999,45960.427393200356
79.46000000000001,68725.47549083541
68.86500000000001,107623.31909055577
58.27,178709.75011842969
47.675,320551.75423079974
37.08,639902.4281686941
26.485000000000003,1500490.5647263078
15.89,4663957.40158881
5.295,30762889.2715193
389.185,249.83849286223955
375.99,284.649445027351
362.795,325.741805865488
349.605,374.50639477965984
336.41,432.77463112085076
323.21500000000003,502.83294255396373
310.025,587.6292177523019
296.835,691.0856322772062
283.64,818.409822600621
270.445,976.4696427663357
257.255,1174.5351829869185
244.065,1425.4973401366412
230.87,1747.401595450904
217.675,2165.596681648183
204.485,2716.6018442325562
191.295,3454.730882661862
178.1,4462.23548292109
164.90500000000003,5865.8355087619775
151.71499999999995,7867.410095079376
138.525,10802.181725354385
125.33,15247.954206858298
112.135,22242.743645938008
98.945,33761.775141007136
85.755,53846.05819438585
72.56,91495.83709192957
59.365,169044.01304959445
46.175,350904.02730858454
32.985,868969.9452460798
19.790000000000003,2931976.41427791
6.595,22159124.168067984
87.56,50344.05118859399
82.825,60208.13493417547
78.095,72609.35829644103
73.36000000000001,88412.93763360336
68.62499999999999,108790.06576864287
63.89500000000001,135406.1444273122
59.165,170759.36645897903
54.43000000000001,218627.07442840657
49.695,284725.73687322636
44.965,378078.87470769364
40.23,513942.5885726912
35.495,718192.7645127479
30.765,1037564.7752653597
26.03,1564215.5895234137
21.295,2491895.9173290017
16.565,4282155.000436215
11.835,8265041.968484136
7.1,19753887.125015818
197.03500000000005,3106.0670462010676
191.32,3453.1090094697333
185.605,3850.051062047882
179.895,4305.338205683171
174.185,4830.036239339763
168.475,5437.255591101171
162.765,6143.092785209576
157.055,6967.434810203715
151.345,7935.016063278754
145.63500000000002,9076.819309284236
139.92499999999998,10431.949933275488
134.21,12051.718132546845
128.495,13999.087179141856
122.785,16354.797653574244
117.075,19228.787844109298
111.365,22764.506057334867
105.655,27154.08505021667
99.945,32658.245749566613
94.235,39635.88115612959
88.52499999999999,48588.87211903038
82.80999999999999,60243.06550603626
77.095,75630.82662126893
71.385,96273.0132610971
65.675,124519.43782174466
59.965,164026.51379031726
54.255,220701.7764247612
48.545,304461.58776257123
42.835,432726.50842840003
37.12500000000001,637842.2557271868
31.415,984174.7369411144
25.7,1612627.0360390332
19.985,2869520.97422276
14.275,5780705.157303831
8.565,14578917.253746642
2.855,70733006.52175666
170.04000000000002,5261.759713870564
166.46,5674.14377452796
162.88000000000002,6127.781803503525
159.3,6627.733355496921
155.72000000000003,7179.797993899539
152.14,7790.641801197625
148.56000000000003,8467.948789175241
144.985,9219.494444869126
141.40999999999997,10056.435174196407
137.83,10992.085695733349
134.24999999999997,12039.32716272162
130.67000000000002,13214.54983980702
127.08999999999996,14537.028658759571
123.51,16029.519664730858
119.93,17718.999209154765
116.35,19637.584982715274
112.77,21823.69012319673
109.19,24323.47801999468
105.61,27192.707731468137
102.03,30499.090519831207
98.45,34325.32035330589
94.87,38773.00040382695
91.29,43967.77111058074
87.71,50066.064589030924
84.13,57264.08223256416
80.55,65809.84378738381
76.97,76019.52846809864
73.39,88299.8878012078
69.81,103179.36259855104
66.23,121351.85879686057
62.65,143739.22506106924
59.07,171581.83874899658
55.49,206572.244982938
51.91,251056.13508548812
48.33,308341.1378016003
44.75,383182.8072276902
41.17,482570.6237778841
37.59,617039.5198003866
34.01,802938.9613754557
30.43,1066529.5929771464
26.85,1451767.0937465688
23.27,2036048.7475869632
19.69,2964694.441012969
16.11,4534733.177127124
12.53,7430113.129231204
8.95,13542137.65546492
5.37,30140689.308294497
1.79,124539761.78760625
988.295,6.863177219515605
959.67,7.6990920108762
931.025,8.666969056907744
902.375,9.792052428802087
873.73,11.105530263715606
845.085,12.646825711470575
816.4350000000001,14.465391488016463
787.785,16.622927742268494
759.14,19.197673330120054
730.495,22.290833531947158
701.845,26.033592638855463
673.2,30.59510527590765
644.555,36.200999916804676
615.905,43.153197035671006
587.26,51.855857604563404
558.6150000000001,62.867483482100155
529.965,76.96668972892253
501.32,95.24652122363104
472.675,119.29113006654696
444.025,151.4333332240109
415.38000000000005,195.16185195059927
386.73500000000007,255.88170575450292
358.085,342.18892181669776
329.44,468.1414536905144
300.795,657.7869042865951
272.145,954.0827645738814
243.495,1437.7865765188749
214.85,2270.894520217989
186.205,3805.783745752897
157.555,6889.925343363734
128.91,13844.980680088696
100.265,32314.69459922963
71.615,95313.66836179837
42.97,428977.24226513924
14.325,5741055.984542297
778.15,17.437868240110706
746.3850000000001,20.503987776532508
714.62,24.27467298926206
682.86,28.95264417212721
651.1,34.81387047734307
619.34,42.236414724437445
587.58,51.74709462354299
555.8199999999999,64.09230519708451
524.06,80.34914131435913
492.3,102.1039943350884
460.54,131.74738643255878
428.775,172.9832124764896
397.01,231.69521361167338
365.25,317.56072515958556
333.49,447.1697607831592
301.73,650.2193753172031
269.97,982.841915309795
238.21,1558.2881133159472
206.45,2624.217353934372
174.69,4780.515411212187
142.92499999999998,9690.609460036367
111.16,22905.994824077225
79.39999999999999,68890.63327324014
47.63999999999999,321221.28304618207
15.88,4669946.655090552
587.35,51.825239155126276
570.8050000000001,57.8554481352473
554.26,64.78890573173206
537.7149999999999,72.79296111628445
521.1700000000001,82.0722847779808
504.625,92.87869254538961
488.08,105.52397739484542
471.535,120.39680813411952
454.99,137.985179173665
438.445,158.9065139002033
421.9,183.94843447383496
405.355,214.12456866837994
388.81,250.75181810847818
372.26499999999993,295.5586655075303
355.72,350.839018613604
339.175,419.67390029772804
322.63,506.25593293499014
306.085,616.3724365672753
289.54,758.1382051870739
272.995,943.1300161173375
256.45,1188.1833498330402
239.905,1518.3103625224524
223.36,1971.5740503523652
206.815,2607.4920256692826
190.27,3522.0561213787923
173.72500000000002,4875.704152161363
157.17999999999998,6947.9555628405105
140.63500000000002,10250.259905781202
124.09,15775.11359953297
107.545,25592.22224589017
91.0,44425.78823797292
74.455,84401.67727341253
57.91,182038.91583342289
41.365,476369.3450936089
24.82,1751514.6518307487
8.274999999999999,15435441.099656474
476.87,115.33015645997979
453.605,139.5990507580541
430.34,170.6022638121911
407.08,210.70268813786436
383.8200000000001,263.3119778113909
360.56,333.4201281844422
337.30000000000007,428.5026570112805
314.035,560.0756732891401
290.77,746.2800235112327
267.51000000000005,1016.6885211101171
244.25,1421.5369876404889
220.99,2049.7022026133195
197.725,3067.177636206296
174.46,4802.990281778233
151.2,7961.708525728854
127.94,14208.554518190671
104.68,28006.549674485712
81.41999999999999,63593.405855567675
58.155,179764.8331716323
34.89,751273.9903197843
11.63,8535592.989105927
235.575,1623.0872835278694
228.745,1807.4451921878233
221.915,2018.7563380211004
215.085,2261.894403993455
208.26,2542.572638105066
201.435,2868.2077057275587
194.605,3248.0326857286937
187.775,3692.9277203881516
180.945,4216.754830268723
174.11499999999998,4836.951071671921
167.29,5575.033043665818
160.465,6459.6171936855335
153.635,7527.939198128182
146.80499999999998,8826.899264056807
139.975,10419.023551184351
133.14999999999998,12385.976174481602
126.325,14840.824400184527
119.495,17939.193288962575
112.665,21892.295531127784
105.835,27000.280129217288
99.005,33694.25730629988
92.18,42598.624812184964
85.355,54663.118984321896
78.52499999999999,71356.7919444426
71.695,94982.8013915979
64.865,129331.46284812965
58.03999999999999,180827.77560933557
51.215,261051.81823217735
44.385,392048.9717649728
37.555,618575.0289722183
30.725,1040969.9275845839
23.895,1914609.377856753
17.07,4023152.817812957
10.245,10724693.453670964
3.415,56210511.98546258
553.045,65.33801693338681
539.72,71.75955500163441
526.395,78.98984001563248
513.0649999999999,87.15751005602775
499.74,96.405149254165
486.415,106.91266143670632
473.085,118.89657971337685
459.76,132.60244274614763
446.435,148.34176267525984
433.105,166.4949395324264
419.78,187.5039762366424
406.455,211.9345469057988
393.13,240.47780827597228
379.805,273.99346774638303
366.475,313.57459393590756
353.15000000000003,360.55119984842855
339.82500000000005,416.6664400438428
326.495,484.16766455279867
313.17,565.880265959926
299.845,665.5889736720356
286.515,788.3197226771707
273.19,940.6395350869395
259.865,1131.611929849216
246.535,1373.7374668532145
233.21,1684.1405042250706
219.885,2087.451913039634
206.56,2619.162752468831
193.235,3331.6547775788795
179.905,4304.48363076201
166.58,5659.678940906473
153.255,7593.648567030211
139.92499999999998,10431.949933275488
126.6,14730.709553126975
113.275,21497.468595139202
99.945,32658.245749566613
86.62,52130.915846592325
73.295,88658.50347773022
59.97,163985.49500805797
46.645,341017.02579007176
33.315,846979.6857389591
19.99,2867942.508072152
6.665,21801050.63843358
592.715,50.0401664633822
567.49,59.16740324864736
542.27,70.47159937865942
517.05,84.6094819306414
491.83,102.47796685237824
466.605,125.32854378074073
441.38,154.91966132328753
416.16,193.7761915605745
390.94,245.61899307042873
365.72,316.02390347308716
340.495,413.5945929582042
315.27,551.9166098752175
290.05,753.1930102087015
264.83,1055.2380618068073
239.61,1525.1751374500202
214.39,2288.64180691981
189.165,3596.485065671544
163.94,5988.879030434695
138.72,10749.638636115493
113.5,21354.090584517624
88.28,49027.11899863722
63.055,140959.3781033164
37.830000000000005,606639.7345318475
12.61,7341468.779545509
339.645,417.4965697076506
329.79999999999995,466.22817705316703
319.955,522.284497622051
310.11,587.0278022228632
300.265,662.1254461551342
290.42,749.6305480270539
280.57500000000005,852.0874957407418
270.73,972.6710708347014
260.88500000000005,1115.3715330750886
251.04000000000005,1285.2431824049204
241.195,1488.7415524283224
231.35,1734.1858099954484
221.505,2032.4002577133285
211.66000000000005,2397.615514497826
201.82,2848.496820935892
191.975,3410.9533136183254
182.13,4119.503554597168
172.28500000000005,5022.20156166194
162.44,6186.622545407881
152.59499999999997,7709.490873308772
142.75,9732.005828561283
132.905,12464.879459119104
123.06,16230.451741122497
113.215,21535.906277430277
103.37,29205.434758556472
93.525,40629.39363745188
83.68,58258.43032738104
73.835,86644.1138778514
63.99,134795.5597316351
54.145,222018.5914712743
44.3,394150.8594762438
34.455,776265.9789332899
24.61,1786917.5001401952
14.765,5407336.88536289
4.92,34185728.37186599
581.765,53.768902932163456
563.295,60.881407487088175
544.825,69.20997206059867
526.355,79.01288260483338
507.8850000000001,90.61476304515186
489.415,104.42678502783238
470.95,120.96917014055641
452.485,140.92141988304633
434.015,165.17025752857154
415.545,194.86770099598863
397.075,231.55152849951648
378.605,277.2906783799386
360.135,334.9057265431952
341.67,408.2754580787133
323.20500000000004,502.8912116691168
304.735,626.6238690711913
286.265,790.8807317602656
267.795,1012.6933927280451
249.325,1318.0667223269304
230.855,1747.8166148837872
212.385,2368.0539071949574
193.92,3289.511329915829
175.455,4706.702539016068
156.985,6978.373046590858
138.515,10804.88490068519
120.04500000000002,17661.353608377893
101.575,30954.634353740155
83.10500000000002,59560.73923585671
64.64,130709.48477966883
46.175,350904.02730858454
27.705,1345346.504972037
9.235,12840288.295569632
246.715,1370.0581018459202
241.83,1474.4508975558122
236.945,1588.9847330336574
232.055,1715.0009449156496
227.17,1853.620196665967
222.285,2006.5417451245542
217.4,2175.5748005593655
212.515,2362.801505916731
207.63,2570.6250625948696
202.745,2801.827625325518
197.86,3059.6402221846147
192.975,3347.82754289333
188.09,3670.7911966045635
183.205,4033.6960245767687
178.32,4442.625338564749
173.435,4904.772645005606
168.545,5429.250852047301
163.66,6025.184026080054
158.775,6705.282613768746
153.89,7484.243474656999
149.005,8379.851408409271
144.12,9413.744708925899
139.235,10612.401419627226
134.35,12008.419453778983
129.465,13642.191391905604
124.58,15564.11424520498
119.695,17837.531477949407
114.805,20545.710700852665
109.92,23785.7328228116
105.035,27692.33389156043
100.15,32437.634387145292
95.265,38248.1157860748
90.38,45425.24637147488
85.495,54375.3892857987
80.61,65653.90271442452
75.725,80031.3756426489
70.84,98595.15677109906
65.955,122908.54894158403
61.07,155266.8404957205
56.185,199121.06311828102
51.295,259875.95905667785
46.41,345915.86269183294
41.525,471356.39633706433
36.64,660499.0772579135
31.755,957644.1283152017
26.87,1449156.5169758617
21.985,2318846.659175754
17.099999999999998,4008425.475657482
12.215,7793612.221785131
7.33,18782556.373617753
2.4450000000000003,85765070.01147574
167.14,5592.783282064019
161.835,6268.687985115671
156.53,7049.997930216627
151.225,7957.098367892112
145.91500000000002,9016.211442862927
140.61,10256.58983506821
135.305,11718.19794875653
130.0,13450.21867325588
124.695,15515.107014266327
119.385,17995.416691561863
114.08,20989.98042065796
108.775,24635.98014701767
103.465,29116.35534082266
98.16,34660.96098459776
92.855,41595.7387914751
87.55,50362.65240218296
82.245,61577.51059787917
76.935,76128.81434286074
71.63,95251.52060458699
66.32499999999999,120819.86154474794
61.02,155650.29516960992
55.715,204122.0973915936
50.40500000000001,273344.19644270383
45.1,374918.0007857468
39.795,529335.7201114149
34.49,774216.317325912
29.185,1183690.0362166604
23.875,1918348.0972306645
18.57,3366017.978254766
13.265,6666766.845243057
7.96,16449055.517997794
2.655,77467413.46890688
76.375,77904.52840083728
75.25999999999999,81597.77833928725
73.39999999999999,88262.24488833318
71.545,95604.36595438365
69.69,103730.72012825205
67.83,112770.2823422854
65.97,122822.99319459897
64.11,134029.23793515976
62.25,146552.81511240036
60.395,160545.60922829312
58.54,176263.08800709547
56.68,194019.81935723792
54.82,214091.19675248212
52.96,236852.7540000576
51.1,262753.90711539163
49.245,292250.2520599984
47.39,326055.3996418958
45.53,365070.3322020982
43.67,410182.7986595506
41.81,462591.55243439774
39.95,523784.5757245637
38.095000000000006,595413.9353440659
36.24,679960.1876628831
34.38,780681.4426805599
32.52,901208.3365079224
30.66,1046533.8424696878
28.8,1223230.1569450235
26.945,1439420.4405884938
25.09,1707315.0434246052
23.23,2044156.0053565768
21.37,2472290.078930578
19.51,3024799.5310823736
17.65,3750586.7996425997
15.795,4721269.864520896
13.94,6056053.650270973
12.08,7956801.388874515
10.22,10770988.218121586
8.36,15177162.094337145
6.500000000000001,22658997.703712106
4.645,37078762.4060826
2.79,72812206.50522031
0.93,260261505.0151987
239.18,1535.2511009629332
235.835,1616.5454040341494
232.49,1703.2958147746476
229.145,1795.948002360936
225.8,1894.9907194937025
222.455,2000.9606321377378
219.105,2114.6233475115127
215.76,2236.2899750193233
212.415,2366.8405193420335
209.07,2507.0655057057256
205.725,2657.8388250143225
202.38,2820.1279428946027
199.03500000000005,2995.0055382773826
195.69,3183.6627976418868
192.345,3387.4246310656713
189.0,3607.7671240968225
185.655,3846.337596899548
182.31,4104.977711224978
178.96499999999995,4385.75014913946
175.62,4690.969488359898
172.275,5023.238021571721
168.93,5385.487416349124
165.58499999999998,5781.027294697434
162.24,6213.6020349333685
158.895,6687.457373950213
155.54999999999998,7207.418728064766
152.20499999999998,7778.9835725006515
148.86,8408.430744859272
145.515,9102.950194762949
142.17000000000002,9870.797526731641
138.82500000000002,10721.478723953247
135.48,11665.971759526612
132.135,12716.99348164999
128.79000000000002,13889.322309855741
125.445,15200.190047406493
122.1,16669.759697552177
118.755,18321.710835395068
115.41,20183.960196386564
112.065,22289.5531964176
108.715,24681.576522942298
105.37,27399.862197768743
102.025,30504.050657463304
98.68,34062.01594500867
95.335,38156.02972318791
91.99,42886.37439595716
88.645,48376.01375112026
85.3,54776.67824972119
81.955,62276.860087863606
78.61,71112.41178849155
75.265,81580.73148528734
71.92000000000002,94059.94527172775
68.575,109035.1365760113
65.23,127134.64476916184
61.885000000000005,149180.95779032368
58.53999999999999,176263.0880070955
55.19499999999999,209841.1153606574
51.85,251899.8062440993
48.505,305178.67471236904
45.16,373523.9020820187
41.815000000000005,462439.6351421135
38.470000000000006,579975.2696774518
35.125,738198.4068457811
31.78,955729.6084798411
28.435,1262293.2727597866
25.09,1707315.0434246052
21.745,2377212.7974645006
18.4,3433039.002764552
15.055,5201431.740132127
11.71,8428594.895758472
8.365,15162160.602265405
5.0200000000000005,33218537.118531078
1.675,134545124.0304872
89.31,47217.394533249404
87.92,49680.11065058467
86.175,53004.56929723351
84.43,56612.99908411706
82.69,60523.4278143292
80.94999999999999,64778.945280368025
79.21000000000001,69416.93127124834
77.47000000000001,74479.60124524518
75.72999999999999,80014.73881949567
73.99,86076.55626116497
72.25000000000001,92726.70848967004
70.50999999999999,100035.4918447053
68.77,108083.26607170052
67.025,116988.95684704732
65.28,126837.37758984721
63.54,137718.83435696544
61.8,149801.48780320512
60.06,163249.36087348254
58.32,178253.45197412398
56.580000000000005,195036.9774221297
54.84,213861.8009644134
53.1,235036.3602104286
51.36,258925.49227640007
49.62,285962.6847276354
47.875,316759.52237110544
46.13,351869.56283056876
44.39,391925.7736203832
42.65,437932.07407122647
40.91,490999.115525103
39.17,552491.6857112016
37.43000000000001,624098.7881310227
35.69,707926.7317374945
33.95,806624.1497952103
32.21,923551.9222403327
30.47,1063017.1847164447
28.725,1231128.9155349873
26.98,1434905.7151666086
25.24,1683380.473066536
23.5,1990230.773248318
21.76,2373509.374750934
20.02,2858495.4817666165
18.28,3481405.970170179
16.54,4295542.332409598
14.8,5381915.664654285
13.06,6868586.817600106
11.32,8968199.899181394
9.575,12067883.033413712
7.83,16895142.5136678
6.09,25018122.03426891
4.35,40622174.205801085
2.61,79129740.530454
0.87,279835948.4627869
434.015,165.17025752857154
415.545,194.86770099598863
397.075,231.55152849951648
378.605,277.2906783799386
360.135,334.9057265431952
341.67,408.2754580787133
323.20500000000004,502.8912116691168
304.735,626.6238690711913
286.265,790.8807317602656
267.795,1012.6933927280451
249.325,1318.0667223269304
230.855,1747.8166148837872
212.385,2368.0539071949574
193.92,3289.511329915829
175.455,4706.702539016068
156.985,6978.373046590858
138.515,10804.88490068519
120.04500000000002,17661.353608377893
101.575,30954.634353740155
83.10500000000002,59560.73923585671
64.64,130709.48477966883
46.175,350904.02730858454
27.705,1345346.504972037
9.235,12840288.295569632
628.01,40.028434458998305
620.99,41.80469765148106
613.9749999999999,43.679226028787696
606.9599999999999,45.66001960650103
599.94,47.75592575503912
592.9250000000001,49.97186989034707
585.9100000000001,52.31785968944471
578.89,54.804986274725366
571.875,57.439760525246825
564.86,60.234807038291954
557.84,63.204149162073094
550.825,66.35644317496836
543.8100000000001,69.70775854142354
536.79,73.27598935552022
529.77,77.07551333603591
522.755,81.12158187571357
515.74,85.43670088278049
508.7200000000001,90.04602298185777
501.705,94.96683913601257
494.69,100.2284819770678
487.67,105.86383267048721
480.655,111.89647751939285
473.64,118.36508851162345
466.62000000000006,125.31315933065234
459.605,132.77318329825414
452.59,140.79678437992595
445.5700000000001,149.4422340829937
438.555,158.7547939696325
431.54,168.80431775448832
424.52,179.66997022904195
417.5,191.42429074387397
410.485,204.14652056928603
403.47,217.9436699697057
396.45,232.9377450588304
389.435,249.23191932995135
382.42,266.97641348972803
375.4,286.3433780162098
368.385,307.4834698302372
361.37,330.6114976160036
354.35,355.9750437780844
347.335,383.798104983949
340.32,414.39420122669793
333.30000000000007,448.1270277435378
326.285,485.33646350626066
319.27,526.4906714171512
312.25,572.1367279986458
305.235,622.8023618494976
298.22,679.2048151206889
291.2,742.1892590503702
284.18,812.649980752407
277.165,891.6185040900904
270.15,980.4210575043346
263.13,1080.6410866789847
256.115,1193.9214365122068
249.1,1322.450449051434
242.08,1468.8717486466576
235.065,1636.0158916890016
228.05,1827.6413639147386
221.03,2048.351779355036
214.015,2303.238227743008
207.00000000000003,2599.0657242839357
199.98,2944.258058890253
192.965,3348.451531556291
185.95,3824.519129953577
178.92999999999998,4388.812939517829
171.91,5061.252668306386
164.895,5867.094263829748
157.88000000000002,6840.122398804096
150.86,8024.739857220326
143.845,9476.571895774929
136.83,11272.723874071002
129.80999999999997,13518.006190343338
122.795,16350.255121514025
115.78,19966.652636914205
108.76,24647.36933831465
101.745,30783.439571495135
94.73,38961.20147607373
87.71,50066.064589030924
80.695,65433.779425081266
73.67999999999999,87216.38115450864
66.66,118967.12425486284
59.64,166720.6777261245
52.625,241271.55268648412
45.61,363274.4542402009
38.59,575142.4965742631
31.575,971574.3140755267
24.56,1795482.588684051
17.54,3800366.876749561
10.525,10224485.664380228
3.51,54225335.21385214
668.435,31.44817732048727
644.985,36.10776984588777
621.53,41.66460760479724
598.075,48.332857886639005
574.62,56.39029684607297
551.165,66.19918756811083
527.7149999999999,78.23412523139372
504.25999999999993,93.13654998192362
480.80500000000006,111.76305151514666
457.35,135.28855270538597
433.895,165.3441847381851
410.445,204.22204625353993
386.99,255.2442587912466
363.535,323.2483564070137
340.08,415.49395264680595
316.625,543.1350061601936
293.17499999999995,723.7564367319289
269.72,986.216632546042
246.265,1379.2797165830555
222.815,1989.205756435909
199.36,2977.4301419273725
175.90499999999997,4663.948894793169
152.45,7735.236804467359
128.995,13813.67924492791
105.545,27248.617681257816
82.09,61950.06726367678
58.635000000000005,175412.2700203058
35.18,735180.0982055836
11.725,8408736.781384172
343.22,401.3888764116834
336.14,434.0811410944544
329.065,470.1449013172368
321.99,510.0341844559403
314.91,554.2795238969179
307.835,603.3936375366741
300.76000000000005,658.0723134965492
293.68,719.1354163559714
286.605,787.4002986280141
279.53,863.9646590130993
272.45,950.1344535204131
265.375,1047.2525688212563
258.29999999999995,1157.1091080008123
251.22,1281.857717513395
244.145,1423.783064080137
237.07,1585.91799315031
229.99,1771.9593723955948
222.915,1985.9558519323457
215.84,2233.279458506942
208.76,2520.5809322613677
201.685,2855.3890816685093
194.61,3247.732334848879
187.53,3710.2605807091372
180.455,4257.807091354403
173.37999999999997,4910.310076150555
166.3,5693.502260278583
159.225,6638.742841504734
152.15,7788.846804828689
145.06999999999996,9200.67815577001
137.99499999999998,10946.62463819968
130.92,13127.93981668421
123.84,15884.14666329412
116.765,19402.266476823104
109.69,23953.53733632247
102.61,29930.51107408251
95.535,37894.45424366849
88.46,48704.66106784905
81.38000000000001,63693.23673581841
74.305,84937.45122013094
67.23,115896.061323185
60.15,162517.3830946442
53.075,235359.42410843258
46.0,354677.82526762335
38.92,562113.4894389885
31.845,950774.6867294225
24.77,1759861.1984747178
17.689999999999998,3732697.9240159364
10.615,10070551.951129284
3.54,53621654.31976312
761.7850000000001,18.939932137041914
735.9599999999999,21.655098487795023
710.14,24.874080887441703
684.315,28.714897846089073
658.49,33.32656487812035
632.6700000000001,38.9012426151036
606.8449999999999,45.69341709446851
581.02,54.03501617196164
555.2,64.36803266365206
529.375,77.2965409953445
503.55000000000007,93.64070449241555
477.73,114.53854332557015
451.905,141.61237350779797
426.08,177.18151561661114
400.26,224.6454029119351
374.435,289.1412207945588
348.61,378.544170870993
322.79,505.3168433601694
296.96500000000003,689.9594708448459
271.14000000000004,967.2388132119412
245.32,1398.899151509863
219.5,2100.808524330609
193.675,3304.507506378775
167.85,5509.385174629177
142.03,9904.66954140203
116.205,19720.646807066154
90.38,45425.24637147488
64.56,131203.89654860014
38.735,569370.9093053591
12.91,7021515.51072338
382.13,267.7434306826582
361.475,330.24958510004484
340.82,412.11471769576207
320.165,521.0034353442506
299.51,668.367803346888
278.85,871.804646901618
258.195,1158.8453759590625
237.54,1574.4530881565222
216.885,2194.416275981132
196.23,3152.220978776772
175.57500000000002,4695.253785840357
154.92000000000002,7310.9447655274735
134.26,12036.23191299971
113.605,21287.5908992501
92.95,41456.979050285365
72.295,92546.74813559365
51.64,254880.9772990322
30.985,1019088.8747223939
10.33,10569334.868329046
635.665,38.19769682719591
616.6899999999999,42.9415091388643
597.715,48.44522421964314
578.74,54.859724914828845
559.7650000000001,62.37203569912943
540.79,71.21556523109659
521.8149999999999,81.68373375733289
502.84,94.14827534690474
483.865,109.08406701371375
464.89,127.10317699021584
445.915,149.00209821424704
426.94,175.82809370738497
407.965,208.97364788810498
388.99,250.3129019554021
370.015,302.4018780345583
351.04,368.77743051505985
332.065,454.41212257308194
313.09,566.4208991359014
294.115,715.1844766422963
275.14,916.1814340812214
256.165,1193.062808881518
237.19,1582.9808842068105
218.215,2146.169288649284
199.24,2983.9044559688055
180.265,4273.859785671024
161.29,6343.784216012183
142.315,9835.868529972618
123.34,16105.059162931477
104.365,28289.110923540597
85.39,54591.00779389901
66.415,120318.56723877486
47.44,325081.25833118433
28.465,1259022.8008011444
9.49,12254766.248247312
448.96,145.18684259154594
432.02,168.09177588213515
415.08,195.6980955120378
398.135,229.2240011265852
381.19000000000005,270.2486379287168
364.25,320.861773000841
347.31,383.9020316869073
330.37,463.2187739968775
313.425,564.1612983842097
296.48,694.172649081125
279.54,863.8500243244011
262.6,1088.7168845349468
245.66000000000005,1391.8003534740224
228.715,1808.3111874882873
211.77,2393.100719402462
194.83,3234.551225599231
177.89,4481.055393519486
160.95,6391.203945687136
144.01,9438.812825285459
127.06499999999998,14546.83285217471
110.12,23641.011636515832
93.18,41123.43086675992
76.24000000000001,78340.36158218962
59.3,169599.11253615483
42.355,446398.0777106122
25.410000000000004,1656774.9895603873
8.47,14851922.562673518
