{
  "params": {
    "xi_max": 6.83491791977314,
    "xi_max_r": 2.1384396268462327,
    "lnR0_base": 0.37707703718320174,
    "width": 0.05,
    "alpha_M": -0.10518938945008224,
    "xi_max_d": 5.4313561580564995,
    "lnSigma_c": 1.652224433976658,
    "width_sigma": 1.1719224200809926,
    "n_sigma": 3.0266273693738857,
    "lnR_gate_base": 0.5411372449861611,
    "width_gate": 0.05,
    "alpha_gate_M": -0.27265018254315865,
    "gamma": 2.5638181038190155
  },
  "summary": {
    "avg_mean_off": 25.31240872025601,
    "avg_rmse": 34.480720443297656,
    "avg_pct_close_90": 23.064207137530865,
    "galaxies": 143,
    "outer_points": 1167
  }
}