{
  "params": {
    "xi_max": 2.1341187101692323,
    "lnR0_base": -0.015658457364950223,
    "width": 0.05,
    "alpha_M": -0.2633940597219441,
    "gate_R_kpc": 1.756634238323069,
    "gate_width": 0.05
  },
  "summary": {
    "avg_mean_off": 25.313058188340225,
    "avg_rmse": 34.44421144739375,
    "avg_pct_close_90": 23.005473136489172,
    "galaxies": 143,
    "outer_points": 1167
  }
}