R_kpc,Vobs_kms,Vbar_kms,Vpred_pde_kms,percent_close
1.61,23.4,29.080512375128468,36.91428637152173,42.246639437941305
3.23,40.6,39.03820308364615,52.78940963844178,69.97682355063601
4.84,45.5,42.138036261790845,55.16602463852237,78.75598980544534
6.45,49.2,48.7377030644654,63.95641431989466,70.00728796769378
8.06,50.4,55.03300191703157,74.56476701851045,52.05403369343164
9.66,50.4,57.44964055588164,76.96478499880695,47.29209325633542
