{
  "previous": {
    "ABELL_0426_pde": {
      "cluster": "ABELL_0426",
      "S0": 0.00023,
      "rc_kpc": 20.0,
      "temp_median_frac_err": 0.27799863141756087
    },
    "ABELL_1689_pde": {
      "cluster": "ABELL_1689",
      "S0": 0.000232,
      "rc_kpc": 20.0,
      "temp_median_frac_err": 0.5982382041974392
    }
  },
  "gated": {
    "ABELL_0426_rhoaware": {
      "cluster": "ABELL_0426",
      "model": "rhoaware",
      "A_kms": 160.0,
      "rc_kpc": 10.0,
      "rho0": 10000000.0,
      "q": 1.0,
      "qg": 0.8,
      "m": 1.0,
      "eta": 0.5,
      "smooth_kpc": 100.0,
      "temp_median_frac_err": 0.6101792270714572
    },
    "ABELL_1689_rhoaware": {
      "cluster": "ABELL_1689",
      "model": "rhoaware",
      "A_kms": 160.0,
      "rc_kpc": 10.0,
      "rho0": 10000000.0,
      "q": 1.0,
      "qg": 0.8,
      "m": 1.0,
      "eta": 0.5,
      "smooth_kpc": 100.0,
      "temp_median_frac_err": 4.854752543502872
    }
  },
  "sparc": {
    "rootm_soft_cv": {
      "A_kms": 160.0,
      "rc_kpc": 8.0,
      "Mref_Msun": 60000000000.0,
      "cv_folds": 5,
      "cv_median_percent_close_outer": 86.07013497991473,
      "files": {
        "input": "data\\sparc_predictions_by_radius.csv",
        "predictions_by_radius_rootm_soft": "root-m\\out\\sparc_soft_v2\\sparc_predictions_by_radius_rootm_soft.csv",
        "predictions_by_galaxy_rootm_soft": "root-m\\out\\sparc_soft_v2\\sparc_predictions_by_galaxy_rootm_soft.csv",
        "summary_by_type_rootm_soft": "root-m\\out\\sparc_soft_v2\\sparc_summary_by_type_rootm_soft.csv"
      },
      "global": {
        "median_percent_close_rootm_soft_all": 81.94545946993954,
        "mean_percent_close_rootm_soft_all": 77.51623596462939
      }
    },
    "pde_cv_subset": {
      "k_folds": 5,
      "galaxies": [
        "CamB",
        "D631-7",
        "DDO154",
        "DDO161",
        "ESO079-G014",
        "ESO116-G012",
        "ESO563-G021",
        "F563-1",
        "F563-V2",
        "F568-1",
        "F568-3",
        "F571-8"
      ],
      "grid_results": [
        {
          "S0": 0.00015,
          "rc_kpc": 15.0,
          "fold_medians": [
            86.12019890509814,
            85.38524996289537,
            73.60623489050447,
            77.93033281285236,
            77.68424676752083
          ],
          "cv_median": 77.93033281285236
        },
        {
          "S0": 0.00015,
          "rc_kpc": 20.0,
          "fold_medians": [
            85.99680044534846,
            85.76646931061897,
            73.48046200239772,
            77.82533787454773,
            77.6655037363716
          ],
          "cv_median": 77.82533787454773
        },
        {
          "S0": 0.00015,
          "rc_kpc": 30.0,
          "fold_medians": [
            85.9022518982875,
            86.85883223436848,
            73.42990952887436,
            77.78301968715125,
            77.7126008986747
          ],
          "cv_median": 77.78301968715125
        },
        {
          "S0": 0.0002,
          "rc_kpc": 15.0,
          "fold_medians": [
            88.96410036927739,
            89.66491518805137,
            71.20207530491406,
            76.15491807146057,
            76.902632328946
          ],
          "cv_median": 76.902632328946
        },
        {
          "S0": 0.0002,
          "rc_kpc": 20.0,
          "fold_medians": [
            88.87474868212735,
            89.48777962722286,
            71.11412021299078,
            76.01330362379818,
            76.89980678704717
          ],
          "cv_median": 76.89980678704717
        },
        {
          "S0": 0.0002,
          "rc_kpc": 30.0,
          "fold_medians": [
            88.63216962929668,
            89.32134633590395,
            71.08770093493666,
            75.95724135887053,
            76.88281147612727
          ],
          "cv_median": 76.88281147612727
        },
        {
          "S0": 0.00023,
          "rc_kpc": 15.0,
          "fold_medians": [
            85.98093078083727,
            86.09663510124514,
            69.98027570836851,
            75.16064905428517,
            76.41987228370792
          ],
          "cv_median": 76.41987228370792
        },
        {
          "S0": 0.00023,
          "rc_kpc": 20.0,
          "fold_medians": [
            85.8741715214265,
            85.93820227647845,
            69.90856866879581,
            75.0420384678476,
            76.41496558386957
          ],
          "cv_median": 76.41496558386957
        },
        {
          "S0": 0.00023,
          "rc_kpc": 30.0,
          "fold_medians": [
            85.58851191077758,
            85.76137935196522,
            69.89058745341212,
            75.00248583516796,
            76.39429797168793
          ],
          "cv_median": 76.39429797168793
        },
        {
          "S0": 0.00024,
          "rc_kpc": 15.0,
          "fold_medians": [
            85.04584490374322,
            84.98398911378442,
            69.600937696188,
            74.85238948989294,
            76.26791639984114
          ],
          "cv_median": 76.26791639984114
        },
        {
          "S0": 0.00024,
          "rc_kpc": 20.0,
          "fold_medians": [
            84.93314676353016,
            84.83013861719051,
            69.53386730286095,
            74.74036468659096,
            76.26233953780337
          ],
          "cv_median": 76.26233953780337
        },
        {
          "S0": 0.00024,
          "rc_kpc": 30.0,
          "fold_medians": [
            84.63316145367179,
            84.6487963464921,
            69.51802617243482,
            74.70554505540754,
            76.24048402773951
          ],
          "cv_median": 76.24048402773951
        }
      ],
      "best": {
        "S0": 0.00015,
        "rc_kpc": 15.0,
        "fold_medians": [
          86.12019890509814,
          85.38524996289537,
          73.60623489050447,
          77.93033281285236,
          77.68424676752083
        ],
        "cv_median": 77.93033281285236
      }
    },
    "gated_rhoaware": {
      "A_kms": 160.0,
      "rc_kpc": 10.0,
      "rho0_Msun_kpc3": 10000000.0,
      "q": 1.0,
      "global_all_median": 80.83961627226753,
      "outer_median": 73.58126073988701,
      "files": {
        "predictions_by_radius_rootm_gate": "root-m\\out\\experiments\\gates\\sparc\\rhoaware\\sparc_predictions_by_radius_rootm_gate.csv"
      }
    }
  }
}