{
  "cluster": "Abell_1689",
  "family": "ratio_curv",
  "params": [
    0.6686576907182596,
    0.14007773322620287,
    0.08713057433850588
  ],
  "z_lens": 0.183,
  "z_source": 1.0,
  "r200_kpc": 2200.0,
  "M200_Msun": 2000000000000000.0,
  "Einstein_radius_arcsec_baryons": null,
  "Einstein_radius_kpc_baryons": null,
  "Einstein_radius_arcsec_O2": 0.4530034481372767,
  "Einstein_radius_kpc_O2": 1.393229101590342,
  "max_kappa_eff_mean": 2.496399181771355,
  "max_kappa_bar_mean": 0.17254520137664203,
  "note": "O2-effective lensing computed via g_total = gbar*(1+fX(x,Sh,|dlnS|,gbar))."
}