{
  "v0_kms": 134.18234148360128,
  "rc_kpc": 30.0,
  "r0_kpc": 2.6158527227490618,
  "delta_kpc": 1.5425331812050702,
  "optimization_chi2": 9.497483687571172,
  "gpu_used": true
}