{
  "params": {
    "xi_max": 6.333130899691566,
    "xi_max_r": 2.125435918660324,
    "lnR0_base": 0.20272189447935074,
    "width": 0.09406589019531483,
    "alpha_M": -0.07380131960591914,
    "xi_max_d": 2.756196824469747,
    "lnSigma_c": 1.8187073591587695,
    "width_sigma": 1.0226495628538208,
    "n_sigma": 2.697062374492355,
    "lnR_gate_base": 0.5545826691033908,
    "width_gate": 0.05,
    "alpha_gate_M": 0.3246684944067867
  },
  "summary": {
    "avg_mean_off": 25.31273257856438,
    "avg_rmse": 34.37708875462207,
    "avg_pct_close_90": 22.796767700511015,
    "galaxies": 143,
    "outer_points": 1167
  }
}