{
  "params": {
    "xi_max": 6.245750785086899,
    "lnSigma_c": 0.6684987468377792,
    "width_sigma": 0.9233312071743218,
    "n_sigma": 2.2612800500842054,
    "lnR_gate_base": 0.20675561421450972,
    "width_gate": 0.9028813996776285,
    "alpha_gate_M": 0.23652353226941325
  },
  "summary": {
    "avg_mean_off": 36.07730059129616,
    "galaxies": 143,
    "outer_points": 1167
  }
}