{
  "params": {
    "xi_max": 5.775822150895146,
    "xi_max_r": 5.396860321030223,
    "lnR0_base": 1.7458411255141515,
    "width": 0.9558412124832487,
    "alpha_M": -0.6349962466338854,
    "xi_max_d": 4.661618419038037,
    "lnSigma_c": 2.6620986990172884,
    "width_sigma": 0.5979361191157733,
    "n_sigma": 4.82867380718658,
    "xi_cap": 2.114261002185427,
    "lnR_gate_base": 0.5603181780614293,
    "width_gate": 0.05,
    "alpha_gate_M": 0.025278963250589787
  },
  "summary": {
    "avg_mean_off": 25.31597499101543,
    "galaxies": 143,
    "outer_points": 1167
  }
}