r_kpc,C
1184.0,1.3432798395185557
1163.0500000000002,1.339412676151858
1142.1,1.3354241672852447
1121.15,1.3313105822592142
1100.2,1.3270681605008936
1079.2,1.3226825226319163
1058.2500000000002,1.3181707702481498
1037.3000000000002,1.3135188669867899
1016.35,1.3087231019421182
995.41,1.303782228532659
974.445,1.2986842832696848
953.49,1.2934342002013375
932.53,1.288025030660707
911.575,1.2824563235425703
890.62,1.2767240368551127
869.6650000000001,1.2708257141011052
848.71,1.2647592723290368
827.75,1.2585215595677555
806.7950000000001,1.2521144198489114
785.8400000000001,1.245535844993954
764.885,1.238785972247034
743.93,1.2318657103315243
722.975,1.2247768403942747
702.0200000000001,1.2175221239435514
681.06,1.210103628752135
660.1049999999999,1.2025299671124632
639.15,1.1948058014622707
618.195,1.186939014900103
597.24,1.1789390919862313
576.285,1.170817250084712
555.33,1.1625865681647678
534.37,1.1542601138674933
513.415,1.1458590260263999
492.46,1.1374006916470307
471.505,1.1289067558925705
450.55,1.1204012062095685
429.595,1.1119104037459338
408.64,1.103463080636322
387.68,1.0950883110773892
366.725,1.0868233982274342
345.77000000000004,1.0787017365108293
324.81499999999994,1.0707606352484236
303.86,1.0630390576516922
282.9,1.0555755608278798
261.945,1.0484149822560176
240.99,1.0415973082563
220.035,1.0351643797762566
199.08,1.0291575419065855
178.12499999999997,1.0236170676746383
157.17,1.0185815551209445
136.21,1.0140863070070854
115.255,1.0101668805753803
94.3,1.006852051870719
73.345,1.0041676944468185
52.39,1.0021351494989608
31.43500000000001,1.000770809265958
10.48,1.0000857902775304
148.41,1.0166349537631976
145.15,1.0159352032224467
141.89,1.0152490324302141
138.63,1.0145765655879375
135.365,1.013916925436463
132.1,1.0132712747110462
128.84,1.0126406884188108
125.58,1.0120242831404778
122.32,1.0114221727620774
119.06,1.0108344689530242
115.79500000000002,1.0102604131977637
112.53,1.009701025554182
109.27,1.0091572338933803
106.01,1.0086282726341897
102.75,1.0081142416202409
99.485,1.0076144844382238
96.22,1.0071298961949455
92.96,1.0066612765135523
89.7,1.0062079612269552
86.43999999999998,1.0057700372052114
83.18,1.0053475885983387
79.915,1.0049400847183787
76.64999999999999,1.0045482643514785
73.39000000000001,1.0041727674069287
70.13,1.0038130547185045
66.87000000000002,1.0034691962543494
63.605,1.0031407683322184
60.34,1.0028283748840034
57.08,1.0025325186470897
53.82,1.002252766956803
50.56,1.0019891747586123
47.3,1.0017417939092264
44.035,1.0015103311838405
40.77,1.0012952242771915
37.510000000000005,1.0010968075650724
34.25,1.000914778371557
30.99,1.000749172749063
27.725,1.0005998074299203
24.46,1.000466978766448
21.2,1.0003508785955062
17.94,1.000251313931593
14.68,1.0001683045780616
11.42,1.0001018670544772
8.155,1.0000519508711843
4.890000000000001,1.000018680630167
1.63,1.000002075694508
571.4999999999999,1.1689468812339177
566.92,1.1671514766286357
559.8799999999999,1.1643822334365244
552.84,1.1616019997196678
545.7950000000001,1.1588093960767547
538.7500000000001,1.156007027668927
531.71,1.1531975547803617
524.67,1.1503796801450628
517.625,1.147552110874599
510.58,1.1447175920337238
503.54,1.1418789173737707
496.5,1.1390348807926793
489.455,1.1361842905259982
482.41,1.133330029067793
475.37,1.1304750193428688
468.33,1.1276181595104129
461.285,1.1247583727807122
454.24,1.1218986730186076
447.2000000000001,1.1190421042285565
440.16,1.1161876806623778
433.115,1.1133344529479943
426.07,1.1104855559384141
419.03,1.1076441421051126
411.99,1.1048093516822315
404.945,1.1019803730352018
397.9,1.0991604465658265
390.86,1.0963528153880766
383.8200000000001,1.0935567529541836
376.775,1.0907715928164143
369.73,1.0880006597587486
362.69,1.0852472638923687
355.65000000000003,1.0825108157667231
348.605,1.0797907979696126
341.56,1.077090592234109
334.52000000000004,1.0744135457495192
327.48,1.071759206051332
320.435,1.0691272043618136
313.39,1.0665209453358744
306.35,1.0639437768319575
299.30999999999995,1.0613953787759909
292.265,1.0588755258796536
285.22,1.0563876050679946
278.18,1.0539349220748089
271.14000000000004,1.0515172798578518
264.095,1.049134586468295
257.05,1.0467901641752984
250.01,1.0444872279137534
242.97,1.0422256895618915
235.925,1.0400055754019542
228.88,1.0378300906460314
221.84,1.0357023058388528
214.8,1.0336222232741632
207.755,1.0315899678101457
200.71,1.029608571014928
193.67,1.027680901986081
186.63,1.0258070312770002
179.585,1.0239871589275065
172.54,1.0222240838694436
165.5,1.0205204151544018
158.45999999999998,1.0188762669131313
151.415,1.017291888428092
144.37,1.0157697868174778
137.33,1.0143122532745994
130.29000000000002,1.0129194197582996
123.245,1.0115915578359773
116.2,1.0103308260027308
109.16,1.0091391431760153
102.12,1.0080166340264813
95.075,1.0069635661839094
88.03,1.0059816978022986
80.99000000000001,1.005072527212416
73.95,1.0042361491161764
66.905,1.003472803554362
59.86000000000001,1.0027838044023483
52.82,1.0021701898027366
45.78,1.0016320059814925
38.735,1.0011694460552742
31.69,1.000783345890798
24.65,1.0004742548157863
17.61,1.000242157740554
10.565,1.0000871873136243
219.62,1.035041147617577
213.065,1.0331170945289805
206.51,1.0312360699061736
199.95,1.0293979251985428
193.395,1.027606684563538
186.84,1.0258621354878772
180.285,1.0241654659025259
173.73,1.022517844268774
167.17499999999998,1.020920417724197
160.61999999999998,1.019374310230417
154.06,1.0178795016580031
147.505,1.0164393434350751
140.95,1.0150537194885296
134.39499999999998,1.0137236427457879
127.84,1.0124500939040622
121.28,1.011233114277139
114.725,1.0100754706633426
108.17,1.0089770871981885
101.615,1.0079387987297492
95.06,1.0069613996610036
88.505,1.0060456424667887
81.94999999999999,1.0051922362759955
75.39,1.0044012668444637
68.835,1.003674558762337
62.28,1.0030120563137337
55.725,1.0024142824998459
49.17,1.001881711028334
42.60999999999999,1.0014144343529283
36.055,1.0010135374239444
29.5,1.0006789595865935
22.945,1.0004109689819014
16.39,1.0002097807752341
9.835,1.0000755567251682
3.28,1.0000084048587143
391.15,1.0964682510409725
375.81,1.0903911687549535
360.47,1.084382454245581
345.135,1.078458251436352
329.79999999999995,1.072631331860799
314.46000000000004,1.0669150675282078
299.12,1.0613270142080302
283.78000000000003,1.055883146262867
268.44,1.0505996897731236
253.1,1.0454930300574976
237.76,1.0405796106437928
222.42,1.03587582440296
207.08,1.0313978977792733
191.74,1.0271617692696144
176.4,1.0231829635180134
161.05999999999997,1.0194764625903485
145.72000000000003,1.0160565761705933
130.38,1.0129368125663611
115.045,1.0101306152399523
99.71,1.0076484384864592
84.37,1.00549999662666
69.03,1.0036952531997532
53.690000000000005,1.0022419459072383
38.35,1.0011463675959116
23.01,1.0004132987887218
7.67,1.0000459558538557
480.495,1.1325536541097287
451.37,1.120733942899546
422.25,1.108943014977559
393.13,1.0972569152894067
364.01,1.085762276687581
334.89000000000004,1.074553690391681
305.77,1.0637327149914966
276.65000000000003,1.053406462164531
247.53,1.0436857449432648
218.41,1.034682801360025
189.29,1.0265086388370854
160.165,1.0192689238111874
131.04,1.0130646886549253
101.92,1.0079857649654298
72.8,1.0041064941221742
43.68,1.0014861495504064
14.56,1.000165565158197
265.165,1.0494940462679834
256.75000000000006,1.0466912043662138
248.33,1.0439437222825036
239.91000000000005,1.0412560005376286
231.49,1.0386307501367122
223.075,1.0360721689178558
214.66000000000005,1.033581352343194
206.24,1.0311595313710722
197.82,1.0288108269419403
189.4,1.0265378214312537
180.985,1.0243443322320207
172.57,1.0222314692114995
164.15,1.0202004764341797
155.73,1.0182549988564735
147.31,1.016397331386716
138.89499999999998,1.014630714662141
130.48,1.0129561505363311
122.06,1.0113747705431955
113.64,1.0098895479488545
105.22,1.0085023324461089
96.805,1.0072156017307123
88.39,1.0060301310774318
79.97,1.0049468196013025
71.55,1.003967794551025
63.135,1.0030948095535446
54.720000000000006,1.0023283865040378
46.3,1.001669166911848
37.88,1.0011185035398973
29.46,1.000677122080366
21.045,1.0003457701151148
12.63,1.0001245915242911
4.21,1.0000138465696593
670.27,1.2062230782501853
651.39,1.1993354181773102
632.51,1.1923280756022674
613.63,1.185207231742253
594.75,1.1779801506210108
575.87,1.170655256867009
556.99,1.1632422118328098
538.11,1.155751986521271
519.23,1.1481969295751804
500.345,1.1405888085842197
481.46,1.1329449067478619
462.58,1.1252840770008228
443.7,1.1176226671562213
424.82,1.1099806119363345
405.94,1.102379403202588
387.06,1.0948420576059752
368.18,1.0873930591985574
349.3,1.0800582745258533
330.42,1.0728648380471837
311.54,1.0658410061931212
292.655,1.0590142004593817
273.77000000000004,1.0524162609606689
254.89,1.0460792745501835
236.01,1.0400320989260967
217.13,1.0343052826725392
198.25,1.0289289601870446
179.37,1.023932505716069
160.48999999999998,1.0193441740369213
141.61,1.0151907348254048
122.73,1.011497108584436
103.845,1.0082852279741084
84.96000000000001,1.005576327722363
66.08,1.0033882626968027
47.2,1.0017344623366062
28.32,1.0006257957777631
9.44,1.0000696103074609
469.065,1.1279164840080222
460.455,1.1244214360509879
451.85,1.120928725274606
443.245,1.1174381860620752
434.635,1.1139497255472222
426.03,1.110469395031432
417.425,1.1069972328130178
408.815,1.10353336232711
400.21,1.1000840044044442
391.605,1.0966494049377289
382.995,1.0932299067111806
374.39,1.089831866392233
365.785,1.0864557358813636
357.175,1.0831020747479756
348.57000000000005,1.0797773330146616
339.96500000000003,1.076482160924086
331.355,1.0732173258501156
322.75,1.0699893194417487
314.145,1.0667989758857446
305.535,1.0636472543414075
296.93,1.060540626980195
288.325,1.057480090391848
279.715,1.0544667721120065
271.11,1.0515070546494614
262.505,1.048602068229552
253.895,1.0457530779673578
245.29,1.0429662982401406
236.685,1.0402429572350067
228.075,1.0375844198911064
219.47,1.0349966470620813
210.865,1.0324809230961856
202.255,1.0300386689495955
193.65,1.0276755015862002
185.045,1.02539271485391
176.435,1.0231917372681483
167.83,1.0210777490809677
159.225,1.0190520038556887
150.615,1.017115886426865
142.01,1.0152740480701403
133.405,1.0135276513059392
124.795,1.011877985525393
116.19,1.010329084698995
107.585,1.008881971019858
98.975,1.0075377886765993
90.37,1.00629987350096
81.765,1.005169062138862
73.155,1.0041463084441036
64.55,1.003234180285809
55.94499999999999,1.0024332901504607
47.335,1.0017443635743657
38.73,1.0011691448712674
30.125,1.0007079926532887
21.515,1.000361375521089
12.91,1.00013017555295
4.305,1.0000144785065148
637.23,1.1940908113484476
617.6250000000001,1.1867231224844828
598.015,1.1792372069044228
578.4050000000001,1.171644112333292
558.8,1.1639564191800906
539.195,1.1561843167090007
519.5849999999999,1.1483395033989412
499.98,1.1404413583943722
480.375,1.1325049975641792
460.765,1.1245472796487805
441.16,1.1165929676237434
421.555,1.1086625566294124
401.945,1.1007783738945154
382.335,1.0929685584181956
362.73,1.0852628616340834
343.125,1.0776886391954639
323.515,1.0702748102616417
303.91,1.063057188849794
284.305,1.0560669005281702
264.695,1.0493360443445143
245.085,1.042900669961271
225.48,1.03679660981624
205.875,1.0310561821484034
186.265,1.025711371961694
166.66,1.020797074231808
147.05499999999998,1.0163424654220214
127.445,1.0123751774355347
107.84,1.008923373031706
88.23500000000001,1.0060092547948891
68.62499999999999,1.0036523359931477
49.015,1.001869910481632
29.41,1.0006748286847051
9.805,1.000075096551353
248.21,1.0439049912329839
243.095,1.042265474572016
237.98,1.0406486342504042
232.86,1.0390535308594895
227.74,1.0374823625619922
222.625,1.035937231522524
217.51,1.0344171907818072
212.39,1.032921387970319
207.27,1.0314519146431154
202.15,1.0300093595331428
197.035,1.0285956745463278
191.92,1.0272100140020537
186.8,1.0258516356577587
181.68,1.0245224729270466
176.56,1.0232230836616951
171.44500000000002,1.021955242276685
166.33,1.0207182053748398
161.21,1.0195113411841028
156.09,1.0183363975690485
150.975,1.017194987822757
145.86,1.0160864504999154
140.74,1.0150102417500015
135.62,1.0139679419609386
130.5,1.0129600197251192
125.385,1.0119878642572568
120.26999999999998,1.0110509161751529
115.15,1.0101487403117035
110.03,1.0092826854407633
104.915,1.0084539448628487
99.8,1.0076620402694294
94.68,1.0069066221106833
89.56,1.0061888377685424
84.43999999999998,1.0055090262762885
79.325,1.0048681178081484
74.21,1.004265734563099
69.09000000000002,1.003701632148572
63.97,1.0031766889495146
58.855,1.0026916125097693
53.74,1.0022461048080717
48.62,1.0018400040723086
43.5,1.0014739623355788
38.38,1.0011481577119925
33.265,1.000863008034586
28.15,1.00061831450574
23.03,1.0004140169739137
17.91,1.0002504745402463
12.795000000000002,1.000127867311068
7.6800000000000015,1.0000460757536584
2.56,1.0000051199475717
489.99,1.13640090531216
484.205,1.1340575678004798
475.6350000000001,1.1305825271322663
467.065,1.127104694325985
458.495,1.1236257923544901
449.925,1.1201476108016604
441.355,1.1166720058780846
432.785,1.1132009002601941
424.215,1.1097362827417134
415.645,1.1062802076864067
407.075,1.102834794271282
398.505,1.0994022255096882
389.93500000000006,1.0959847470441102
381.365,1.0925846656989293
372.795,1.0892043477839919
364.225,1.0858462171405
355.655,1.0825127529215366
347.085,1.0792064871004408
338.515,1.0759300017012705
329.94500000000005,1.0726859257467347
321.37499999999994,1.0694769319202395
312.805,1.0663057329400618
304.235,1.0631750776451667
295.665,1.0600877467937715
287.095,1.0570465485774736
278.52500000000003,1.0540543138555514
269.955,1.0511138911159328
261.385,1.0482281411712866
252.815,1.0453999316007103
244.245,1.042632130949558
235.675,1.0399276027020443
227.105,1.0372891990433781
218.535,1.0347197544302742
209.965,1.032222078990775
201.395,1.0297989517763289
192.825,1.027453113891038
184.255,1.0251872615248314
175.68499999999997,1.0230040389190664
167.115,1.0209060312946547
158.545,1.0188957577742308
149.975,1.0169756643311285
141.405,1.015148116798954
132.83499999999998,1.0134153939763437
124.265,1.011779680862048
115.695,1.0102430620557623
107.125,1.0088075153601381
98.555,1.0074749056191294
89.98500000000001,1.0062469788272446
81.415,1.0051253565434122
72.845,1.004111530641981
64.275,1.0032068584319178
55.705000000000005,1.0024125581734955
47.135,1.0017297050197356
38.565000000000005,1.0011592274075691
29.995,1.0007019039211322
21.425,1.0003583606468567
12.855,1.000129069037046
4.285,1.0000143442955018
135.62,1.0139679419609386
130.5,1.0129600197251192
125.385,1.0119878642572568
120.26999999999998,1.0110509161751529
115.15,1.0101487403117035
110.03,1.0092826854407633
104.915,1.0084539448628487
99.8,1.0076620402694294
94.68,1.0069066221106833
89.56,1.0061888377685424
84.43999999999998,1.0055090262762885
79.325,1.0048681178081484
74.21,1.004265734563099
69.09000000000002,1.003701632148572
63.97,1.0031766889495146
58.855,1.0026916125097693
53.74,1.0022461048080717
48.62,1.0018400040723086
43.5,1.0014739623355788
38.38,1.0011481577119925
33.265,1.000863008034586
28.15,1.00061831450574
23.03,1.0004140169739137
17.91,1.0002504745402463
12.795000000000002,1.000127867311068
7.6800000000000015,1.0000460757536584
2.56,1.0000051199475717
1081.1,1.3230849005444956
1062.95,1.3191950146483185
1044.8,1.3152005665211433
1026.6,1.3110876841472978
1008.4300000000002,1.30687186885514
990.275,1.3025476993457419
972.105,1.2981057436732613
953.935,1.2935473194333964
935.765,1.2888703165823983
917.59,1.2840714076864248
899.415,1.279150014169177
881.245,1.2741058607038949
863.075,1.268936127627072
844.905,1.2636395594353282
826.735,1.2582151612863557
808.5649999999999,1.252662235338786
790.395,1.2469804200595054
772.2249999999999,1.2411697325678879
754.0550000000001,1.2352306140537632
735.885,1.2291639782651775
717.715,1.2229712630120702
699.545,1.2166544845719272
681.3750000000001,1.2102162948122448
663.205,1.2036600407614582
645.0350000000001,1.1969898262640863
626.865,1.190210575246843
608.6949999999999,1.1833280960002086
590.525,1.1763491457448414
572.3549999999999,1.169281494605174
554.1850000000001,1.1621339879552286
536.015,1.1549166059366376
517.845,1.1476405187795788
499.675,1.140318136388453
481.505,1.1329631504915096
463.335,1.125590567504384
445.165,1.1182167301300439
426.995,1.1108593256215564
408.825,1.1035373785799634
390.655,1.0962712261586829
372.485,1.0890824736098093
354.315,1.081993928247645
336.14500000000004,1.075029510130931
317.975,1.0682141380857477
299.805,1.0615735901112429
281.635,1.055134337731602
263.46500000000003,1.048923354476544
245.295,1.0429678993798268
227.12500000000003,1.0372952771652124
208.955,1.0319325776197108
190.785,1.0269063975058854
172.615,1.0222425492038374
154.445,1.01796576105988
136.27499999999998,1.014099375110823
118.105,1.010665048407794
99.935,1.0076824645416624
81.765,1.005169062138862
63.595,1.0031397870256233
45.425,1.0016068744352808
27.255,1.0005796670554818
9.085,1.0000644738921936
413.605,1.105459015060122
409.275,1.1037181273634165
404.945,1.1019803730352018
400.61500000000007,1.100246037683003
396.28,1.0985134148180737
391.945,1.0967848038722545
387.61500000000007,1.0950624897428836
383.285,1.0933447778373928
378.955,1.0916319735613162
374.625,1.0899243861014882
370.295,1.0882223283571522
365.965,1.0865261168666172
361.6350000000001,1.0848360717294079
357.305,1.083152516523852
352.975,1.081475778220062
348.64,1.0798042634135134
344.30499999999995,1.0781402469275996
339.975,1.0764859721098758
335.645,1.0748398548758213
331.31500000000005,1.0732022376916384
326.985,1.0715734657940652
322.65500000000003,1.0699538870701664
318.325,1.0683438519323167
313.995,1.0667437131883883
309.665,1.0651538259071496
305.33500000000004,1.0635745472788922
301.0,1.062004431967654
296.665,1.0604456720711635
292.33500000000004,1.0589004089909144
288.00499999999994,1.057367202429957
283.675,1.0558464179337612
279.345,1.0543384222344572
275.015,1.0528435830791962
270.68499999999995,1.0513622690541677
266.355,1.049894849404357
262.025,1.0484416938491463
257.695,1.0470031723938684
253.36000000000004,1.0455780201686835
249.025,1.0441682780933825
244.695,1.0427759157085434
240.365,1.0413996672524752
236.035,1.0400399011986317
231.705,1.038696985097395
227.375,1.0373712853630577
223.045,1.0360631670579448
218.715,1.034772993673862
214.385,1.0335011269110683
210.05,1.0322464902690953
205.715,1.0310109217510066
201.385,1.0297961689399282
197.055,1.0286011479504624
192.725,1.0274262081308148
188.395,1.026271695670973
184.065,1.0251379533705236
179.735,1.0240253204058427
175.405,1.0229341320969307
171.07500000000002,1.0218647196741553
166.745,1.0208174100451743
162.41,1.01979135517836
158.075,1.0187880959404467
153.745,1.0178090630303867
149.415,1.0168533933817145
145.08499999999998,1.0159213888056184
140.755,1.0150133454113066
136.42499999999998,1.01412955338222
132.095,1.0132702967547473
127.765,1.0124358531997406
123.435,1.0116264938071349
119.105,1.010842482873963
114.77,1.0100832168376417
110.435,1.0093498666784702
106.105,1.0086434764254748
101.775,1.007963420320823
97.445,1.0073099256386524
93.115,1.0066832116756779
88.785,1.0060834895711617
84.455,1.0055109621325629
80.125,1.0049658236671344
75.795,1.0044482598197175
71.46,1.0039578979206232
67.125,1.0034955200289253
62.795,1.0030617700065505
58.465,1.0026562478785606
54.135000000000005,1.0022790937568462
49.805,1.0019304382609202
45.475,1.0016104024055918
41.145,1.0013190974965702
36.815,1.0010566250341593
32.485,1.0008230766252018
28.155,1.0006185339034144
23.82,1.0004428826745881
19.485,1.0002964376022672
15.154999999999998,1.0001793684628488
10.825,1.0000915306045102
6.494999999999999,1.00003295487859
2.165,1.0000036618677126
189.47,1.0265563991260043
184.795,1.0253276221561751
180.12,1.024123385964232
175.44,1.0229428654717294
170.76,1.0217877803153605
166.08,1.0206585430688682
161.39999999999998,1.019555560066395
156.725,1.01848036662145
152.05,1.0174321618291546
147.37,1.0164102530287706
142.69,1.0154161538055233
138.01000000000002,1.0144502342270145
133.33,1.013512856106672
128.655,1.012605327739774
123.98,1.0117269756004312
119.29999999999998,1.0108772418196472
114.62,1.010057407118669
109.94,1.0092677873047513
105.26,1.0085086880694967
100.585,1.0077811662356013
95.91,1.0070846781592762
91.23,1.0064188020617464
86.54999999999998,1.005784561969193
81.87,1.0051822088667093
77.19000000000001,1.004611982024206
72.515,1.0040746660713236
67.84000000000002,1.0035698490725256
63.16,1.0030972457994642
58.48,1.002657603801749
53.8,1.002251100507262
49.12,1.0018779003906433
44.445,1.0015384998818935
39.77,1.001232620113785
35.09,1.0009601122749672
30.41,1.0007214326439136
25.730000000000004,1.000516678736996
21.05,1.0003459343213084
16.375,1.0002093971322221
11.7,1.0001069224427919
7.0200000000000005,1.0000384973481802
2.34,1.000004277775901
584.1350000000001,1.1738732851173248
568.13,1.167626290811873
552.13,1.1613210200558866
536.125,1.154960488005825
520.12,1.1485543337873034
504.115,1.142110981490385
488.11,1.135639624183173
472.11,1.129152271385882
456.105,1.122655646953861
440.1,1.1161633654776923
424.1,1.1096898447920691
408.095,1.1032442366770168
392.09,1.0968425556089876
376.085,1.0904995523630796
360.08,1.0842307055253186
344.08,1.0780540902757156
328.075,1.0719826278549398
312.07,1.0660356057568328
296.07,1.0602326311057304
280.065,1.0545882723674143
264.06,1.0491228433180988
248.06,1.0438565945024745
232.055,1.038804900225506
216.05,1.0339880042177436
200.045,1.0294242225248684
184.04,1.0251314684807638
168.04,1.0211282994951536
152.03499999999997,1.0174288424564863
136.02999999999997,1.0140501472873837
120.03,1.0110078257697852
104.025,1.0083134973281511
88.01999999999998,1.0059803551198587
72.015,1.0040191192439647
56.01,1.002438920101138
40.01,1.0012475047566576
24.005,1.0004497825465533
8.0,1.0000499950005
698.095,1.216145123150342
681.665,1.2103199877339867
665.24,1.2044000762523652
648.8149999999999,1.1983866241199996
632.39,1.1922831673057148
615.965,1.1860938233236125
599.54,1.179823330227669
583.115,1.1734770854411865
566.685,1.1670592209170907
550.26,1.160580474195374
533.835,1.15404650187984
517.41,1.1474657056899673
500.985,1.1408473189323165
484.56,1.1342014316200042
468.135,1.1275390105034717
451.705,1.1208698840399598
435.28,1.114210869761517
418.855,1.1075735898573729
402.43,1.1009725818972411
386.00500000000005,1.0944232487064567
369.58,1.087941826498568
353.155,1.08154534088236
336.7250000000001,1.075249651517849
320.3,1.069077015081052
303.875,1.0630444968558725
287.45,1.0571715733307563
271.025,1.0514780868386446
254.6,1.0459841188649899
238.175,1.040709850275367
221.745,1.0356739155319434
205.32,1.0308992984831213
188.895,1.0264039569503505
172.47,1.0222068555104462
156.045,1.018326213957012
139.62,1.014779324721067
123.195,1.0115823722742885
106.765,1.008749452588433
90.34,1.0062957441331137
73.91499999999999,1.004232174120607
57.49,1.0025688433835565
41.065,1.0013139863941756
24.64,1.0004738704675198
8.215,1.0000527180543086
762.255,1.2379267533747893
745.505,1.2323917324639284
728.75,1.2267471570630122
711.9949999999999,1.220995980185915
695.245,1.2151417159789335
678.49,1.2091830927893525
661.735,1.203124579536777
644.985,1.1969713183524933
628.235,1.1907254004030483
611.48,1.1843894454408366
594.7249999999999,1.177970514025497
577.975,1.1714764906064628
561.22,1.1649101986705086
544.465,1.1582810751233503
527.7149999999999,1.1515994767838418
510.965,1.144872661418533
494.21,1.1381087434870365
477.455,1.1313208076074133
460.705,1.1245229227968156
443.95,1.1177240351661513
427.195,1.1109401528224727
410.445,1.1041882317718745
393.695,1.0974821264360426
376.94,1.090836666232512
360.185,1.084271555687485
343.43500000000006,1.0778072252920923
326.68,1.071459079562798
309.925,1.065248996771939
293.17499999999995,1.0591992516573907
276.425,1.0533288880426526
259.67,1.0476574721344256
242.915,1.042208188450038
226.165,1.037003951591949
209.41,1.0320628681006154
192.655,1.0274073805811579
175.905,1.0230590295306237
159.155,1.0190358935186352
142.4,1.0153554770646827
125.645,1.012036434135425
108.895,1.0090956303546192
92.14,1.0065458083281102
75.385,1.0044006882020744
58.635,1.0026716349416507
41.885,1.0013668417021122
25.13,1.00049288622503
8.375,1.0000547913584372
81.32000000000001,1.0051135246191139
79.675,1.0049107482251083
78.03,1.0047119544731216
76.39,1.0045177392025593
74.75,1.0043275016624875
73.105,1.0041406894623974
71.46,1.0039578979206232
69.82,1.0037796733219202
68.18,1.0036054627526354
66.53500000000001,1.003434762098104
64.89,1.0032681171089766
63.25,1.0031060240727663
61.605,1.0029475026890018
59.96,1.002793061221605
58.32,1.0026431581737698
56.68,1.002497325369652
55.035,1.00235514411152
53.39,1.002217072348104
51.75000000000001,1.0020835179044252
50.105,1.001953673116565
48.46,1.0018279579304845
46.82,1.0017067419216716
45.18,1.0015896427651303
43.535,1.001476328176999
41.88999999999999,1.0013671671612647
40.25,1.0012624780572537
38.605,1.0011616277892839
36.96,1.0010649469346649
35.32000000000001,1.0009727152116235
33.68,1.0008846370604276
32.035000000000004,1.0008004674060136
30.39,1.0007204853815825
28.75,1.0006449190376687
27.105,1.0005733114241802
25.46,1.0005059029185308
23.82,1.0004428826745881
22.18,1.000384042608308
20.535,1.0003292254416662
18.89,1.000278619733649
17.25,1.0002323626680993
15.61,1.0001902963751292
13.965,1.0001523139188329
12.32,1.000118551884235
10.68,1.0000890953712003
9.035000000000002,1.000063766261222
7.390000000000001,1.0000426620627112
5.75,1.000025828743808
4.11,1.0000131966048151
2.4650000000000003,1.0000047470057127
0.82,1.0000005253119482
587.5200000000001,1.1751861780857003
569.4399999999999,1.1681399571146558
551.3600000000001,1.1610161769588845
533.285,1.1538268489105992
515.2099999999999,1.1465811926027334
497.13,1.1392895867974282
479.05,1.131967700703345
460.975,1.124632528717054
442.9,1.1172983124135236
424.82,1.1099806119363345
406.74,1.1027003600347713
388.665,1.0954797298179497
370.59,1.0883381064258457
352.51,1.0812961318983527
334.43,1.0743794659871342
316.355,1.0676145959222192
298.28,1.0610250363027356
280.2,1.0546351596279444
262.12,1.048473420353959
244.045,1.042568282585619
225.97,1.036944882168317
207.89,1.0316284378872786
189.81,1.0266467105170138
171.735,1.022026305114335
153.66000000000005,1.0177900769611197
135.58,1.0139599337282184
117.5,1.010558364959038
99.425,1.0076054421904654
81.35000000000001,1.0051172595849691
63.27,1.0031079764554962
45.19,1.0015903442976537
27.115,1.000573734046725
9.04,1.0000638368486727
570.795,1.1686708394926733
553.23,1.1617562957495426
535.67,1.1547789618418631
518.105,1.1477449920770268
500.54,1.1406675778531388
482.98,1.133561078344751
465.42,1.1264369524633004
447.855,1.119307804499579
430.29,1.112191480251572
412.73,1.1051069800922577
395.165,1.098068405798677
377.6,1.091097037579818
360.04,1.084215144580421
342.48,1.0774420336883326
324.915,1.070798041499114
307.35,1.0643081346438585
289.79,1.0579977677398276
272.225,1.0518875376074117
254.66,1.046003800632588
237.1,1.0403727987394034
219.535,1.0350159279489242
201.97,1.0299591417321792
184.41000000000005,1.0252275166824032
166.85,1.0208425426866312
149.285,1.01682506564179
131.72,1.0131970443593035
114.16,1.0099784509103615
96.595,1.0071847793026065
79.03,1.004832326547562
61.470000000000006,1.00293467438145
43.91,1.0015017944655662
26.345,1.000541646215712
8.78,1.000060218059197
799.81,1.249940617949219
780.6149999999999,1.2438688153906852
755.025,1.2355509044182054
729.4300000000001,1.2269783272816994
703.835,1.2181569561341385
678.24,1.2090934208312056
652.645,1.1997970335319144
627.0550000000001,1.1902820094941697
601.46,1.1805603392032968
575.865,1.1706533048812882
550.27,1.1605844362502156
524.675,1.1503816842901828
499.085,1.1400797464069625
473.49,1.1297122501266774
447.895,1.1193240310523014
422.3,1.1089631941372242
396.705,1.0986831072227212
371.115,1.0885442189433174
345.52000000000004,1.0786058564127605
319.925,1.068937650096889
294.33,1.0596108962937638
268.735,1.0506996800856656
243.145,1.0422813923685086
217.55,1.0344289788338719
191.955,1.027219399035251
166.36,1.0207253698832512
140.765,1.0150154146805328
115.175,1.0101530580442823
89.58,1.0061915679530082
63.985,1.0031781694248532
38.39,1.0011487547255635
12.795000000000002,1.000127867311068
289.195,1.0577873463290373
274.36499999999995,1.0526203431259373
259.535,1.0476126491747109
244.705,1.0427791129037076
229.875,1.0381345792393613
215.04,1.033692333036488
200.205,1.0294685343445127
185.375,1.0254787445641191
170.54500000000002,1.0217353333821002
155.715,1.018251610725956
140.885,1.0150402559993312
126.055,1.0121132097938783
111.225,1.0094815684734209
96.395,1.007155483266301
81.565,1.0051440655005026
66.73499999999999,1.003455299574608
51.905,1.0020959651748236
37.075,1.0010715701246213
22.245,1.0003862950909805
7.415,1.0000429511733577
499.76,1.1403524778768401
493.315,1.13774665755832
486.865,1.1351353394789905
480.415,1.1325212164940055
473.965,1.129904982560737
467.515,1.1272873529005651
461.065,1.1246690640685257
454.62,1.1220529033612268
448.175,1.1194376187529766
441.725,1.1168219822756653
435.275,1.1142088452581966
428.825,1.1115990508873586
422.375,1.1089934634513225
415.925,1.106392968178396
409.48,1.103800479714021
403.035,1.1012149043892316
396.585,1.0986351901828735
390.135,1.0960643123212226
383.685,1.0935032568709129
377.235,1.0909530290046905
370.79,1.088416615414878
364.345,1.0858930743777522
357.895,1.0833815216750828
351.445,1.0808849966537568
344.995,1.0784045920837688
338.545,1.0759414163313146
332.095,1.073496592596521
325.65,1.0710731303591292
319.205,1.0686702748478072
312.755,1.0662873474686378
306.30500000000006,1.0639273943457321
299.855,1.061591599570821
293.40500000000003,1.0592811564003806
286.955,1.056997266129173
280.51,1.0547428747861072
274.065,1.0525174124434085
267.61500000000007,1.0503204033190607
261.165,1.048154806492114
254.71500000000003,1.0460218448275187
248.265,1.0439227414567678
241.82,1.041860304443758
235.375,1.039834109747183
228.925,1.0378438416205684
222.475,1.0358922955257548
216.025,1.0339806734376296
209.575,1.0321101683637681
203.125,1.0302819627012227
196.68,1.0284985929537525
190.235,1.0267597788588065
183.785,1.0250653628154376
177.33499999999998,1.023417834420157
170.88500000000002,1.0218182977994557
164.435,1.0202678363079614
157.985,1.0187675108220575
151.54000000000002,1.0173194613343834
145.095,1.0159235137490814
138.645,1.0145796281911368
132.195,1.0132898621666515
125.745,1.0120551390687433
119.29500000000002,1.010876349916088
112.845,1.0097543518045364
106.4,1.0086907689873823
99.95499999999998,1.007685492563646
93.505,1.006738556355442
87.05499999999999,1.0058514698761563
80.605,1.0050248990764707
74.155,1.0042594677385006
67.71000000000001,1.0035562777844338
61.265,1.0029152469126283
54.815000000000005,1.0023364403858281
48.365,1.0018208240463178
41.915,1.0013687950333876
35.465,1.000980702528099
29.015,1.00065684708203
22.57,1.0003976560657057
16.125,1.0002030547110974
9.675,1.0000731187002787
3.225,1.0000081253562363
241.83,1.0418634767423054
239.445,1.04110936480013
237.06,1.0403602771861715
234.68,1.0396178297166005
232.3,1.038880507641838
229.915,1.0381468391951243
227.53,1.03741843988344
225.15,1.0366968809192516
222.77,1.0359806901635549
220.385,1.0352684404576147
218.0,1.034561702573292
215.62,1.0338620009093291
213.24,1.0331679078024172
210.855,1.032478042545185
208.47,1.0317939289611784
206.09,1.0311170424450324
203.71,1.0304460016496186
201.325,1.0297794741317954
198.94,1.0291189345738594
196.56,1.028465807202551
194.18,1.0278187587975813
191.795,1.0271765069571361
189.41,1.0265404750566016
187.03,1.0259120340247587
184.65,1.0252899005437466
182.265,1.024672843989099
179.88,1.0240622342980747
177.5,1.023459387012407
175.12,1.022863070451911
172.735,1.0222721074591101
170.35,1.021687812443657
167.97,1.0211114435194641
165.59,1.0205418223336704
163.20499999999998,1.019977826833778
160.82,1.0194207138614704
158.44,1.01887168211777
156.06,1.0183296082159443
153.675,1.0177934267896072
151.29000000000002,1.0172643351286417
148.91,1.0167434705991978
146.53,1.0162297663634574
144.14499999999998,1.0157222152603023
141.76,1.0152219531079236
139.38,1.0147300540860469
137.0,1.014245509427432
134.61499999999998,1.013767371628413
132.23000000000002,1.0132967131868917
129.85,1.01283454332229
127.47,1.0123799127935025
125.085,1.0119319351346732
122.7,1.0114916177533655
120.32,1.0110599032195884
117.935,1.0106350205968628
115.55,1.010217927347036
113.17,1.0098095149814703
110.79,1.009408941732566
108.405,1.0090154310562423
106.02,1.0086298724362426
103.64,1.0082530880027987
101.26,1.0078842991376984
98.875,1.0075227937231568
96.49,1.007169391746743
94.11,1.0068248445364227
91.73,1.0064884377892716
89.34500000000001,1.0061595248848847
86.96000000000001,1.0058388549005401
84.58,1.0055271070500393
82.19999999999999,1.0052236324242045
79.815,1.004927850879069
77.42999999999999,1.0046404392775272
75.05000000000001,1.0043620035222747
72.67,1.0040919610850751
70.285,1.0038297991819463
67.9,1.0035761212730028
65.52,1.003331458873148
63.14,1.0030952967274789
60.755,1.0028671901968584
58.370000000000005,1.0026476682711685
55.99,1.0024371871259048
53.61000000000001,1.002235299573862
51.225,1.0020416298040906
48.84,1.001856631394488
46.46,1.0016806843589088
44.07999999999999,1.0015134102712824
41.69499999999999,1.001354502728195
39.31,1.0012043390837462
36.93000000000001,1.0010632225010607
34.55,1.0009308439051614
32.165,1.0008069667734145
29.78,1.0006918915579357
27.4,1.0005858440183513
25.02,1.0004885849150746
22.635,1.000399947971666
20.25,1.0003201561967963
17.87,1.0002493575327165
15.49,1.0001873829520558
13.105,1.0001341366808265
10.72,1.0000897638819974
8.34,1.0000543344074027
498.215,1.139728160307068
491.525,1.1370222864934445
484.84,1.1343148962077523
478.155,1.1316047246265921
471.465,1.1288905231096096
464.775,1.1261751246105978
458.09,1.1234613903306612
451.405,1.1207481455461115
444.715,1.118034241711857
438.03,1.1153246397337429
431.345,1.1126182388972699
424.655,1.109913972523908
417.965,1.1072148452574542
411.28,1.1045238704290168
404.595,1.1018400534034443
397.905,1.0991624444286434
391.215,1.0964941272327717
384.53,1.0938381804163007
377.845,1.0911937220608954
371.155,1.0885599262483974
364.465,1.0859399364434927
357.78,1.0833368751869064
351.095,1.0807499774865768
344.405,1.0781785455514858
337.715,1.0756257584129454
331.03,1.0730947564272315
324.345,1.0705848928723645
317.65500000000003,1.0680955993110763
310.965,1.0656300611744947
304.28,1.063191405623171
297.595,1.0607791023415498
290.905,1.0583927100592467
284.215,1.056035386482409
277.53,1.0537102098156987
270.845,1.0514167608804286
264.15500000000003,1.0491547197804285
257.465,1.0469271777184368
250.78,1.0447371238485879
244.095,1.0425842414439628
237.405,1.0404683225923523
230.715,1.038392349172649
224.03,1.036359177586485
217.345,1.034368581674347
210.655,1.032420452765326
203.965,1.0305176174953254
197.28,1.0286627532603434
190.59500000000003,1.0268557098490023
183.905,1.0250964622387042
177.215,1.0233876340789343
170.53,1.0217316763305386
163.84500000000003,1.0201284980892908
157.155,1.018578140293707
150.465,1.0170829756130348
143.78000000000003,1.0156451816178935
137.09500000000003,1.014264708985071
130.405,1.0129416458128215
123.715,1.01167806735332
117.03,1.010475833156475
110.345,1.0093349177751147
103.655,1.0082554376968385
96.965,1.0072391278182315
90.28,1.0062874893035025
83.595,1.0054005040938974
76.905,1.0045782995525876
70.215,1.0038222327285038
63.53,1.0031334121992794
56.845,1.0025118132105812
50.155,1.0019575589467797
43.465,1.001471598374516
36.78,1.001054621159097
30.094999999999995,1.0007065852373025
23.405,1.0004275980887842
16.715,1.0002181791486882
10.03,1.0000785821008904
3.345,1.0000087412729588
115.445,1.0101997444201527
113.655,1.0098921072230858
111.865,1.0095888996084041
110.075,1.0092901387409197
108.285,1.0089958415652944
106.495,1.0087060248037016
104.705,1.0084207049535119
102.915,1.008139898285004
101.125,1.0078636208391016
99.335,1.007591888425135
97.545,1.00732471661863
95.755,1.007062120759126
93.965,1.0068041159480174
92.175,1.0065507170464287
90.385,1.0063019386731138
88.59500000000001,1.0060577952023877
86.80499999999999,1.0058183007620871
85.015,1.0055834692315613
83.225,1.0053533142396942
81.435,1.0051278491629594
79.645,1.004907087123504
77.855,1.0046910409872678
76.065,1.0044797233621354
74.275,1.0042731465961194
72.49,1.0040718798985964
70.70499999999998,1.0038753513555199
68.915,1.003683041914712
67.12499999999999,1.0034955200289253
65.33500000000001,1.0033127967223006
63.54499999999999,1.003134882748957
61.755,1.0029617885914228
59.965,1.002793524459106
58.175,1.0026301002868008
56.385,1.0024715257332328
54.595,1.0023178101796426
52.805,1.0021689627284074
51.015,1.0020249922017026
49.225,1.0018859071402029
47.435,1.0017517158018223
45.645,1.0016224261604947
43.855,1.0014980459049958
42.065,1.0013785824378048
40.275,1.001264042874008
38.485,1.0011544340402427
36.695,1.001049762473685
34.905,1.0009500344210767
33.115,1.000855255837797
31.325,1.0007654323869761
29.535,1.0006805694386507
27.745,1.000600672068963
25.955,1.000525745059404
24.165,1.0004557928960987
22.375,1.0003908197691351
20.585,1.0003308295719393
18.795,1.0002758259006908
17.005,1.0002258120537855
15.215,1.0001807910313418
13.425,1.0001407655347496
11.635,1.0001057379662663
9.845,1.000075710428657
8.055,1.0000506847248778
6.265,1.0000306623578055
4.475,1.0000156445300132
2.685,1.0000056321435884
0.895,1.000000625799998
659.9150000000001,1.2024605970888023
655.03,1.2006728222702736
646.895,1.1976777325779664
638.76,1.1946606658714094
630.62,1.1916202380279999
622.4849999999999,1.1885607108875003
614.3499999999999,1.1854807874231257
606.21,1.1823791592670063
598.075,1.1792602797874348
589.94,1.176122933579248
581.8,1.1729659020759349
573.6600000000001,1.1697918786417925
565.5250000000001,1.1666036428171385
557.3900000000001,1.1634001092191542
549.25,1.1601802013950002
541.115,1.1569488285856695
532.98,1.1537050188126026
524.8399999999999,1.1504478189019647
516.6999999999999,1.1471803219146588
508.565,1.1439056971972874
500.43,1.1406231443783124
492.29,1.1373318959514942
484.155,1.1340373046739862
476.02,1.1307387129145172
467.88,1.1274355069486641
459.745,1.124133215233715
451.61,1.120831333224047
443.47,1.117529411563051
435.33,1.1142311149050528
427.195,1.1109401528224727
419.06,1.1076562371874474
410.92,1.104379150133185
402.785,1.1011147626904692
394.65,1.0978629545161418
386.5100000000001,1.0946236865592565
378.37,1.0914009601175199
370.235,1.0881987835928117
362.1,1.0850172608828283
353.96,1.0818565910652442
345.825,1.078722833580917
337.69000000000005,1.075616255383876
329.55,1.0725372280918075
321.415,1.0694918240549145
313.28000000000003,1.0664804636675254
305.14,1.0635036804215678
297.00000000000006,1.0605657167104499
288.86500000000007,1.0576707422583023
280.73,1.0548193584118113
272.59,1.0520122889032189
264.455,1.0492554279457478
256.32,1.0465494882829114
248.18,1.0438953103681265
240.04,1.0412970295741928
231.905,1.0387586371232873
223.77,1.0362809528585755
215.63,1.0338649291408872
207.495,1.0315159299212424
199.36,1.0292348190280725
191.22,1.0270225947413814
183.085,1.0248842732145165
174.95,1.0228207277624366
166.81,1.0208329667923899
158.67,1.0189244369214503
150.53499999999997,1.0170983304701735
142.4,1.0153554770646827
134.26,1.0136968406371216
126.125,1.0121263404108445
117.99,1.0106447311468933
109.85,1.0092529004562565
101.71,1.0079534134246655
93.575,1.0067485131832283
85.44,1.005638802465763
77.30000000000001,1.0046250143716797
69.165,1.0037096133972259
61.03,1.0028930543804182
52.89,1.002175920677692
44.755,1.0015599693410486
36.62,1.0010454846555734
28.48,1.0006328779158447
20.34,1.000323006511199
12.205,1.0001163495013168
4.069999999999999,1.0000129409931777
78.795,1.0048039066062828
75.705,1.0044377959494797
72.615,1.0040858200558547
69.525,1.0037480403342078
66.43499999999999,1.0034245158403063
63.345,1.0031153032513502
60.255,1.0028204568413928
57.165,1.0025400284577395
54.075,1.0022740674983381
50.985,1.0020226208901868
47.895,1.0017857330687674
44.805,1.001563445958532
41.715,1.0013557989544477
38.625,1.001162828904623
35.535,1.0009845700940254
32.445,1.0008210542293055
29.355,1.0006723104247395
26.265,1.0005383651893016
23.175,1.000419242414878
20.085,1.0003149633656292
16.995,1.0002255466685157
13.905,1.0001510083049867
10.815,1.000091361603845
7.725,1.0000466172352926
4.635,1.0000167832061604
1.545,1.0000018648563258
762.58,1.2380330759248412
747.79,1.2331531859609022
731.355,1.2276317896711884
714.92,1.2220076001203979
698.485,1.216282199771596
682.0500000000001,1.2104576025091889
665.6150000000001,1.204536289859753
649.18,1.1985212483435734
632.745,1.192416007722213
616.3100000000001,1.1862246798528617
599.8749999999999,1.17995199780042
583.4399999999999,1.1736033547934992
567.005,1.167184842541374
550.57,1.1607032883561827
534.135,1.1541662904494618
517.7,1.1475822506959121
501.2650000000001,1.140960404081993
484.83,1.1343108439847922
468.395,1.1276445423603518
451.96,1.1209733638633477
435.525,1.1143100728752755
419.09,1.1076683323899226
402.655,1.1010626936970414
386.22,1.0945085758220159
369.785,1.0880222337251357
353.35,1.081620714342819
336.915,1.0753217996682494
320.48,1.0691439362230999
304.045,1.0631061504669932
287.61,1.057227949927381
271.17500000000007,1.051529210108249
254.74,1.0460300475482056
238.305,1.040750679741709
221.87,1.0357112730038087
205.435,1.0309317797390383
189.0,1.0264317669570726
172.565,1.022230238247847
156.13,1.018345451772052
139.69500000000002,1.0147947371236659
123.26,1.0115943141639134
106.825,1.0087591170961767
90.39,1.0063026271361601
73.95500000000001,1.0042367171210962
57.52,1.0025715112895226
41.085,1.0013152632470221
24.65,1.0004742548157863
8.215,1.0000527180543086
791.09,1.2472001204841698
771.555,1.240953010145755
752.025,1.2345591393659916
732.4900000000001,1.2280164169521914
712.955,1.2213283519536446
693.425,1.2144993887105706
673.895,1.2075313789353335
654.36,1.20042698785503
634.8249999999999,1.193193531269163
615.295,1.185839593845351
595.7600000000001,1.1783693252746152
576.225,1.1707938320197275
556.6949999999999,1.1631257402749187
537.1600000000001,1.1553732723511054
517.625,1.147552110874599
498.095,1.1396796599592633
478.56,1.131768980931849
459.025,1.1238409381255363
439.495,1.1159182005743715
419.965,1.108021161565806
400.43,1.100172018442312
380.895,1.092398746648806
361.36500000000007,1.084730899443603
341.83000000000004,1.0771936952113725
322.295,1.0698196587497848
302.765,1.0626423562036307
283.23,1.055690843312385
263.695,1.0490004353756361
244.165,1.0426065874667105
224.63,1.0365399418613601
205.095,1.0308357878087635
185.565,1.0255283321819504
166.03,1.020646619596089
146.49499999999998,1.0162222655604511
126.965,1.0122844209080126
107.435,1.0088576594282794
87.9,1.0059642542597576
68.36500000000001,1.0036249134206432
48.835,1.0018562526795092
29.3,1.0006697968532803
9.765,1.0000744851717964
313.29,1.0664841435443284
311.3,1.0657529371148238
308.45500000000004,1.0647114197985983
305.61000000000007,1.06367452551518
302.77,1.0626441660050387
299.925,1.061616815373421
297.08,1.0605943944205207
294.24,1.0595787896104707
291.4,1.0585683023679113
288.555,1.057561270437622
285.71000000000004,1.056559581095838
282.86999999999995,1.0555650843018751
280.025,1.054574382289865
277.18,1.0535893350697578
274.34000000000003,1.052611763077468
271.49999999999994,1.0516400342014587
268.655,1.050672557614212
265.81,1.049711154121648
262.97,1.048757601927152
260.125,1.0478086482523368
257.28,1.0468660823245002
254.44,1.045931648487136
251.60000000000005,1.0450037889809474
248.755,1.0440809923182606
245.91000000000005,1.043165002721828
243.07,1.042257516486294
240.225,1.0413554427050868
237.38,1.0404604896427603
234.54,1.0395743153555392
231.695,1.0386939034599803
228.85,1.0378209243769996
226.01,1.0369569960477316
223.17,1.0361006804891424
220.325,1.0352505930481555
217.48,1.034408350773601
214.64,1.0335755152295103
211.795,1.032749255707793
208.95,1.0319311470278463
206.11,1.0311227062938737
203.27,1.0303225886289198
200.425,1.0295295072977826
197.58,1.028744977936108
194.74,1.0279704555339233
191.895,1.027203311226616
189.05,1.0264450141006731
186.21,1.0256969704377628
183.37,1.024957935808293
180.525,1.024226728559355
177.68,1.023504752911436
174.84,1.022793347465347
171.995,1.0220901007295888
169.15,1.0213963661847105
166.31,1.0207134296347593
163.47,1.0200401540886548
160.62500000000003,1.0193754697265802
157.78,1.0187206596961371
154.94,1.0180769368110354
152.09499999999997,1.0174421216379512
149.25,1.0168174425883334
146.41,1.0162040558167893
143.57,1.0156009383257287
140.725,1.015007138379748
137.88,1.0144238088941675
135.04,1.0138520280693282
132.195,1.0132898621666515
129.35,1.0127384056303472
126.51,1.0121986764315651
123.665,1.0116688500204813
120.82,1.0111499608656296
117.98,1.0106429652842517
115.14,1.0101470134598112
112.295,1.0096613320341643
109.45,1.0091868733056906
106.61,1.0087245093177666
103.765,1.0082726784900278
100.92000000000002,1.0078322698970856
98.08,1.0074040908868613
95.24,1.0069874192384074
92.395,1.0065816122930842
89.55,1.0061874728935984
86.71000000000001,1.0058057203454576
83.865,1.0054350663323581
81.02000000000001,1.005076247640868
78.17999999999999,1.004729916281322
75.33999999999999,1.0043954820868086
72.495,1.0040724370587888
69.64999999999999,1.0037614282822311
66.81,1.0034630165811786
63.965,1.00317619553291
61.12,1.0029015438048727
58.28,1.00263955281984
55.440000000000005,1.0023897681622982
52.595000000000006,1.00215181964964
49.75,1.001926193438831
46.91,1.0017132873107244
44.065,1.0015123835635893
41.22,1.0013238980939154
38.38,1.0011481577119925
35.535,1.0009845700940254
32.69,1.0008334802545489
29.85,1.0006951435335483
27.01,1.0005693042495638
24.165,1.0004557928960987
21.32,1.000354859220997
18.48,1.0002666627061134
15.635,1.0001909061638634
12.79,1.0001277674207523
9.95,1.00007733374026
7.11,1.0000394907088466
4.265,1.0000142107093812
1.42,1.0000015753075369
329.9,1.0726689817413608
321.49499999999995,1.069521610793043
311.605,1.065864863764478
301.71000000000004,1.062260822451088
291.81500000000005,1.0587156383613772
281.92499999999995,1.055235390284146
272.035,1.0518226372663866
262.14,1.0484801005153734
252.245,1.045213935218297
242.355,1.0420301448344969
232.465,1.0389314578959359
222.575,1.0359222504586845
212.68,1.033005413314855
202.785,1.0301867880809668
192.895,1.027471954403674
183.005,1.0248636124887973
173.11499999999998,1.0223658199312717
163.21999999999997,1.0199813525235941
153.325,1.017715337221881
143.435,1.0155725260963633
133.545,1.013555288861474
123.655,1.0116670069592875
113.76,1.0099100308517517
103.865,1.0082883667561693
93.975,1.006805544535608
84.085,1.0054633069734367
74.19000000000001,1.0042634551985343
64.29499999999999,1.0032088416437768
54.405,1.0023017796339015
44.515,1.001543334941847
34.625,1.0009348820175215
24.73,1.0004773351948915
14.835,1.0001718762288383
4.944999999999999,1.0000191031958892
177.915,1.0235640367940926
174.72,1.022763494110367
170.96,1.0218366171378979
167.20000000000002,1.0209264133389417
163.445,1.0200342705310144
159.69,1.019159174878232
155.93,1.0183002005562083
152.17,1.0174587269544955
148.41500000000002,1.0166360373657335
144.66000000000005,1.0158311968925944
140.9,1.015043362473519
137.14,1.0142738076275186
133.38499999999996,1.013523705193944
129.63,1.012792201717998
125.87,1.0120785391427878
122.115,1.0113847902906783
118.36,1.0107101642949399
114.6,1.0100539681678389
110.84,1.0094172762498372
107.085,1.0088010549678064
103.33,1.0082045987803645
99.57,1.0076273030581149
95.81,1.0070701210579913
92.055,1.0065338945102928
88.29999999999998,1.0060180051188576
84.54,1.0055219381932474
80.77999999999999,1.0050465212311988
77.02499999999999,1.0045924670182507
73.27,1.004159246197375
69.50999999999999,1.0037464353480319
65.75,1.0033547320836431
61.995,1.0029847165818888
58.24,1.002635949887349
54.48,1.002308100928055
50.725,1.0020021270131105
46.97,1.0017176577909201
43.21,1.0014544319907297
39.45,1.001212911862868
35.69500000000001,1.00099343865547
31.940000000000005,1.0007957344073786
28.18,1.0006196314733806
24.42,1.0004654541137024
20.665000000000003,1.000333404273121
16.91,1.0002232971853033
13.15,1.0001350592112868
9.39,1.0000688749642965
5.635000000000001,1.0000248059762973
1.88,1.000002761234751
323.58,1.070299081308943
309.20000000000005,1.0649837119026329
294.82,1.059785789365938
280.44,1.0547185461535595
266.05999999999995,1.0497953899114332
251.68,1.0450298349415559
237.295,1.040433861787654
222.91,1.036022669350084
208.53,1.0318110683570618
194.15,1.0278106417677184
179.76999999999998,1.0240342284543507
165.39,1.020494264035432
151.01000000000002,1.0172026869243789
136.625,1.01416983687849
122.23999999999998,1.0114075777010483
107.86,1.008926624097926
93.48,1.0067350020539185
79.10000000000001,1.0048408077897082
64.72,1.0032511269915545
50.335,1.0019715795226856
35.95,1.0010076546166473
21.57,1.0003632241477394
7.19,1.0000403843160754
675.2249999999999,1.2080102285682186
653.7900000000001,1.2002177255236834
632.355,1.1922700681884073
610.92,1.1841762157185343
589.48,1.1759449928874706
568.0450000000001,1.1675929473207165
546.61,1.1591329698914823
525.175,1.1505820791741985
503.74000000000007,1.141959639408942
482.305,1.1332874653601968
460.87,1.1245899041669871
439.43,1.115891861989813
417.995,1.1072269360156468
396.56,1.0986252078509327
375.12500000000006,1.0901212906752333
353.69,1.0817521692473735
332.255,1.073557008382558
310.82,1.065576895547343
289.38,1.057852746594503
267.945,1.0504320563748413
246.51,1.0433576099349633
225.075,1.0366742296484444
203.64,1.0304263542517444
182.205,1.0246574034514102
160.77,1.0194091083804608
139.33,1.0147197987818888
117.895,1.0106279609804807
96.46,1.0071649981997446
75.025,1.0043591232728957
53.59,1.0022336395113558
32.155,1.0008064658936062
10.72,1.0000897638819974
508.47,1.1438674071173582
502.555,1.1414812985407579
495.985,1.138826641755559
489.415,1.1361680941719836
482.845,1.1335063578173614
476.275,1.1308421574573257
469.705,1.1281762407126406
463.14,1.125511407882377
456.575,1.1228464224098162
450.005,1.1201800702660882
443.435,1.1175152207469956
436.865,1.1148527363760548
430.295,1.112193502554567
423.725,1.1095384274361955
417.155,1.106888441760042
410.585,1.1042444986405502
404.015,1.1016075733125956
397.445,1.0989786628301743
390.875,1.0963587857171477
384.305,1.0937489815685681
377.73500000000007,1.0911503106011815
371.165,1.0885638531517856
364.595,1.0859907091222165
358.03000000000003,1.0834339388644907
351.46500000000003,1.0808927134699968
344.895,1.0783662689433113
338.325,1.075857718270645
331.755,1.0733682488900653
325.185,1.0708990633007445
318.615,1.0684513781100646
312.045,1.0660264230221417
305.475,1.0636254397678626
298.905,1.0612496809767165
292.33500000000004,1.0589004089909144
285.765,1.0565788946225052
279.195,1.054286415854416
272.625,1.0520242564865872
266.05500000000006,1.04979370472859
259.49,1.0475977113947106
252.925,1.0454358564275097
246.355,1.0433078236759021
239.785,1.0412165635846133
233.215,1.0391633635629804
226.645,1.03714950597388
220.075,1.03517626641174
213.505,1.0332449119471543
206.935,1.0313566993417245
200.365,1.0295128732369925
193.795,1.0277146643215405
187.225,1.0259632874805615
180.655,1.0242599399323962
174.08499999999998,1.0226057993567248
167.515,1.0210020220192744
160.945,1.0194497408980583
154.38000000000002,1.0179511848458898
147.815,1.0165062311585857
141.245,1.0151148916507136
134.67499999999998,1.0137793087339464
128.105,1.0125004713125447
121.535,1.0112793340910329
114.965,1.0101168158604992
108.395,1.0090137978296965
101.825,1.0079711220063838
95.255,1.006989589634273
88.685,1.0060699596908391
82.115,1.0052129474511071
75.545,1.0044192231223852
68.97500000000001,1.0036894105547025
62.405,1.0030240860315136
55.835,1.0024237771449807
49.27,1.0018893437591645
42.705,1.0014207304721094
36.135,1.0010180309852006
29.565,1.0006819508228653
22.995,1.0004127605579523
16.424999999999997,1.0002106773060073
9.855,1.000075864288254
3.285,1.0000084305023822
863.675,1.2691088585346297
850.87,1.2653924126210763
835.81,1.2609404047646995
820.7500000000001,1.2564003083248911
805.69,1.2517718017017796
790.63,1.2470547283580182
775.575,1.2422507238373677
760.5200000000001,1.2373584616378068
745.46,1.2323767164934643
730.4,1.2273077806180188
715.34,1.2221525953026766
700.28,1.2169123827787787
685.2199999999999,1.2115886687861672
670.1600000000001,1.2061833059242513
655.1,1.2006984976869746
640.04,1.1951368230587276
624.9800000000001,1.1895012615216374
609.9200000000001,1.183795218295639
594.8599999999999,1.1780225496013899
579.8,1.1721875877026253
564.74,1.1662951654492488
549.68,1.1603506400057044
534.62,1.1543599154115194
519.5600000000001,1.148329463582987
504.5,1.1422663433276106
489.44,1.1361782169071126
474.38,1.130073363651685
459.32,1.1239606900989934
444.26,1.1178497361077355
429.2000000000001,1.111750676378853
414.14,1.105674316809522
399.08,1.099632085107553
384.02,1.0936360151085947
368.96,1.087698724267288
353.9,1.081833383837842
338.84000000000003,1.0760536813207944
323.78,1.070373774832007
308.72,1.0648082391478995
293.66,1.0593720032976004
278.6,1.0540802797076037
263.545,1.0489501605830827
248.49,1.0439953825622246
233.43,1.039229937823361
218.37,1.0346709796037858
203.31,1.0303337996457747
188.25,1.0262333916812691
173.19,1.022384335796316
158.13,1.0188006806388132
143.07,1.0154958250336563
128.01000000000002,1.012482400688935
112.95,1.00977215776324
97.89,1.0073758551120195
82.83,1.0053031570359525
67.77,1.0035625383134046
52.71,1.0021611992108184
37.650000000000006,1.0011049920295871
22.59,1.0003983605677742
7.53,1.0000442936539218
799.8499999999999,1.2499531206054688
779.6050000000001,1.2435453481711631
759.355,1.2369762162507243
739.1049999999999,1.2302483184577886
718.855,1.2233634706213454
698.6049999999999,1.216324365952727
678.355,1.2091346726946661
658.1049999999999,1.2017991364882554
637.855,1.1943236866792168
617.6049999999999,1.1867155455237792
597.3550000000001,1.17898333895844
577.105,1.1711372072682669
556.8550000000001,1.1631889136286084
536.605,1.1551519481110037
516.3549999999999,1.147041624344649
496.105,1.1388751656224607
475.86,1.130673805232957
455.615,1.1224567573236408
435.365,1.1142452866247448
415.115,1.1060667993890423
394.865,1.097948718392263
374.615,1.0899204487604433
354.365,1.0820132753211391
334.115,1.0742602160858392
313.865,1.0666958288013126
293.615,1.0593559684798193
273.36499999999995,1.0522774950573606
253.115,1.0454979318249298
232.865,1.0390550770005218
212.615,1.0329865727087966
192.365,1.0273294376382203
172.115,1.022119571658991
151.87,1.0173923479599893
131.625,1.013178516653514
111.375,1.0095066731641067
91.125,1.0064042244278766
70.875,1.0038938639059265
50.625,1.0019942722046298
30.375,1.0007197753414516
10.125,1.0000800775051633
215.36,1.0337859016558284
208.52,1.031808211535717
201.685,1.0298796997936006
194.85,1.0280002929643182
188.01,1.0261700431898715
181.175,1.0243929779971028
174.34,1.022669069122566
167.49999999999997,1.0209984189205625
160.665,1.019384746793814
153.82999999999998,1.017828058103001
146.99,1.0163284931948282
140.155,1.0148894260971633
133.32,1.0135108839740996
126.47999999999998,1.0121930327096718
119.645,1.0109388655642964
112.81,1.0097484198778306
105.97,1.008621874830882
99.135,1.007561810227283
92.3,1.0065682626032604
85.46000000000001,1.005641412874642
78.61999999999999,1.0047827956883228
71.785,1.003993692609573
64.95,1.0032741239840437
58.11,1.0026242570811021
51.275,1.0020456010474494
44.44,1.001538154808048
37.6,1.0011020655372282
30.765,1.000738349649166
23.93,1.0004469788903407
17.09,1.0002280741200391
10.255,1.0000821466774104
3.42,1.0000091376455038
392.8,1.0971254092198657
387.6,1.0950565311206142
382.4,1.092994292151953
377.195,1.090937249546827
371.99,1.0888879285382274
366.79,1.0868488323688446
361.59,1.0848185412606686
356.38499999999993,1.0827956765943463
351.18,1.0807827634825489
345.98,1.0787822956413433
340.77500000000003,1.076791007581929
335.57000000000005,1.074811416349984
330.37,1.0728460001123716
325.17,1.0708934500250817
319.965,1.0689525122094647
314.76,1.0670256812503984
309.56,1.065115402357589
304.36,1.0632204360876614
299.155,1.0613396060201918
293.95,1.059475369718986
288.75,1.0576301243517272
283.54999999999995,1.0558027035381332
278.345,1.0539920120041129
273.14,1.0522004545289652
267.94,1.050430364049201
262.735,1.048678977869512
257.53,1.046948650179863
252.33,1.0452416545338785
247.13,1.0435569593057448
241.925,1.0418936179293226
236.72,1.0402539017708876
231.52,1.0386399896743939
226.32,1.0370509297957087
221.115,1.0354858630609678
215.91,1.033946959806405
210.71,1.0324362859207816
205.505,1.030951557639485
200.3,1.0294948572979221
195.1,1.0280681539195689
189.9,1.0266706378014052
184.695,1.0253016047238108
179.48999999999998,1.0239630033084923
174.29,1.022656657309406
169.09000000000003,1.021381838667339
163.885,1.0201379314749992
158.67999999999998,1.0189267320818711
153.48000000000002,1.0177499008982074
148.28,1.0166067912071424
143.07500000000002,1.015496874576796
137.87,1.0144217770886828
132.67000000000002,1.0133829785057176
127.465,1.0123789656549622
122.26,1.0114112256528571
117.06,1.010481092090788
111.86,1.0095880588797086
106.655,1.0087317474401178
101.45,1.007913445711883
96.25,1.0071342794365736
91.05,1.0063938215839103
85.845,1.0056917769317821
80.63999999999999,1.0050292199070436
75.44000000000001,1.0044070553047728
70.23499999999999,1.0038243938265483
65.03,1.003282141560315
59.83,1.0027810303024338
54.63,1.00232076915764
49.425,1.0019012046742148
44.22,1.0015230095224787
39.02,1.0011866772066835
33.82,1.0008919936631675
28.615,1.000638884347426
23.41,1.0004277806471635
18.21,1.0002589315425607
13.010000000000002,1.0001321994904704
7.805000000000001,1.000047587677426
2.6,1.0000052811942173
999.225,1.3046935318782675
981.86,1.3005048548329325
964.48,1.2962071177386802
947.105,1.2918032796379688
929.73,1.2872903134440479
912.35,1.2826651735469783
894.97,1.2779275688557192
877.59,1.273076072870155
860.2149999999999,1.2681108751213792
842.84,1.2630295368480664
825.4599999999999,1.2578297082780128
808.08,1.2525122493938419
790.6999999999999,1.247076858576658
773.325,1.2415251666679423
755.95,1.2358559971587681
738.5699999999999,1.2300684311306078
721.19,1.2241652805462726
703.8100000000001,1.2181482201613105
686.43,1.212019447444786
669.055,1.2057835397548406
651.6800000000001,1.1994421333414635
634.3,1.1929974119969646
616.9200000000001,1.186455961550684
599.54,1.179823330227669
582.1650000000001,1.1731078340870609
564.79,1.1663148179226037
547.41,1.159450460267022
530.03,1.1525258442728623
512.6500000000001,1.1455511214708518
495.275,1.1385395157789648
477.9,1.1315013002073577
460.52,1.1244478225821812
443.14,1.1173956151181605
425.7600000000001,1.1103603135333926
408.385,1.1033606794609603
391.01,1.096412521039657
373.63,1.0895327658258933
356.24999999999994,1.0827433402944022
338.87,1.076065100245503
321.49499999999995,1.069521610793043
304.12,1.063133356017925
286.74,1.0569216078387267
269.36000000000007,1.050911739435686
251.98,1.0451275544527079
234.6,1.0395929621949997
217.225,1.0343332463958363
199.85,1.0293702541241423
182.47,1.0247256299394143
165.09,1.0204230167049757
147.71,1.016483561985867
130.335,1.0129281148163218
112.96,1.0097738543650285
95.58,1.0070366941014077
78.19999999999999,1.004732313696857
60.82,1.0028732932503757
43.445,1.0014702483838853
26.07,1.0005304093125247
8.69,1.0000589899926653
805.6399999999999,1.2517562873408115
792.5400000000001,1.2476578810238825
779.4399999999999,1.243492466725163
766.34,1.239260166085362
753.2399999999999,1.2349612230577995
740.14,1.2305960136294156
727.04,1.2261650559622235
713.94,1.2216690209425898
700.8399999999999,1.2171087431204966
687.74,1.212485232015086
674.6399999999999,1.207799683756273
661.54,1.203053493025023
648.4399999999999,1.1982482652470048
635.34,1.1933858289857338
622.2399999999999,1.1884682484720426
609.14,1.1834978361967572
596.0399999999998,1.1784771654828563
582.94,1.173409082942221
569.8399999999999,1.1682967207103965
556.74,1.1631435083407136
543.6399999999999,1.157953184226769
530.54,1.152729806409816
517.4399999999999,1.147477762615248
504.34,1.1422017793503196
491.24,1.1369069298837744
478.14,1.1315986409174679
465.04,1.126282697750698
451.94,1.1209652477301564
438.84,1.1156528017726
425.74,1.110352233743905
412.64,1.1050707774775719
399.54,1.099816021218423
386.44,1.0945958992836025
373.34,1.0894186807435184
360.24,1.0842929549403744
347.14,1.0792276136818388
334.04,1.0742318299723936
320.94,1.0693150331752135
307.84,1.0644868805331071
294.74,1.0597572250180247
281.64500000000004,1.055137821335138
268.55,1.0506369666582565
255.45,1.046263216869511
242.35,1.042028556387174
229.25,1.037943210152182
216.15,1.0340173335140133
203.05,1.0302609579099835
189.95,1.026683934592586
176.85,1.023295876890326
163.75,1.0201061015416122
150.65,1.0171235696893621
137.55,1.0143568281644326
124.45,1.0118139517172786
111.35,1.0095024868779556
98.25,1.0074293981335616
85.15,1.0056010171084875
72.05,1.0040229954158435
58.95,1.0027002618178222
45.85,1.0016369842887438
32.75,1.000836537517545
19.65,1.0003014763175166
6.550000000000001,1.0000335153314195
617.41,1.1866416638095918
608.245,1.1831563897166912
591.58,1.1767568681703648
574.9150000000001,1.1702823154962525
558.2499999999999,1.1637394705958883
541.585,1.1571358696545355
524.9200000000001,1.1504798826452651
508.25999999999993,1.1437827620591179
491.595,1.137050618713996
474.93,1.130296510070142
458.265,1.1235324280339651
441.6,1.1167713136466202
424.935,1.1100270594274717
408.27,1.1033145021566464
391.61,1.096651395905742
374.945,1.090050396565516
358.28,1.083531025082221
341.615,1.0771115921619974
324.95,1.0708111348665286
308.29,1.0646511563095684
291.625,1.058648169513756
274.96,1.052824681723638
258.295,1.0472016185008166
241.63,1.0418000473543638
224.965,1.036641017431514
208.3,1.0317453873152664
191.64,1.027134981950896
174.975,1.022826952520511
158.31,1.018841892925727
141.645,1.0151980164946786
124.98,1.011912388571482
108.32,1.0090015530870073
91.655,1.0064779694215231
74.99,1.0043550924796951
58.325,1.002643609013263
41.66,1.0013522358118192
24.995,1.0004876099658775
8.33,1.000054204201297
55.73,1.0024147136762815
54.720000000000006,1.0023283865040378
53.46,1.0022228639343826
52.205,1.0021201606362735
50.95,1.002019856094554
49.69,1.001921567990576
48.43,1.0018257036346985
47.17,1.0017322658485466
45.915,1.0016416137240913
44.66,1.0015533743291685
43.4,1.0014672131499986
42.13999999999999,1.001383489106668
40.88,1.0013022046701432
39.625,1.001223670278257
38.370000000000005,1.001147560852526
37.11000000000001,1.001073589927152
35.85,1.0010020677655644
34.595,1.0009332657296652
33.34,1.0008668971806005
32.08,1.0008027142274951
30.82,1.0007409880560887
29.56,1.0006817204953034
28.305,1.0006251338626753
27.05,1.000570989773992
25.79,1.0005190887368298
24.53,1.0004696528906873
23.27,1.000422683702775
22.015,1.0003783542800462
20.76,1.000336474667118
19.5,1.0002968939157633
18.24,1.0002597849533899
16.98,1.0002251488827876
15.725,1.0001931094706795
14.47,1.0001635253295615
13.21,1.0001362941657956
11.95,1.0001115395654239
10.69,1.0000892622647757
9.435,1.0000695365975094
8.18,1.0000522698476548
6.92,1.0000374084510062
5.66,1.0000250265597799
4.4,1.0000151245424826
3.145,1.0000077272438588
1.89,1.000002790687549
0.63,1.0000003100779327
999.255,1.304700678296749
974.575,1.2987163678093063
949.9,1.2925190150325225
925.225,1.2861021618411779
900.555,1.2794623345233969
875.885,1.2725939516069726
851.21,1.2654919093473527
826.535,1.2581547399331998
801.865,1.2505821331610214
777.19,1.242770297169279
752.5150000000001,1.23472136515344
727.8449999999999,1.2264392242769409
703.175,1.2179262489408538
678.5,1.209186679204962
653.825,1.2002305781310505
629.155,1.1910707914503185
604.4849999999999,1.1817193885370065
579.81,1.172191481807126
555.135,1.1625095109312003
530.4649999999999,1.152699814699009
505.79,1.1427867862462175
481.115,1.132805034463547
456.445,1.1227936543790962
431.775,1.11279220831683
407.1,1.1028448274653058
382.425,1.0930041900401466
357.755,1.0833271700612874
333.085,1.0738706070587254
308.41,1.0646949827586165
283.735,1.0558674046298877
259.065,1.0474567115288322
234.39,1.0395277125202886
209.715,1.0321503236293355
185.045,1.02539271485391
160.375,1.0193175322898096
135.7,1.013983964721068
111.025,1.009448144194951
86.355,1.0057588255918377
61.685,1.0029551176157152
37.01,1.0010678240758493
12.335,1.000118840672855
446.77,1.1188676850751833
437.77,1.1152193136480062
425.775,1.1103663734046814
413.785,1.1055314481988046
401.79,1.100716316973678
389.795,1.0959290569843367
377.805,1.0911779356797902
365.81,1.0864655103801493
353.815,1.081800509258372
341.82,1.0771898760265803
329.82500000000005,1.0726407438827557
317.835,1.0681622706935259
305.84,1.0637581775819882
293.845,1.0594379377648566
281.855,1.0552109929713172
269.86,1.0510815970929175
257.865,1.047059369583687
245.87,1.0431521731605327
233.875,1.0393678647143212
221.885,1.0357157569110946
209.89,1.0322005457178565
197.895,1.0288314173723476
185.905,1.0256171687825748
173.91,1.0225624228263093
161.915,1.019675637360181
149.92,1.016963638066032
137.92499999999998,1.0144329536320107
125.935,1.0120907154817929
113.94,1.009940792522856
101.945,1.0079896205002943
89.95500000000001,1.0062428661735445
77.96000000000001,1.0047035836560514
65.96499999999999,1.0033765592437525
53.970000000000006,1.002265284714463
41.975,1.0013727058456448
29.985,1.0007014366416527
17.99,1.0002527160327468
5.995,1.0000280765678553
473.155,1.12957631864141
462.485,1.1252455118647942
448.255,1.1194700729646672
434.025,1.1137027834542574
419.795,1.107952604010537
405.565,1.102228993973269
391.335,1.096541901238922
377.105,1.0909017474342007
362.875,1.0853194080296862
348.645,1.0798061870882605
334.415,1.0743737863877239
320.18,1.0690324103309263
305.94500000000005,1.063796376821148
291.715,1.0586801255353926
277.485,1.0536946639007618
263.255,1.0488530120201682
249.025,1.0441682780933825
234.795,1.0396535869238852
220.565,1.0353220036123407
206.335,1.031186453027615
192.105,1.0272596357664885
177.875,1.0235539414290995
163.64499999999998,1.0200813601450929
149.41500000000002,1.0168533933817145
135.185,1.0138809651459835
120.955,1.011174334755045
106.725,1.0087430123886731
92.495,1.0065956786529122
78.265,1.0047401093720079
64.03500000000001,1.0031831067857622
49.805,1.0019304382609202
35.575,1.0009867835287265
21.345,1.0003556913379943
7.115,1.0000395462664695
337.22,1.0754376502404426
323.46,1.07025427488902
309.695,1.0651648052101743
295.93,1.0601825360071764
282.165,1.0553190638732752
268.4,1.0505861367957376
254.635,1.045995599539861
240.87,1.041559334598067
227.11,1.0372907185386275
213.345,1.0331984104776715
199.58,1.0292955951356468
185.815,1.0255936406247672
172.05,1.0221036061386106
158.29,1.0188373118161693
144.525,1.01580259605105
130.76000000000002,1.01301036753933
116.995,1.0104696992939861
103.23,1.0081889860463715
89.465,1.0061758773056535
75.7,1.0044372149749348
61.940000000000005,1.0029794545828121
48.175,1.0018065976645516
34.41,1.0009233293494346
20.645,1.0003327596640605
6.88,1.0000369772651614
819.595,1.2560484664778917
806.05,1.2518834762771072
792.505,1.2476468413014734
778.955,1.2433369658797075
765.41,1.2389571679078304
751.865,1.234506147608665
738.315,1.2299826518838608
724.765,1.2253889041797295
711.2199999999999,1.2207274080130095
697.6750000000001,1.2159974397147002
684.125,1.2111983773974149
670.5799999999999,1.2063351410755943
657.0350000000001,1.2014075808694187
643.485,1.1964156973674214
629.9350000000001,1.1913634139913158
616.39,1.1862550182738947
602.845,1.1810913354355268
589.295,1.1758734138163853
575.75,1.1706084075016618
562.205,1.1652980361778218
548.655,1.159944300011809
535.11,1.1545554946132555
521.565,1.1491343675880845
508.015,1.1436840028505404
494.465,1.1382118951250566
480.92,1.1327259734386432
467.375,1.1272305261213384
453.8250000000001,1.1217302409123482
440.28,1.1162363117320806
426.735,1.1107542566668676
413.185,1.105290023601251
399.635,1.0998540133516848
386.09,1.0944569812950105
372.545,1.0891060598889606
358.99499999999995,1.0838088155176842
345.45,1.078579014595985
331.90500000000003,1.0734248644275426
318.355,1.0683549732732969
304.81,1.0633838026596267
291.265,1.0585203978053124
277.71500000000003,1.0537741358991284
264.165,1.0491580756022647
250.62,1.0446851567607542
237.075,1.0403649726010078
223.525,1.036207300104162
209.98,1.0322263863305872
196.435,1.028431671811749
182.885,1.0248326349646306
169.335,1.0214411862503852
155.79000000000002,1.0182685541654009
142.245,1.0153230907957325
128.695,1.012612969421255
115.15,1.0101487403117035
101.605,1.0079372610847828
88.05499999999999,1.0059850551437937
74.50999999999999,1.0042999962320138
60.965,1.0028869307295516
47.415,1.001750244132425
33.865,1.0008943647200812
20.32,1.0003223720184686
6.775,1.0000358572916062
151.49,1.0173084298195103
141.04500000000002,1.015073406720977
130.59500000000003,1.0129784056301856
120.145,1.0110284634628637
109.7,1.0092281141312718
99.255,1.0075798503126003
88.80499999999999,1.0060861972879105
78.355,1.0047509136709267
67.91,1.0035771671634177
57.465,1.0025666211699422
47.015,1.0017209392667938
36.565,1.00104235310501
26.12,1.0005324436530858
15.674999999999995,1.0001918838524346
5.225,1.0000213277035006
373.62,1.0895288314386966
361.75500000000005,1.0848828230717897
349.89000000000004,1.0802854912280264
338.03,1.075745520365659
326.17,1.071267913017273
314.31,1.0668597790442824
302.45,1.0625283687963503
290.59000000000003,1.0582810523218633
278.73,1.0541252965788364
266.87,1.050068640691585
255.01,1.0461186693240305
243.15,1.0422829842673114
231.29,1.0385691743671057
219.425,1.0349833011640623
207.56000000000003,1.0315344328949438
195.7,1.0282312953401975
183.84,1.0250796147035504
171.98000000000002,1.0220864180531817
160.11999999999998,1.0192585147171158
148.26,1.016602460405619
136.40000000000003,1.0141245216252244
124.54,1.0118306407173596
112.68,1.0097264018625258
100.82,1.007816998394021
88.96000000000001,1.0061072017630313
77.095,1.0046007411993185
65.22999999999999,1.0033022275427197
53.37,1.0022154189782297
41.510000000000005,1.0013425417858832
29.65,1.0006858723190815
17.79,1.0002471309952647
5.930000000000001,1.000027471068723
847.915,1.2645257873855207
830.785,1.2594353435516392
813.655,1.2542307749369206
796.525,1.2489117040018396
779.4,1.243479645382414
762.2750000000001,1.2379332974838029
745.145,1.232271582898688
728.0150000000001,1.226497091725233
710.885,1.220611246107223
693.755,1.2146159444135487
676.625,1.2085136045510818
659.4949999999999,1.2023072089109
642.3650000000001,1.1960003506829755
625.235,1.189597281203771
608.105,1.1831029579227568
590.975,1.1765230924879342
573.8449999999999,1.169864198357637
556.715,1.1631336372471426
539.585,1.1563396636154293
522.455,1.1494914662916953
505.3250000000001,1.1425992062355934
488.195,1.1356740493226933
471.065,1.128728192951332
453.935,1.1217748851832663
436.805,1.1148284350635662
419.675,1.1079042127207133
402.545,1.101018637832039
385.415,1.0941891550588647
368.285,1.0874341951163362
351.155,1.0807731202510364
334.02500000000003,1.0742261530602544
316.89500000000004,1.0678142878043924
299.765,1.0615591836408047
282.635,1.0554830395436
265.51000000000005,1.049610134150647
248.385,1.0439614780706277
231.255,1.0385584023904637
214.125,1.033425346654374
196.995,1.028584729023483
179.865,1.0240584145047298
162.735,1.019867493192816
145.605,1.0160320552479463
128.475,1.0125709666089302
111.345,1.0095016497249263
94.215,1.006839873756434
77.085,1.004599558730208
59.95499999999999,1.0027925980218682
42.825,1.0014287032787
25.695,1.0005152754853244
8.565,1.0000573053259776
529.7199999999999,1.152401846150106
520.345,1.1486446705978224
510.9699999999999,1.1448746751847465
501.595,1.1410936726503282
492.22,1.137303567630225
482.845,1.1335063578173614
473.47,1.1297041349148758
464.095,1.125899085360969
454.72,1.1220934908052627
445.34,1.1182877005671075
435.965,1.114488245520404
426.59,1.1106956636841718
417.215,1.1069126166702943
407.84,1.1031418592283218
398.465,1.099386237795218
389.09,1.0956486886536134
379.71,1.091930259750018
370.335,1.08823802549037
360.9599999999999,1.084573188499816
351.585,1.0809390176202318
342.21000000000004,1.0773388558585362
332.835,1.073776115859091
323.46,1.07025427488902
314.085,1.0667768693314779
304.71000000000004,1.0633474886848668
295.33,1.0599679820547858
285.95500000000004,1.0566456297295939
276.58000000000004,1.0533823241176703
267.20500000000004,1.0501817974160248
257.83,1.0470477976844723
248.455,1.0439840800330633
239.08,1.04099439740286
229.7,1.0380809593665843
220.325,1.0352505930481555
210.95,1.0325054118616181
201.575,1.029849060823316
192.2,1.027285131740611
182.825,1.0248171523084713
173.45,1.0224485750893335
164.075,1.0201827664327237
154.70000000000002,1.0180229953940019
145.32,1.0159713587571426
135.945,1.0140330866171179
126.57,1.0122099674988108
117.195,1.0105047725757714
107.82,1.008920122525338
98.445,1.007458477791242
89.07,1.0061221293001315
79.69,1.0049125792726377
70.31499999999998,1.0038330441850172
60.94,1.0028845771766346
51.565,1.002068709405048
42.19,1.00138676502136
32.815,1.0008398558365463
23.44,1.0004288768135443
14.065,1.0001545024190293
4.69,1.0000171838625345
416.745,1.1067232600619217
409.855,1.1039511423310857
402.965,1.1011868635196838
396.07499999999993,1.0984315769552209
389.19,1.0956884499829658
382.305,1.0929566816883536
375.415,1.0902355289201724
368.525,1.0875282332996963
361.6350000000001,1.0848360717294079
354.745,1.0821603437227958
347.86,1.079504292632794
340.975,1.0768673097064299
334.085,1.0742488613299683
327.195,1.071652250048498
320.30499999999995,1.0690788737746186
313.415,1.0665301466424053
306.53000000000003,1.064009318527478
299.64500000000004,1.0615159700843533
292.755,1.0590497737739641
285.865,1.0566140153380927
278.975,1.05421016842235
272.08500000000004,1.0518397137325137
265.2,1.0495058191459576
258.31499999999994,1.047208238321236
251.425,1.0449468319211326
244.535,1.0427247722777038
237.645,1.0405435472804172
230.755,1.038404640192461
223.87,1.0363110316655864
216.985,1.0342626183135462
210.095,1.0322594168551764
203.205,1.0303043742902493
196.31500000000003,1.028398917620265
189.425,1.0265444557015384
182.54,1.024743665312622
175.655,1.022996544549591
168.765,1.0213032222205163
161.875,1.0196662994193426
154.985,1.0180870587903375
148.095,1.0165667506254041
141.21,1.0151076280572104
134.325,1.0137097423624812
127.435,1.0123732835266672
120.545,1.0111003870488715
113.655,1.0098921072230858
106.765,1.008749452588433
99.88,1.0076741404136342
92.995,1.0066662265908435
86.105,1.005725911249706
79.215,1.0048547569281367
72.325,1.0040535144700897
65.43499999999999,1.0033228779929029
58.55,1.002663935944576
51.665,1.002076707523108
44.775,1.0015613595280348
37.885000000000005,1.0011187981741196
30.995,1.0007494141528106
24.105,1.0004535343529677
17.22,1.0002315555268908
10.335,1.0000834331262847
3.4450000000000003,1.0000092717225983
1037.35,1.313530139179691
1016.4,1.308734721849122
995.425,1.303785821433848
974.47,1.2986904538353732
953.51,1.2934392857387773
932.555,1.2880315776918698
911.6,1.2824630641317378
890.645,1.2767309741317616
869.69,1.2708328507857949
848.73,1.2647651430121571
827.7750000000001,1.2585291012622322
806.82,1.252122165874182
785.86,1.2455422055054717
764.905,1.238792495947017
743.95,1.2318723959533504
722.99,1.2247819744539548
702.035,1.217527375477839
681.0799999999999,1.210110783207916
660.125,1.202537268499956
639.1700000000001,1.194813242980659
618.2099999999999,1.1869446949486635
597.255,1.178944863538977
576.3000000000001,1.1708231044613355
555.3399999999999,1.1625905195985753
534.385,1.1542661022686727
513.4300000000001,1.1458650626086904
492.475,1.1374067617425276
471.52,1.128912843175094
450.56,1.1204052638432431
429.605,1.1119144476772025
408.65,1.1034670965934232
387.69,1.0950922836823682
366.735,1.0868273110826807
345.78,1.0787055722493268
324.82,1.0707625054423222
303.865,1.063040870704965
282.91,1.0555790531403433
261.955,1.0484183209318931
241.0,1.0416004732975113
220.04,1.035165865520775
199.085,1.0291589211250796
178.13000000000002,1.023618330933139
157.17,1.0185815551209445
136.21499999999995,1.0140873120494358
115.26,1.010167744776337
94.305,1.0068527685536444
73.35,1.0041682579605233
52.39,1.0021351494989608
31.43500000000001,1.000770809265958
10.48,1.0000857902775304
292.385,1.0589181845710434
288.975,1.0577096023200225
284.42,1.0561071764818062
279.865,1.0545188331607478
275.315,1.0529467197759448
270.76500000000004,1.0513895125970243
266.215,1.0498476400272758
261.665,1.0483215310525131
257.115,1.0468116149996016
252.56500000000003,1.045318321289699
248.015,1.0438420791863858
243.465,1.0423833175388801
238.915,1.0409424645205412
234.365,1.039519947362882
229.815,1.0381161920853224
225.265,1.036731623220927
220.71,1.0353651745233794
216.155,1.0340188002381605
211.605,1.0326943641574653
207.055,1.0313907930584725
202.505,1.0301084998001637
197.955,1.0288478940400156
193.405,1.027609381939571
188.855,1.0263933658684024
184.305,1.025200244106825
179.755,1.024030410547717
175.205,1.0228842543978172
170.655,1.0217621598788822
166.105,1.0206645059290862
161.555,1.0195916659050597
157.0,1.018542869996043
152.445,1.0175196733570524
147.895,1.01652351229346
143.345,1.0155535976097425
138.79500000000002,1.0146102703202369
134.245,1.0136938641055155
129.695,1.0128047050303717
125.145,1.0119431112657582
120.595,1.0111093928151027
116.045,1.0103038512454208
111.495,1.0095267794236427
106.945,1.00877846125857
102.395,1.0080591714488725
97.845,1.0073691752375282
93.29,1.0067080187517812
88.735,1.006076722817716
84.185,1.0054761670177037
79.63499999999999,1.0049058670506676
75.085,1.0043660374272654
70.535,1.0038568818857354
65.985,1.0033785932021342
61.435,1.0029313530099382
56.885,1.002515331629326
52.335,1.0021306879064342
47.785,1.0017775690628694
43.235,1.0014561105557414
38.685,1.0011664359484593
34.135,1.0009086567925285
29.58,1.000682642038011
25.025,1.0004887800214157
20.475,1.0003273056212443
15.925000000000002,1.0001980509151154
11.375,1.0001010659929812
6.825,1.0000363884648478
2.275,1.0000040434243325
276.25500000000005,1.0532703004863362
269.23,1.050867607015841
261.43,1.0482431461194688
253.625,1.0456647017478442
245.82,1.0431361381307236
238.015,1.0406596192512534
230.21000000000004,1.0382373021220235
222.41,1.0358728299653124
214.605,1.0335653012377706
206.8,1.0313183616108494
198.995,1.0291340992562241
191.19000000000003,1.0270145744772703
183.39,1.0249631085570747
175.58499999999998,1.02297906174926
167.77999999999997,1.021065721013487
159.98000000000002,1.0192261466941832
152.175,1.0174598342260215
144.37,1.0157697868174778
136.565,1.0141577463348854
128.76,1.0126253917087602
120.96,1.0111752379677152
113.155,1.0098069657702444
105.35,1.0085229964528146
97.55,1.007325456542543
89.74499999999999,1.006214114081567
81.94,1.0051909823364815
74.135,1.0042571900059125
66.33,1.00341377340208
58.53,1.0026621260044113
50.725,1.0020021270131105
42.92,1.0014350307686504
35.12,1.0009617515028861
27.315,1.000582219083548
19.51,1.000297198319378
11.705,1.0001070138294588
3.9,1.0000118825301043
294.63,1.0597179556470955
287.17,1.057072955264715
279.71000000000004,1.0544650370148965
272.25,1.051896079099444
264.795,1.0493696475764014
257.34000000000003,1.046885894040142
249.88,1.0444450864984778
242.42,1.0420507966289427
234.96,1.039704911631214
227.5,1.0374093114446021
220.04,1.035165865520775
212.58,1.0329764295229695
205.12000000000003,1.0308428419603954
197.66,1.0287669207671863
190.205,1.0267517910423514
182.75000000000003,1.0247978047143584
175.29,1.0229054467411858
167.82999999999998,1.0210777490809677
160.37,1.0193163743192142
152.91,1.0176229433774862
145.45000000000002,1.015999032013189
137.99,1.014446167357532
130.52999999999997,1.0129658245049218
123.07,1.0115594231671807
115.615,1.010229191051307
108.16,1.008975457257767
100.7,1.0077986913259318
93.24,1.0067009265175262
85.78,1.005683258746488
78.32000000000001,1.0047467105796533
70.86,1.0038922287129333
63.4,1.00312068161408
55.940000000000005,1.0024328573428374
48.48,1.0018294615585508
41.025,1.0013114345340435
33.57,1.000878878129335
26.110000000000003,1.000532036474464
18.65,1.000271588727078
11.189999999999998,1.000097805942377
3.73,1.0000108692168401
399.46,1.0997840292545187
388.205,1.0952969058975306
376.955,1.0908425823839343
365.705,1.0864244588698322
354.45000000000005,1.0820461675003339
343.19500000000005,1.0777154131617053
331.945,1.073439963687936
320.695,1.069223891821858
309.44000000000005,1.0650714973746325
298.18500000000006,1.0609909113660172
286.935,1.0569902268467777
275.685,1.0530740109348158
264.435,1.0492487119122278
253.17999999999995,1.045519174951917
241.925,1.0418936179293226
230.675,1.0383800596291968
219.425,1.0349833011640623
208.17,1.0317082871680083
196.915,1.02856284312045
185.665,1.0255544471652038
174.415,1.0226876923067352
163.16,1.019967251397838
151.905,1.0174000863664803
140.655,1.0149926598339305
129.405,1.012748964475342
118.15,1.010673003568505
106.895,1.0087703987367638
95.645,1.0070461331651523
84.395,1.005503220679718
73.14000000000001,1.0041446223595785
61.885,1.0029741971428132
50.635,1.001995056999103
39.385000000000005,1.0012089278904386
28.13,1.0006174373027756
16.875,1.0002223741999563
5.625,1.0000247180162603
909.17,1.28180678948948
893.8900000000001,1.2776294275897089
878.61,1.273363967401959
863.3299999999999,1.2690095551622185
848.05,1.264565453002987
832.77,1.2600310531035832
817.49,1.2554058928563612
802.2099999999999,1.2506896710778486
786.9300000000001,1.2458822652877484
771.65,1.240983750071222
756.37,1.2359944165307348
741.09,1.2309147928227964
725.8100000000001,1.225745665762
710.53,1.220488103459687
695.25,1.215143478947128
679.9699999999999,1.2097134947132095
664.69,1.2042002080640761
649.4100000000001,1.198606057186912
634.13,1.192933887771995
618.85,1.187186980016324
603.5699999999999,1.1813690757985449
588.29,1.1754844057787972
573.01,1.1695377161386464
557.73,1.1635342946359224
542.4499999999999,1.1574799956075021
527.1700000000001,1.1513812635105634
511.88999999999993,1.145245154550429
496.61,1.1390793559018442
481.33,1.1328922019915912
466.045,1.1266906576513138
450.76,1.1204864172079232
435.48,1.1142918515360198
420.2000000000001,1.1081159385077084
404.92,1.1019703494618138
389.64,1.0958674055587239
374.36,1.0898200565403928
359.0799999999999,1.0838418517136588
343.8,1.0779469026604698
328.52000000000004,1.0721498372600242
313.23999999999995,1.0664657447102626
297.96,1.0609101113599797
282.68000000000006,1.055498747307681
267.4,1.0502477038880356
252.12,1.0451731823492656
236.84,1.0402914342220217
221.56,1.0356186540881425
206.28000000000003,1.0311708656711256
191.0,1.0269638023832155
175.72,1.0230127836699916
160.44,1.019332588684982
145.16000000000005,1.0159373289965417
129.88,1.01284032216951
114.6,1.0100539681678389
99.32,1.007589630585099
84.04,1.0054575247222834
68.76,1.0036666144929285
53.48,1.0022245200423312
38.2,1.001137437820679
22.92,1.0004100746514994
7.64,1.0000455970914313
268.665,1.0506759476605803
262.035,1.0484450331495743
255.4,1.046246783102389
248.765,1.0440842240319987
242.135,1.0419602737379652
235.5,1.0398730552896445
228.865,1.0378255074067726
222.23,1.0358189465073329
215.595,1.0338546807636317
208.965,1.0319354388799014
202.33,1.0300596113259122
195.695,1.028229934225234
189.065,1.0264489887824984
182.43,1.0247153265033364
175.795,1.0230315272075354
169.15999999999997,1.0213987878529318
162.52499999999998,1.019818281681144
155.895,1.0182922866834543
149.26,1.0168196204457582
142.625,1.0154025444347827
135.99499999999998,1.0140431211591168
129.36,1.0127403251205098
122.725,1.011496193361279
116.09,1.010311679223411
109.455,1.0091876972679446
102.825,1.0081258989689694
96.19,1.0071255142418076
89.55499999999999,1.0061881553129626
82.925,1.005315199295139
76.28999999999999,1.0045060253794575
69.655,1.0037619642853266
63.02,1.0030836149380744
56.385000000000005,1.0024715257332328
49.755,1.0019265791409278
43.120000000000005,1.0014483971022545
36.48500000000001,1.0010378064547114
29.855,1.0006953761080541
23.22,1.0004208707496738
16.585,1.0002148000455025
9.95,1.00007733374026
3.315,1.0000085851846179
693.635,1.214573565118717
673.53,1.2073998560584132
653.425,1.2000836665231482
633.32,1.1926310864906016
613.215,1.185049487003746
593.11,1.1773476271671262
573.005,1.1695357606436998
552.9,1.1616257396478016
532.7950000000001,1.153631114063157
512.6899999999999,1.145567222936036
492.585,1.1374512752149193
472.475,1.1293003872874792
452.37,1.1211397471092823
432.265,1.1129904731522566
412.16,1.1048777181884206
392.05500000000006,1.0968286150936801
371.95,1.0888722109833553
351.845,1.0810393623815981
331.73999999999995,1.0733625879175648
311.635,1.0658758757454407
291.53000000000003,1.05861444383647
271.425,1.0516144524922284
251.32,1.0449126698676887
231.215,1.0385460929404668
211.105,1.0325500866435013
191.0,1.0269638023832155
170.895,1.0218207399945602
150.79000000000002,1.0171543181442866
130.685,1.012995834916016
110.58,1.0093739747391783
90.475,1.00631433654074
70.37,1.003838996843549
50.265,1.0019661212018947
30.16,1.0007096364008798
10.055,1.0000789742624425
993.1,1.3032279967501381
979.985,1.3000463143005687
964.555,1.2962258931475106
949.12,1.2923195585929992
933.685,1.2883272645674986
918.255,1.2842491416245192
902.82,1.2800814176582764
887.385,1.275824357657335
871.955,1.2714784416923217
856.525,1.2670414758050634
841.09,1.2625112749061729
825.655,1.2578887009243926
810.225,1.2531748941027856
794.795,1.2483681462015943
779.36,1.2434668234159625
763.925,1.238472652061474
748.495,1.2333877144689445
733.0600000000001,1.2282093926642206
717.625,1.2229402784377148
702.195,1.2175833866752659
686.7650000000001,1.2121386192743884
671.3299999999999,1.206606121365538
655.895,1.2009899804138955
640.465,1.1952948041324898
625.03,1.1895200905043426
609.595,1.1836713307878197
594.1650000000001,1.177754609335891
578.735,1.1717727207373083
563.3,1.1657289283690415
547.865,1.159630975942276
532.435,1.1534872825787847
516.9999999999999,1.1473009151439066
501.56500000000005,1.1410815577910995
486.135,1.1348396055243475
470.705,1.1285820922887975
455.27,1.1223167253784543
439.835,1.1160559762243567
424.405,1.1098130096762748
408.97,1.103595616140085
393.535,1.0974183425766764
378.105,1.0912963445441826
362.675,1.0852414148802512
347.24,1.0792660287878257
331.805,1.0733871195618852
316.37499999999994,1.06762198913266
300.94,1.0619827791021956
285.505,1.0564876122535403
270.07499999999993,1.0511546931683007
254.645,1.0459988799158895
239.21,1.041035331188986
223.775,1.0362824565724151
208.345,1.031758233699969
192.91,1.0274759923505516
177.475,1.0234530891469855
162.045,1.0197059990921173
146.615,1.0162479890902738
131.17999999999998,1.0130918882319155
115.745,1.0102517359065906
100.315,1.0077400941823933
84.88000000000001,1.0055659479550212
69.44500000000001,1.003739484289928
54.015,1.0022690467123758
38.585,1.001160427290263
23.15,1.0004183391447494
7.715,1.0000464966327554
376.575,1.0906927264112503
370.91,1.0884637267596704
365.25,1.0862466110809461
359.58500000000004,1.0840381785950999
353.92,1.0818411194293878
348.26,1.0796580933572009
342.6,1.0774879004417839
336.935,1.0753293951516516
331.27,1.0731852644156148
325.61,1.0710581526259786
319.94500000000005,1.0689450810490222
314.28000000000003,1.066848722819565
308.62,1.0647716988375249
302.96,1.062712949501243
297.295,1.0606714854776085
291.63,1.0586499447109958
285.97,1.0566508993239732
280.31,1.0546733734663907
274.64500000000004,1.052716470581363
268.98,1.0507827725020307
263.32,1.048874781035379
257.655,1.0469899528859856
251.99,1.045130813051219
246.33,1.0432997955504895
240.67,1.04149607323002
235.005,1.0397189135489378
229.34,1.0379707449532563
223.68,1.0362538900878684
218.015,1.0345661301165219
212.35,1.0329098048942724
206.69000000000003,1.031287137323933
201.03,1.0296974464647581
195.365,1.028140160188377
189.7,1.0266174781791737
184.04,1.0251314684807638
178.38000000000002,1.0236815305157467
172.715,1.0222671799107954
167.05,1.020890450849235
161.39,1.0195532316612954
155.725,1.0182538694486674
150.06,1.016994257874987
144.4,1.015776134590992
138.74,1.0145990314749576
133.075,1.0134626079465283
127.41,1.0123685493403256
121.75,1.0113183723580292
116.09,1.010311679223411
110.425,1.0093482051323426
104.76,1.0084294046410818
99.1,1.0075565523978833
93.435,1.0067286065772416
87.77,1.0059468352671797
82.11,1.005212319253177
76.45,1.0045247745954493
70.785,1.0038840577781
65.11999999999999,1.003291172820538
59.46,1.0027469282161967
53.795,1.0022506839899123
48.13,1.0018032363415699
42.47,1.001405181130516
36.81,1.001056338650586
31.145,1.0007566742658123
25.48,1.0005066972449141
19.82,1.0003067120524505
14.16,1.000156595940058
8.495,1.0000563725693314
2.83,1.0000062568748271
589.835,1.1760823216746168
571.11,1.1687941920489764
552.3849999999999,1.1614219474049086
533.66,1.1539766179864004
514.935,1.1464705821195114
496.21,1.1389176229374216
477.485,1.1313329759178925
458.76,1.1237333649251817
440.035,1.1161370242920874
421.31,1.1085637043649483
402.585,1.1010346578796102
383.86,1.093572604554945
365.135,1.0862016713980513
346.41,1.0789473064265838
327.685,1.071836163841726
308.96000000000004,1.0648959591400409
290.235,1.058155293239063
271.51000000000005,1.051643445409445
252.785,1.045390135647695
234.06,1.039425258071643
215.335,1.0337785879501675
196.61,1.028479466054556
177.88500000000002,1.0235564650976454
159.16,1.0190370440578493
140.43499999999997,1.0149471971126567
121.71,1.01131110467274
102.985,1.0081507945580546
84.26,1.0054858216421285
65.535,1.003332974271658
46.81,1.0017060154215345
28.085,1.000615465864372
9.36,1.0000684356318463
490.03,1.1364170999482854
476.225,1.1308218744162573
462.42,1.1252191251836619
448.62,1.119618148533741
434.815,1.1140225995929707
421.01,1.10844267107483
407.21,1.1028889748156345
393.405,1.0973665224034261
379.6,1.0918867910282841
365.795,1.0864596456561622
351.99,1.081095335216271
338.19,1.0758063686862553
324.385,1.0705998453620211
310.58,1.0654889231799358
296.78000000000003,1.060486873544642
282.975,1.0556017548422207
269.17,1.0508472424679602
255.37,1.0462369238149587
241.565,1.041779440323508
227.76,1.0374884525898236
213.955,1.0333758344514776
200.15,1.0294532991019922
186.35,1.0257336355067133
172.54500000000002,1.0222253146864748
158.73999999999998,1.018940505621875
144.94000000000003,1.0158905914891052
131.135,1.0130831426747833
117.32999999999998,1.0105284780597088
103.53,1.0082358666182418
89.725,1.0062113791174676
75.92,1.0044628128627302
62.115,1.0029962131306276
48.31,1.0018167002080276
34.51,1.0009286937989286
20.705,1.0003346953587429
6.9,1.0000371925457232
988.315,1.3020740829078559
970.505,1.2977090492970165
952.695,1.2932319336437035
934.89,1.2886420619323882
917.085,1.2839363272514044
899.2750000000001,1.2791116253624484
881.4649999999999,1.2741676829279576
863.66,1.2691045419474705
845.855,1.263919644681641
828.045,1.2586105360593267
810.235,1.2531779791482789
792.43,1.2476231831425586
774.6249999999999,1.2419446179129068
756.815,1.2361410007043916
739.0049999999999,1.2302147029856898
721.2,1.224168710001877
703.395,1.21800316923817
685.585,1.2117186699984295
667.775,1.2053199285678702
649.9699999999999,1.1988124743130042
632.1650000000001,1.192198951887274
614.355,1.1854826865736536
596.5450000000001,1.1786716081926127
578.74,1.1717746691386197
560.935,1.1647979411053841
543.1250000000001,1.1577484342366875
525.32,1.1506401863992517
507.51499999999993,1.1434824313910115
489.705,1.1362855150490327
471.895,1.1290650232441284
454.09,1.1218377934924166
436.285,1.1146178351398843
418.475,1.1074204048647143
400.665,1.1002660440461451
382.86,1.0931764397559152
365.055,1.0861704116005158
347.245,1.0792679496494155
329.435,1.072493950413577
311.62999999999994,1.0658740403804559
293.825,1.059430808664002
276.015,1.0531876238620217
258.20500000000004,1.0471718332572588
240.4,1.0414107260821044
222.595,1.0359282425964838
204.785,1.030748370162364
186.975,1.0258975855761363
169.17,1.0214012096398073
151.365,1.0172808647550846
133.555,1.0135572639616066
115.745,1.0102517359065906
97.94,1.007383280584479
80.13499999999999,1.0049670509493733
62.325,1.003016384300556
44.515,1.001543334941847
26.71,1.0005567419638524
8.905,1.0000619446880417
197.09,1.0286107274385845
191.69,1.027148374242848
186.29,1.0257179192257246
180.89,1.0243200247623059
175.48999999999998,1.0229553441892167
170.09000000000003,1.021624521101055
164.69,1.0203281886472475
159.29,1.019066968830618
153.89,1.0178414718090012
148.49,1.0166522952012496
143.09,1.0155000233990021
137.68999999999997,1.014385226885598
132.29000000000002,1.0133084615635284
126.89,1.0122702680918239
121.49,1.0112711712347786
116.09,1.010311679223411
110.69,1.0093922831310453
105.29,1.0085134562644014
99.89,1.0076756535715434
94.49,1.0068793110680385
89.09500000000001,1.006125524368866
83.7,1.005413932294784
78.30000000000001,1.004744309624324
72.89999999999999,1.004117690475872
67.5,1.0035344083623423
62.1,1.0029947748753483
56.7,1.0024990792734914
51.3,1.0020475880982465
45.9,1.0016405448183925
40.5,1.0012781695038615
35.1,1.0009606585298199
29.7,1.0006881843117195
24.3,1.0004608950719827
18.9,1.000278914638909
13.5,1.0001423422783122
8.1,1.0000512525583118
2.7,1.0000056952476275
977.315,1.2993912287642235
954.32,1.293645129242346
931.325,1.2877091922378756
908.33,1.2815794166829446
885.335,1.2752521839061823
862.34,1.2687243437476572
839.3399999999999,1.2619918253658788
816.345,1.2550556436734894
793.35,1.247913238093865
770.355,1.2405644140888858
747.36,1.2330100462339026
724.3649999999999,1.2252522353079482
701.37,1.217294477700677
678.3699999999999,1.209140053025526
655.375,1.20079934930871
632.38,1.1922794247405868
609.3850000000001,1.1835912639057433
586.39,1.1747482352454428
563.395,1.1657662988791284
540.4,1.1566642078101683
517.4000000000001,1.1474616866869503
494.405,1.1381876246557212
471.41,1.1288682029630832
448.415,1.1195349821552212
425.42,1.1102229631790579
402.425,1.1009705795226399
379.43,1.0918196186596243
356.43,1.0828131235157314
333.43500000000006,1.0740029434663998
310.44,1.0654376209051672
287.44499999999994,1.0571698118363477
264.45,1.0492537489085119
241.455,1.0417445752964498
218.46,1.0346975807552836
195.465,1.0281673520485533
172.47,1.0222068555104462
149.47,1.0168653846168567
126.475,1.0121920922067922
103.48,1.008228044363407
80.485,1.0050100984689951
57.49,1.0025688433835565
34.495,1.000927888146456
11.5,1.0001032989667369
496.72,1.1391238299014215
489.865,1.1363502962978254
483.015,1.1335752649774085
476.165,1.130797534636081
469.31500000000005,1.128017952494933
462.465,1.1252373928867236
455.615,1.1224567573236408
448.765,1.1196769745226927
441.91,1.1168969735664351
435.055,1.1141197691052924
428.205,1.1113483946684912
421.355,1.1085818603381346
414.505,1.1058212296295318
407.655,1.1030675923953095
400.805,1.1003220644897034
393.9500000000001,1.0975837937511812
387.095,1.0948559564859404
380.245,1.0921417232188038
373.395,1.0894403156342105
366.545,1.0867529724091363
359.695,1.0840809548707884
352.845,1.0814255461991316
345.995,1.078788050557294
339.14,1.0761678883633465
332.285,1.0735683376760674
325.435,1.0709926343826282
318.585,1.068440252656952
311.735,1.0659125859693772
304.88499999999993,1.0634110419951366
298.035,1.0609370412225676
291.185,1.0584920154872326
284.33,1.0560756554063406
277.475,1.0536912094482775
270.625,1.0513418395094116
263.775,1.049027255710154
256.925,1.0467489221293216
250.075,1.0445083039156497
243.225,1.0423068653484793
236.37000000000003,1.0401445058153584
229.515,1.0380243063804098
222.665,1.0359492180998267
215.815,1.0339191192789854
208.965,1.0319354388799014
202.115,1.0299995922977792
195.265,1.0281129791112051
188.415,1.0262769808080945
181.56,1.0244916755979216
174.705,1.0227597636196464
167.855,1.0210837642320647
161.005,1.0194636806400272
154.15499999999997,1.0179007693045028
147.305,1.0163962547895682
140.45499999999998,1.0149513274986024
133.6,1.0135661535438165
126.745,1.0122429273676505
119.895,1.0109836219111823
113.045,1.0097882810701186
106.195,1.008657891710594
99.345,1.0075933938297474
92.495,1.0065956786529122
85.645,1.0056655868112023
78.78999999999999,1.0048033028108114
71.935,1.004010266267683
65.08500000000001,1.003287659218615
58.23499999999999,1.0026354996910505
51.385,1.0020543511971227
44.535,1.0015447177678938
37.685,1.0011070428677482
30.835,1.000741708434654
23.98,1.0004488470231692
17.125,1.000229008831378
10.275,1.0000824673530588
3.4250000000000003,1.0000091643828064
867.7349999999999,1.2702740393459322
828.8899999999999,1.2588652134430436
804.125,1.2512857391796939
780.82,1.2439344210726202
757.515,1.236371427498109
734.205,1.228596662520578
712.35,1.2211189286389725
691.9550000000002,1.213979703730873
671.5649999999999,1.2066909878860037
649.715,1.1987184938103974
629.3199999999999,1.1911327083853605
611.8399999999999,1.1845264727212816
594.355,1.177827872352389
576.87,1.1710455293342488
560.85,1.1647644572612907
544.825,1.158424113401876
528.8,1.1520337582929054
514.235,1.146188982482587
499.665,1.1403140961662541
485.095,1.134418225781793
471.985,1.129101545880941
460.335,1.1243727225008178
448.68,1.119642490223514
437.025,1.1149175411987708
425.37,1.110202765688874
413.715,1.1055032791717176
403.52,1.1014092129445452
393.3250000000001,1.0973346349470288
383.13,1.093283378456651
374.39,1.089831866392233
365.645,1.0864010024966826
356.9,1.0829953912780959
348.16,1.0796196371572655
339.42,1.0762745172192214
332.14,1.0735135833250173
326.315,1.0713222512469764
320.485,1.0691457953836117
314.65500000000003,1.0669869608783846
308.83000000000004,1.064848440072543
303.00500000000005,1.062729243479274
297.175,1.0606284543694486
291.35,1.0585505585613224
285.525,1.0564946323580489
279.69500000000005,1.054459831828578
273.87,1.0524505425160888
268.045,1.0504659068430307
262.215,1.0485051538991523
256.385,1.0465709009228987
250.56,1.0446656745963807
244.735,1.0427887050048328
238.905,1.0409393178479003
233.08,1.0391215826507703
227.255,1.0373347941094169
221.425,1.035578348985185
215.6,1.0338561447432608
209.775,1.0321675391265397
203.945,1.0305119981183526
198.115,1.028891850600893
192.29,1.0273092949103617
186.465,1.0257637696115327
180.635,1.0242548292361437
174.81,1.0227858825552576
168.985,1.0213564257932688
163.155,1.0199660765006615
157.32999999999998,1.0186179972069913
151.505,1.0173117389446718
145.675,1.0160469790173632
139.845,1.0148255838184552
134.02,1.0136492516742022
128.195,1.0125176019796756
122.365,1.0114303862966314
116.54,1.0103901121070102
110.715,1.0093964464771825
104.885,1.008449192502221
99.06,1.0075505455860125
93.235,1.0067002174920086
87.405,1.005898059371012
81.57499999999999,1.0051453139384177
74.28999999999999,1.00427485795534
65.55,1.0033344900078096
56.81,1.0025087365836076
48.07,1.0017987593935629
39.330000000000005,1.0012055619185507
29.135,1.0006622842713622
11.655,1.0001061017183532
122.24,1.0114075777010483
119.29999999999998,1.0108772418196472
115.84,1.010268225700998
112.385,1.0096765247626238
108.93,1.0091013717109958
105.47,1.0085420920219181
102.01,1.0079996490333947
98.55,1.0074741585254678
95.095,1.0069664553832411
91.64,1.0064758767222244
88.18,1.0060018554656758
84.71999999999998,1.005545216451092
81.26,1.0051060586512952
77.80499999999999,1.0046850740063231
74.35,1.004281706729735
70.89000000000001,1.0038954994342462
67.42999999999999,1.0035271332240219
63.97,1.0031766889495146
60.515,1.0028447110858707
57.06,1.002530753223926
53.6,1.0022344694665646
50.14,1.0019563927971293
46.68,1.0016965848493902
43.225,1.0014554390145867
39.77,1.001232620113785
36.31,1.0010278950883849
32.849999999999994,1.0008416453306042
29.39,1.0006739124113457
25.935,1.000524935981004
22.48,1.0003944935039844
19.020000000000003,1.0002824656486156
15.56,1.000189079720669
12.1,1.000114356651629
8.645,1.0000583807021224
5.19,1.000021042942477
1.73,1.0000023381921908
287.17,1.057072955264715
283.735,1.0558674046298877
280.3,1.0546698991323147
276.86,1.0534788972890554
273.42,1.0522963328008925
269.98,1.0511223906597982
266.54,1.0499572560934183
263.1,1.0488011145063671
259.66,1.0476541514205078
256.22,1.0465165524142424
252.78,1.0453885030608376
249.34,1.04427018886581
245.9,1.0431617952034016
242.46,1.0420635072521733
239.025,1.0409770837641361
235.59,1.0399011047992586
232.15,1.0388342108591724
228.71,1.0377781595370674
225.27,1.0367331340399908
221.83,1.0356993169763626
218.39,1.0346768902863328
214.95,1.0336660351715414
211.51,1.0326669320243216
208.07,1.0316797603563888
204.63,1.0307046987270607
201.19,1.0297419246710544
197.75,1.0287916146259033
194.31500000000003,1.0278552974961457
190.88,1.0269317561969764
187.44,1.026019846743447
184.0,1.0251210941209992
180.56,1.024235668187073
177.12,1.023363737261467
173.68,1.0225054680525074
170.24,1.0216610255832521
166.8,1.0208305731177805
163.36,1.020014272087628
159.92000000000002,1.019212282018421
156.48000000000002,1.0184247604567707
153.045,1.0176529756082275
149.61,1.0168959249861935
146.17,1.0161526897333029
142.73,1.015424531504892
139.29,1.0147115968758988
135.85,1.0140140300124965
132.41,1.0133319726024315
128.97,1.0126655637860942
125.53,1.0120149400883762
122.09,1.0113802353513779
118.65,1.0107615806680252
115.21,1.010159104316652
111.77,1.0095729316966104
108.335,1.0090040014063753
104.9,1.0084515685241324
101.46,1.0079149811598884
98.02,1.007395168761246
94.58,1.0068922414160835
91.14,1.006406305971886
87.7,1.0059374659801277
84.26,1.0054858216421285
80.82000000000001,1.0050514697564352
77.38000000000001,1.0046345036677762
73.94000000000001,1.004235013217643
70.5,1.003853084696542
67.05999999999999,1.0034888007979685
63.625,1.0031427313966559
60.19,1.002814409229132
56.75,1.0025034666860484
53.31,1.0022104625196226
49.87,1.001935460822228
46.43,1.0016785218516855
42.99,1.0014397019984447
39.55,1.0012190537547956
36.11000000000001,1.001016625686147
32.669999999999995,1.0008324624044025
29.23,1.0006666045434547
25.79,1.0005190887368298
22.355,1.000390121954069
18.92,1.0002795049166113
15.48,1.0001871411801315
12.04,1.0001132256041176
8.6,1.0000577745734258
5.159999999999999,1.000020800384652
1.72,1.0000023112393164
537.365,1.1554550087131743
530.515,1.1527198092773419
523.67,1.1499787735260358
516.8249999999999,1.1472305706068464
509.98,1.1444758887349626
503.135,1.1417154420118458
496.29,1.138949970696621
489.445,1.136180241448591
482.6,1.1334070475387201
475.75500000000005,1.130631209027893
468.91,1.1278535729097146
462.065,1.125075013215588
455.22,1.1222964310797798
448.375,1.1195187547621697
441.525,1.1167409129219927
434.68,1.1139679438092664
427.835,1.1111988283392613
420.99,1.1084346025939844
414.145,1.1056763291790617
407.3,1.1029250969442865
400.455,1.1001820206460025
393.61,1.097448240549231
386.765,1.0947249219675284
379.92,1.0920132547386578
373.075,1.0893144526342637
366.23,1.0866297527018605
359.385,1.0839604145375903
352.535,1.0813057881994117
345.69,1.0786710520823632
338.845,1.0760555844474244
331.99999999999994,1.073460726396383
325.155,1.0708878368615
318.31,1.0683382914399613
311.465,1.0658134811534163
304.62,1.0633148111327198
297.77500000000003,1.060843699228262
290.93,1.0584015745465651
284.08500000000004,1.055989875914117
277.24000000000007,1.0536100502697354
270.395,1.0512635509870654
263.545,1.0489501605830827
256.70000000000005,1.0466747181014442
249.855,1.0444369839993628
243.01,1.042238419291149
236.165,1.0400804820688423
229.32,1.0379646254582198
222.475,1.0358922955257548
215.63,1.0338649291408872
208.785,1.0318839517982985
201.94,1.0299507754052166
195.09500000000003,1.02806679603909
188.25,1.0262333916812691
181.405,1.0244519199326247
174.555,1.0227224731229392
167.71,1.0210488867255758
160.86499999999998,1.019431161400456
154.01999999999998,1.0178705502206704
147.175,1.0163682744090592
140.33,1.0149255210831756
133.485,1.0135434410297524
126.64,1.0122231465160016
119.795,1.0109657091451039
112.95,1.00977215776324
106.105,1.0086434764254748
99.26,1.0075806024277252
92.415,1.006584424411917
85.565,1.0056551270922551
78.72000000000001,1.00479485354288
71.875,1.0040036327858928
65.03,1.003282141560315
58.185,1.0026309998091254
51.34,1.0020507693611582
44.495,1.0015419527292786
37.650000000000006,1.0011049920295871
30.805,1.000740268025967
23.96,1.0004480993038043
17.115,1.0002287415762185
10.27,1.0000823871256108
3.4250000000000003,1.0000091643828064
492.2,1.1372954737512775
481.835,1.1330969346107125
471.47,1.1288925522098274
461.11,1.1246873317514725
450.75,1.1204823595086106
440.39,1.116280891029121
430.025,1.1120843016486384
419.66,1.107898163942423
409.3,1.1037281699576196
398.94,1.0995761130752089
388.58,1.0954459432768253
378.215,1.091339767480895
367.85,1.0872637978832882
357.48999999999995,1.0832243096425582
347.13,1.0792237723940312
336.77000000000004,1.0752667377746157
326.405,1.0713559836404958
316.04,1.0674981811838826
305.68,1.063699981573305
295.32000000000005,1.0599644080731756
284.96,1.0562964182720542
274.595,1.0526993008038446
264.23,1.0491798903227623
253.87,1.0457448924788233
243.51,1.0423976578736092
233.15,1.0391432447532205
222.78500000000005,1.0359851870352987
212.42,1.032930076331994
202.06000000000003,1.0299842463821076
191.7,1.0271510530294332
181.335,1.0244339747135813
170.97,1.0218390602176237
160.61,1.0193719913295891
150.25,1.0170358528245997
139.89,1.0148348435167962
129.525,1.0127720159457805
119.16,1.0108522814220124
108.8,1.0090800552972226
98.44,1.0074577314816722
88.08,1.0059884133929664
77.715,1.0046743427388771
67.35,1.0035188277626483
56.99,1.0025245790164736
46.63,1.0016929645949244
36.27,1.0010256362691519
25.905,1.0005237235279105
15.54,1.0001885941501514
5.18,1.0000209619336577
337.77000000000004,1.0756466660549233
325.02500000000003,1.0708391941409163
312.275,1.066110917264478
299.53,1.0614745653393072
286.785,1.0569374407402983
274.04,1.0525088378329863
261.295,1.0481981360347867
248.545,1.0440131457638624
235.8,1.0399665820224346
223.055,1.0360661675822085
210.31,1.0323212055590825
197.565,1.0287408644167502
184.815,1.0253328269902353
172.07,1.0221085180777214
159.325,1.019075029038029
146.57999999999998,1.0162404845009736
133.83499999999998,1.0136126202845865
121.085,1.011197829332789
108.34,1.0090048175827417
95.595,1.0070388718094148
82.85000000000001,1.005305691149999
70.105,1.0038103573549972
57.355,1.00255685467737
44.61,1.001549908829187
31.86500000000001,1.0007920076955186
19.12,1.0002854419527023
6.375,1.0000317484722223
249.93,1.0444612930639101
245.93,1.0431714180148584
241.93,1.041895204525631
237.935,1.0406345122797716
233.94,1.0393880264063708
229.94,1.0381545024201335
225.94,1.0369357977499813
221.94,1.0357321997567992
217.94,1.0345439946046109
213.94,1.0333714671114123
209.94000000000003,1.032214900598628
205.94,1.031074576739311
201.945,1.0299521697274194
197.95,1.028846520837622
193.95,1.0277565531609005
189.95,1.026683934592586
185.95,1.0256289362583562
181.95,1.0245918267061738
177.95,1.0235728717494907
173.95,1.0225723343103232
169.95,1.0215904742623505
165.95499999999998,1.0206287400069844
161.95999999999998,1.0196861448672554
157.95999999999998,1.0187617945017529
153.95999999999998,1.0178571268000631
149.96,1.0169723840625704
145.96,1.0161078046098768
141.96,1.0152636226306362
137.96,1.014440068030734
133.96,1.0136373662839868
129.95999999999998,1.0128557382845318
125.965,1.0120963372457241
121.97,1.0113583834437003
117.96999999999998,1.0106411995585356
113.97,1.009945923820617
109.97,1.0092727520960256
105.97,1.008621874830882
101.97,1.0079934769203212
97.97,1.0073877375805076
93.97,1.0068048302238441
89.975,1.0062456077979194
85.98,1.0057094882241406
81.98,1.0051959989745212
77.97999999999999,1.0047059745803306
73.98,1.0042395577022152
69.98,1.0037968845243572
65.98,1.003378084656296
61.98,1.0029832810391084
57.98,1.0026125898560743
53.98500000000001,1.0022665383717035
49.99,1.001944750186079
45.99,1.0016469634225618
41.99,1.0013736844132073
37.99,1.0011249943952758
33.99,1.0009009674128726
29.99,1.0007016702620253
25.99,1.0005271624410337
21.99,1.0003774961061642
17.995,1.0002528564570559
14.0,1.0001530781198258
10.0,1.000078112794876
6.0,1.0000281234180577
2.0,1.0000031249804688
826.735,1.2582151612863557
808.5649999999999,1.252662235338786
790.395,1.2469804200595054
772.2249999999999,1.2411697325678879
754.0550000000001,1.2352306140537632
735.885,1.2291639782651775
717.715,1.2229712630120702
699.545,1.2166544845719272
681.3750000000001,1.2102162948122448
663.205,1.2036600407614582
645.0350000000001,1.1969898262640863
626.865,1.190210575246843
608.6949999999999,1.1833280960002086
590.525,1.1763491457448414
572.3549999999999,1.169281494605174
554.1850000000001,1.1621339879552286
536.015,1.1549166059366376
517.845,1.1476405187795788
499.675,1.140318136388453
481.505,1.1329631504915096
463.335,1.125590567504384
445.165,1.1182167301300439
426.995,1.1108593256215564
408.825,1.1035373785799634
390.655,1.0962712261586829
372.485,1.0890824736098093
354.315,1.081993928247645
336.14500000000004,1.075029510130931
317.975,1.0682141380857477
299.805,1.0615735901112429
281.635,1.055134337731602
263.46500000000003,1.048923354476544
245.295,1.0429678993798268
227.12500000000003,1.0372952771652124
208.955,1.0319325776197108
190.785,1.0269063975058854
172.615,1.0222425492038374
154.445,1.01796576105988
136.27499999999998,1.014099375110823
118.105,1.010665048407794
99.935,1.0076824645416624
81.765,1.005169062138862
63.595,1.0031397870256233
45.425,1.0016068744352808
27.255,1.0005796670554818
9.085,1.0000644738921936
146.2,1.016159106481345
139.98,1.0148533707897742
133.76,1.013597782566224
127.54,1.0123931762474996
121.32,1.011240358602069
115.1,1.0101401074302545
108.875,1.0090923503476539
102.65,1.0080987108616097
96.43,1.0071606059406693
90.21,1.0062778652520283
83.99,1.005451103470656
77.77000000000001,1.0046808993150238
71.55,1.003967794551025
65.32499999999999,1.0033117894207602
59.1,1.0027139464075752
52.88,1.0021751015246674
46.66,1.0016951362883393
40.440000000000005,1.0012743947858178
34.22,1.0009131794674577
28.0,1.0006117506055083
21.775,1.00037015594192
15.55,1.000188836857462
9.33,1.0000679977044915
3.11,1.0000075562139306
775.28,1.2421557075167196
756.135,1.235916976003826
736.99,1.2295365356898147
717.85,1.223017734163929
698.7099999999999,1.216361257020718
679.5649999999999,1.2095684285551953
660.42,1.2026449480236583
641.2800000000001,1.1955975911200607
622.135,1.1884286160623858
602.9899999999999,1.1811468955175224
583.85,1.1737626094224103
564.71,1.1662833736893077
545.5649999999999,1.1587180570745486
526.42,1.1510808922322682
507.28,1.1433876826433669
488.14,1.135651774290761
468.995,1.127888072603715
449.85,1.1201171802572085
430.71,1.112361362057177
411.57,1.1046404657667217
392.425,1.0969760004143716
373.28,1.089395080079292
354.14,1.081926220890758
334.995,1.0745934725630872
315.85,1.0674279885628906
296.71000000000004,1.060461793405046
277.57,1.0537240296136914
258.425,1.0472446530342958
239.28,1.0410573786495358
220.14,1.0351955855056645
201.0,1.0296891098043655
181.855,1.0245674150143727
162.70999999999998,1.0198616318765414
143.57,1.0156009383257287
124.43,1.0118102445341433
105.285,1.008512661477316
86.14,1.0057305137765915
67.0,1.0034826040475477
47.86,1.0017831334233693
28.715,1.000643351775009
9.57,1.0000715404655838
398.0700000000001,1.0992283768100175
394.11,1.0976475923815778
390.145,1.0960682908331913
386.18,1.0944927001313394
382.22,1.0929230322515464
378.2600000000001,1.0913575323900657
374.3,1.0897964376358744
370.34,1.0882399876670876
366.38000000000005,1.0866884247036988
362.42,1.0851419934576778
358.46,1.0836009410804028
354.50000000000006,1.0820655171073972
350.54,1.0805359734003472
346.58,1.0790125640863846
342.615,1.0774936342154993
338.65000000000003,1.0759813706620165
334.69000000000005,1.074477928755989
330.73,1.0729816597601831
326.77,1.0714928281258809
322.81000000000006,1.0700117001469158
318.85,1.068538543879406
314.89,1.0670736290586802
310.93000000000006,1.065617227013401
306.97,1.0641696105768945
303.01,1.0627310539957007
299.045,1.0613000342807932
295.08,1.059878651414229
291.12000000000006,1.058468957908413
287.16,1.0570694341564901
283.2,1.055680360005545
279.24000000000007,1.0543020161097045
275.28,1.0529346838198952
271.32,1.051578645071065
267.36,1.050234182266914
263.4,1.04890157816219
259.44,1.0475811157426036
255.48000000000005,1.0462730781024265
251.515,1.0449761209545334
247.55,1.0436921877831704
243.59,1.0424231561259822
239.63,1.0411676808977521
235.67,1.0399260438217834
231.71,1.0386985259505377
227.75,1.0374854075291051
223.79,1.0362869678570115
219.83,1.035103485148458
215.87,1.0339352363911045
211.91,1.0327824972035013
207.95,1.0316455416912838
203.985,1.0305232372888027
200.02,1.0294173012497398
196.06,1.0283293663346944
192.1,1.0272582941461237
188.14,1.026204349027254
184.18,1.025167792926026
180.22,1.0241488852461071
176.26,1.0231478826977098
172.3,1.0221650391483463
168.34,1.0212006054736746
164.38,1.0202548294085811
160.41499999999996,1.019326797153366
156.45,1.0184179566352751
152.49,1.0175296554140214
148.53,1.016660968957921
144.57,1.0158121270732328
140.61,1.0149833555451278
136.65,1.0141748759947502
132.69,1.0133869057377658
128.73000000000002,1.0126196576445554
124.77,1.0118733400022124
120.81,1.0111481563785065
116.85,1.0104443054879702
112.885,1.009761133226703
108.92,1.0090997311488952
104.96,1.00846107577973
101.0,1.0078444973169836
97.04,1.0072501682716037
93.08,1.0066782555508704
89.12,1.0061289203436916
85.16,1.0056023180092406
81.19999999999999,1.0050985979690732
77.24000000000001,1.0046179036028597
73.28,1.004160372147871
69.315,1.0037256011001712
65.35,1.0033143079560485
61.39,1.0029270853895826
57.42999999999999,1.0025635116613707
53.470000000000006,1.0022236919123026
49.51,1.001907724623287
45.55,1.0016157015443694
41.59,1.0013477076285069
37.63,1.0011038209700809
33.67000000000001,1.0008841127482395
29.71,1.0006886471751375
25.750000000000004,1.0005174814491509
21.785,1.0003704957505006
17.820000000000004,1.000247964778421
13.86,1.0001500327793174
9.9,1.00007655858827
3.96,1.000012250949821
196.965,1.0285765210062308
193.48,1.0276296157232205
189.995,1.0266959040586456
186.51,1.0257755652353988
183.025,1.0248687769921225
179.535,1.0239744441561236
176.04999999999998,1.0230953040271349
172.565,1.022230238247847
169.08,1.021379417829807
165.595,1.0205430119065868
162.105,1.0197200191221778
158.61999999999998,1.0189129629606322
155.135,1.018120816875964
151.645,1.0173426377225248
148.16000000000005,1.0165808139974684
144.675,1.0158343762035493
141.18999999999997,1.0151034781428856
137.70499999999998,1.0143882711221033
134.215,1.0136879119307232
130.73000000000002,1.0130045535935475
127.245,1.012337324703276
123.76,1.011686365840922
120.275,1.011051814726367
116.785,1.0104329314261336
113.3,1.009831621187951
109.815,1.009247114175072
106.325,1.0086787338707397
102.84,1.0081282313930855
99.355,1.0075948993766948
95.87,1.0070788535996544
92.385,1.0065802064498939
88.895,1.0060983891927553
85.41,1.0056348879463641
81.925,1.0051891017022134
78.44000000000001,1.0047611286990106
74.955,1.004351063501828
71.465,1.0039584474169887
67.98,1.0035844925854236
64.49499999999999,1.0032287068240164
61.005,1.0028906983756964
57.52,1.0025715112895226
54.035,1.0022707196996155
50.55,1.0019883911081724
47.065,1.0017245889857895
43.575,1.0014790342981734
40.09,1.0012524860067886
36.605,1.001044630133434
33.12,1.0008555136837665
29.635,1.0006851794767475
26.145000000000003,1.0005334622788717
22.66,1.0004008312233548
19.175,1.0002870855573482
15.685,1.0001921286643045
12.2,1.0001162542136295
8.715,1.0000593298536327
5.23,1.000021368539857
1.745,1.0000023789144628
73.39,1.0041727674069287
69.81,1.0037785988902512
66.23,1.003403557874738
62.65,1.0030477325487068
59.07,1.0027112067677946
55.49,1.0023940600059902
51.91,1.002096367309084
48.33,1.0018181992505821
44.75,1.0015596218901386
41.17,1.0013206967345447
37.59,1.0011014807013234
34.01,1.0009020260849655
30.43,1.0007223805258454
26.85,1.000562586981854
23.27,1.000422683702775
19.69,1.0003027042074364
16.11,1.0002026772636627
12.53,1.0001226268710484
8.95,1.0000625722465728
5.37,1.0000225278130745
1.79,1.000002503190593
592.555,1.1771334057042218
578.28,1.1715953898751306
564.0,1.1660042417461298
549.72,1.1603664928456907
535.4399999999999,1.1546871873732032
521.1600000000001,1.1489718285693338
506.8850000000001,1.143228409577565
492.61,1.1374613917752192
478.33,1.13167570048559
464.05,1.1258808179453024
449.77,1.120084721228264
435.49000000000007,1.114295900708592
421.21,1.108523358671236
406.935,1.1027786104054458
392.66,1.0970696262008728
378.38,1.091404908261104
364.1,1.0857974126602392
349.82,1.080258526129726
335.54,1.0748000416540762
321.26500000000004,1.0694359827958417
306.99,1.0641768992395546
292.71000000000004,1.0590337649886996
278.42999999999995,1.0540214294729553
264.15,1.0491530418984159
249.87,1.0444418454361368
235.595,1.039902663319303
221.32,1.0355470127221036
207.04,1.0313865305343288
192.76,1.0274356239077604
178.48,1.0237068304660468
164.20000000000002,1.0202122868715509
149.92,1.016963638066032
135.645,1.0139729481719475
121.37,1.0112494170654616
107.09,1.008801862394194
92.81,1.006640081879085
78.52999999999999,1.0047719562227466
64.25,1.0032043802625041
49.97500000000001,1.0019435878136262
35.7,1.0009937164349076
21.42,1.0003581935233392
7.14,1.0000398246402433
403.16,1.1012649796747516
387.945,1.0951935933826642
372.73,1.0891787911128608
357.51500000000004,1.0832340123683413
342.30499999999995,1.0773751556344922
327.09,1.0716128552208812
311.875,1.0659639896344233
296.665,1.0604456720711635
281.45,1.0550699035409974
266.235,1.0498543833105738
251.025,1.0448167397121855
235.81,1.039969700975537
220.595,1.0353309338552916
205.385,1.0309176557718074
190.17,1.026742473174642
174.955,1.0228219726558878
159.745,1.0191718685251216
144.53,1.0158036549255156
129.315,1.0127316884642852
114.1,1.0099681738111035
98.885,1.007524292577471
83.675,1.0054107336413665
68.46,1.0036349214893678
53.245,1.0022050992032043
38.035,1.0011276551211892
22.82,1.000406507047624
7.604999999999999,1.0000451803116412
103.945,1.0083009275279045
102.02,1.00800119241569
99.065,1.00755129631289
96.11,1.007113835333264
93.15,1.0066881695641021
90.195,1.006275803877714
87.24,1.005876073556187
84.27999999999999,1.0054883975969415
81.32000000000001,1.0051135246191139
78.365,1.0047521148859557
75.41000000000001,1.0044035817842838
72.45,1.004067423955452
69.49,1.0037442958890295
66.53500000000001,1.003434762098104
63.58,1.0031383153477653
60.62,1.0028545349989324
57.66499999999999,1.0025844253847485
54.71,1.002327539524536
51.75000000000001,1.0020835179044252
48.79,1.0018528459635951
45.835,1.0016359168766709
42.88,1.0014323648730143
39.92,1.0012419126251442
36.965,1.0010652344752433
34.01,1.0009020260849655
31.05,1.0007520721490015
28.09,1.0006156847579868
25.135,1.0004930821856919
22.18,1.000384042608308
19.22,1.000288433828314
16.264999999999997,1.0002065944654495
13.31,1.0001383649028335
10.35,1.0000836754476201
7.39,1.0000426620627112
4.435,1.0000153661097821
1.48,1.0000017112441433
1039.75,1.3140702417206696
1026.65,1.3110991328448138
1013.55,1.3080710447099837
1000.475,1.3049910381174912
987.41,1.3018549482887698
974.33,1.298655895834201
961.255,1.2953978813515288
948.18,1.292078896299038
935.1,1.2886968685622084
922.02,1.2852523213324136
908.94,1.2817445588411758
895.8649999999999,1.2781743063363327
882.79,1.2745396320678337
869.71,1.2708385599612237
856.63,1.2670719783673947
843.5500000000001,1.2632394646310845
830.47,1.2593406694043021
817.3950000000001,1.255376852337207
804.32,1.2513463550528579
791.2399999999999,1.2472475130959308
778.16,1.2430818744267547
765.0799999999999,1.2388495716980856
752.0,1.2345508600552133
738.9250000000001,1.2301878078511332
725.85,1.2257593134884903
712.77,1.2212643279463282
699.69,1.2167053781935833
686.6099999999999,1.2120834851047377
673.53,1.2073998560584132
660.455,1.2026577215783798
647.38,1.1978569173566997
634.3,1.1929974119969646
621.22,1.1880831043896785
608.14,1.1831163164074534
595.0600000000001,1.1780996301353082
581.985,1.173037844493781
568.9100000000001,1.1679321868225874
555.83,1.1627841136089831
542.75,1.1575993124166193
529.67,1.152381844961434
516.59,1.1471361012810675
503.51499999999993,1.141868826814574
490.44,1.1365830879786136
477.36,1.1312822743695112
464.28,1.1259741845998315
451.2,1.1206649591532027
438.12,1.1153610998937051
425.045,1.110071488871477
411.97,1.10480130886309
398.89,1.0995561240312992
385.81,1.0943458690490018
372.73,1.0891787911128608
359.65000000000003,1.0840634549673578
346.575,1.079010644575248
333.5,1.0740275264743557
320.42,1.069121627308088
307.34,1.0643044882069204
294.26,1.059585923984952
281.18,1.0549759069769165
268.105,1.050486220739096
255.03,1.0461252362573987
241.95,1.0419015511288636
228.87,1.0378270351299168
215.79,1.0339117943081682
202.71,1.030165809957766
189.635,1.026600210794149
176.56,1.0232230836616951
163.48000000000002,1.020042507723278
150.39999999999998,1.0170687230524347
137.32,1.0143102286443124
124.24,1.011775053206999
111.165,1.0094715353519166
98.09,1.0074055784071707
85.01,1.005582819821002
71.92999999999999,1.0040097132728991
58.85,1.0026911576611268
45.77,1.0016312954075515
32.695,1.000833734813768
19.62,1.0003005570347696
6.54,1.000033413079483
770.51,1.240614639247682
756.11,1.235908736392866
741.71,1.2311226515810316
727.305,1.226255337275049
712.9,1.221309319126356
698.5,1.2162874708335762
684.0999999999999,1.2111894615994845
669.6999999999999,1.2060169393590758
655.295,1.2007700133007642
640.89,1.1954527262634682
626.49,1.190069553458598
612.09,1.1846216079718876
597.69,1.1791122113391612
583.2850000000001,1.173543137433381
568.8800000000001,1.1679204242494576
554.48,1.1622506182688195
540.08,1.156536794138204
525.675,1.1507824350159022
511.27,1.14499549541385
496.87000000000006,1.139184474470466
482.47,1.1333543509094257
468.07,1.1275126273513243
453.665,1.1216653042973688
439.26,1.1158229778052833
424.86,1.1099967674143314
410.46,1.1041942602122787
396.06,1.0984255891719925
381.655,1.092699411380495
367.25,1.0870288670854829
352.85,1.081427478080706
338.45000000000005,1.0759052713652786
324.05,1.0704746430695458
309.645,1.0651465066547021
295.24,1.059935818487396
280.84,1.0548576128499216
266.44,1.0499235195163434
252.04000000000005,1.0451471072830885
237.635,1.040540411892826
223.23,1.0361186922456076
208.83,1.0318968204707233
194.43,1.0278864386195217
180.02499999999998,1.0240991722261867
165.61999999999998,1.0205489602213922
151.22000000000003,1.017248913847922
136.82,1.0142091636606683
122.42,1.011440428788558
108.015,1.0089518388410714
93.61,1.0067534942404417
79.21000000000001,1.0048541500388148
64.81,1.0032601163524912
50.41,1.0019774360197917
36.004999999999995,1.0010107339646754
21.6,1.0003642344730692
7.2,1.0000404967197658
649.045,1.1984714610074414
635.615,1.1934884773228285
617.71,1.1867553232157486
599.805,1.179925114647675
581.9,1.1730047909600867
563.995,1.166002275618711
546.0899999999999,1.1589265330332588
528.185,1.1517876222133745
510.2800000000001,1.1445967459537505
492.375,1.1373662940929963
474.47,1.1301098792506428
456.5700000000001,1.1228443928653455
438.665,1.115581898673359
420.7600000000001,1.1083418187220644
402.855,1.1011428011714044
384.95,1.0940047197141642
367.045,1.0869486257366776
349.14,1.0799966801782592
331.235,1.0731720636394269
313.33,1.0664988636013586
295.425,1.0600019380195889
277.52,1.0537067550436783
259.615,1.0476392091871927
241.71,1.0418254149193498
223.81,1.0362929832369663
205.905,1.0310646714173646
188.0,1.0261674050557938
170.095,1.0216257374884241
152.19,1.0174631562283991
134.285,1.0137018021811801
116.38,1.0103621929751454
98.475,1.0074629563971742
80.57000000000001,1.0050205800462768
62.665,1.0030491832313817
44.76,1.0015603168302936
26.855,1.0005627962950985
8.95,1.0000625722465728
318.21,1.0683012245270267
313.355,1.0665080640836402
304.53,1.0632821383445845
295.705,1.0601020517751685
286.875,1.0569691106014285
278.045,1.0538882264485903
269.22,1.0508642127375762
260.395,1.0478984344272406
251.565,1.0449923955394882
242.74,1.0421525205571958
233.915,1.0393802714552678
225.085,1.0366772495098109
216.26,1.0340496071488074
207.435,1.0314988541002394
198.605,1.0290266373376065
189.78,1.0266387367387613
180.955,1.0243366550785933
172.125,1.0221220283334502
163.295,1.019998985055854
154.47,1.0179713686950327
145.645,1.0160405823505738
136.815,1.0142081546605648
127.99,1.012478597884718
119.165,1.0108531724039527
110.335,1.0093332574819793
101.51,1.0079226605262506
92.685,1.0066224444413046
83.855,1.0054337843482501
75.03,1.004359699248681
66.205,1.003401006335537
57.37499999999999,1.0025586290399229
48.545,1.0018343525718738
39.720000000000006,1.0012295303071754
30.895,1.0007445934332886
22.065,1.0003800735442008
13.239999999999998,1.000136913748982
4.415,1.0000152278369931
722.235,1.2245234545762418
714.75,1.2219488927945172
707.2700000000001,1.219355076924879
699.785,1.2167387180954863
692.3,1.2141017413089097
684.8149999999999,1.2114443647141504
677.33,1.2087668271725278
669.845,1.2060693889923562
662.36,1.2033523326720972
654.88,1.200617797927025
647.3950000000001,1.1978624579074046
639.91,1.1950884876748888
632.4250000000001,1.1922962660327971
624.94,1.1894861977757991
617.4549999999999,1.1866587144576586
609.97,1.1838142751576306
602.485,1.1809533672436223
595.0,1.1780765071301023
587.5200000000001,1.1751861780857003
580.035,1.172279092452176
572.55,1.1693577851792782
565.065,1.1664228962418977
557.5799999999999,1.1634750982915727
550.095,1.1605150973328169
542.61,1.1575436333761853
535.13,1.1545634765400314
527.645,1.151571452067797
520.16,1.1485703942036494
512.675,1.1455611849108067
505.19000000000005,1.1425447429602087
497.7049999999999,1.1395220243735358
490.22,1.1364940228182816
482.74,1.133463796687034
475.255,1.1304283641994723
467.77,1.1273908580143708
460.285,1.1243524252067696
452.8,1.1213142516109291
445.315,1.1182775618411702
437.83,1.1152436192353805
430.35,1.1122157480463195
422.865,1.1091912398437376
415.38,1.1061734984113367
407.895,1.1031639396941098
400.41,1.1001640167686608
392.925,1.0971752192337876
385.44,1.0941990724949073
377.96,1.0912391104234045
370.475,1.0882929693817236
362.99,1.085364260272171
355.505,1.0824546423060684
348.02,1.0795658052147474
340.535,1.0766994678305957
333.04999999999995,1.0738573765426285
325.57000000000005,1.0710431756868135
318.085,1.0682548983160112
310.6,1.0654962529754681
303.115,1.0627690782776842
295.63,1.0600752307594203
288.145,1.0574165825739472
280.66,1.0547950190593616
273.17999999999995,1.0522141479237423
265.695,1.0496724216733502
258.21,1.047173487823479
250.725,1.044719257759434
243.24,1.042311642149419
235.755,1.0399525478470213
228.27,1.0376438747021726
220.79,1.035389001665812
213.305,1.0331867891103768
205.82,1.0310406209032497
198.335,1.0289523354492958
190.85,1.0269237471191734
183.365,1.024956642691646
175.87999999999997,1.0230527777705507
168.39499999999998,1.021213873188266
160.91,1.019441611407992
153.43,1.0177387480508058
145.945,1.016104600680568
138.46,1.0145418765458645
130.975,1.0130520691206495
123.49,1.0116366159616816
116.005,1.0102968953806284
108.52,1.0090342232088856
101.04,1.007850614432267
93.555,1.0067456676559952
86.07000000000001,1.0057213105076137
78.58500000000001,1.0047785789216859
71.1,1.0039184320362284
63.615,1.0031417497892299
56.13,1.0024493306957647
48.65,1.0018422670794147
41.165,1.0013203768100576
33.68,1.0008846370604276
26.195000000000004,1.0005355024413944
18.71,1.000273338068992
11.225,1.000098418612021
3.74,1.000010927573671
498.865,1.1399908464983903
494.45,1.1382058275368843
488.925,1.1359696792860667
483.4,1.1337313132577498
477.875,1.131491160403207
472.35,1.1292496631001827
466.825,1.127007275191772
461.3,1.1247644620144317
455.775,1.1225217004146115
450.25000000000006,1.1202794787534873
444.725,1.118038296899281
439.2000000000001,1.1157986662066497
433.675,1.1135611094826292
428.15,1.1113261609386198
422.63,1.109096384259082
417.105,1.1068682963863161
411.58,1.1046444865347722
406.055,1.10242553374641
400.53,1.1002120280007113
395.005,1.0980045700725456
389.48,1.095803771372717
383.955,1.0936102537707626
378.43,1.0914246493995987
372.905,1.089247600441626
367.38000000000005,1.0870797588959331
361.86,1.0849237345796503
356.335,1.0827762919985016
350.81,1.0806400684894657
345.285,1.0785157525935385
339.76,1.0764040412104987
334.235,1.074305639246739
328.71,1.0722212592425178
323.185,1.0701516209785427
317.66,1.0680974510618362
312.135,1.0660594824908873
306.61,1.0640384542001335
301.09,1.0620369153442544
295.56499999999994,1.0600519887376063
290.04,1.0580862492833567
284.515,1.0561404546924487
278.98999999999995,1.0542153660299716
273.465,1.0523117471396
267.94,1.050430364049201
262.415,1.0485719843581143
256.89,1.0467373766066534
251.365,1.0449273096284586
245.84,1.043142551886374
240.32,1.0413854503396756
234.795,1.0396535869238852
229.27,1.0379493283464594
223.745,1.0362734346470959
218.22000000000003,1.0346266619560258
212.695,1.0330097617489424
207.17,1.031423480091986
201.645,1.0298685568779598
196.12,1.028345725055003
190.59500000000003,1.0268557098490023
185.07,1.0253992279810733
179.54999999999998,1.0239782582870987
174.02499999999998,1.0225909233768586
168.49999999999997,1.0212392124534657
162.975,1.0199238003552829
157.45,1.0186453494798535
151.92499999999998,1.0174045090022152
146.39999999999998,1.016201914098747
140.875,1.0150381851781698
135.35000000000002,1.0139139271213202
129.82500000000002,1.0128297285313408
124.3,1.0117861609959282
118.78,1.0107846667153366
113.255,1.0098239663931856
107.73,1.0089055021754705
102.20499999999998,1.0080297705273114
96.68,1.0071972474482545
91.155,1.0064083878409478
85.63,1.0056636249030555
80.105,1.00496336954389
74.58000000000001,1.0043080098272004
69.055,1.0036979104415025
63.53,1.0031334121992794
58.01,1.0026152800219061
52.48500000000001,1.0021428667353027
46.96,1.0017169289949315
41.435,1.0013377077447159
35.91,1.0010054180237595
30.385,1.0007202486628133
24.86,1.000482362016905
19.335,1.0002918937348386
13.81,1.000148952566168
8.285,1.0000536202061614
2.76,1.0000059511791661
785.2099999999999,1.2453354089803719
771.31,1.240873717292034
757.415,1.2363385209937707
743.52,1.231728621223112
729.6199999999999,1.227042887551386
715.72,1.2222837244200346
701.825,1.2174538464403784
687.9300000000001,1.212552737058919
674.03,1.2075800124716922
660.13,1.2025390938253895
646.235,1.1974337680206992
632.34,1.192264454161544
618.4399999999999,1.1870317804720854
604.54,1.1817404379329308
590.645,1.176395536873224
576.75,1.170998709762323
562.8499999999999,1.1655518822845885
548.95,1.1600612684854665
535.0550000000001,1.1545335439509563
521.16,1.1489718285693338
507.2600000000001,1.1433796186215963
493.36,1.13776486461038
479.465,1.1321359953344192
465.5700000000001,1.1264978420914578
451.67,1.1208556810764785
437.77,1.1152193136480062
423.875,1.1095989923993994
409.98,1.1040013683712917
396.08,1.0984335728936752
382.18,1.0929071978867593
368.285,1.0874341951163362
354.39,1.082022949209965
340.49,1.076682306900369
326.59,1.071425334981937
312.695,1.0662652867252773
298.8,1.061211923890453
284.9,1.056275381654824
271.0,1.0514695679110115
257.105,1.0468083146519527
243.21,1.0423020887424213
229.31,1.0379615658500494
215.41,1.0338005309257583
201.515,1.0298323540205865
187.62,1.0260672382117655
173.72,1.0225153687918562
159.82000000000002,1.0191891840073155
145.925,1.0161003292210464
132.02999999999997,1.01325758633391
118.13,1.0106694675993235
104.23,1.0083457486415437
90.335,1.0062950560317214
76.44000000000001,1.0045236016602532
62.54,1.0030371045623767
48.64,1.001841512590896
34.745,1.0009413610738558
20.85,1.000339396416783
6.949999999999999,1.000037733480279
486.655,1.1350502689675797
469.58,1.1281255076653347
452.505,1.1211945328657928
435.43,1.1142716057927016
418.35,1.1073700193311065
401.275,1.1005101613201531
384.2,1.0937073599048381
367.12500000000006,1.0869799378126501
350.04999999999995,1.0803471329829217
332.975,1.0738290273524613
315.90000000000003,1.0674464584212437
298.825,1.0612209130590184
281.75,1.0551744033450885
264.67,1.049327644736927
247.595,1.0437066854108832
230.52,1.0383324515983299
213.445,1.033227470896659
196.37,1.0284139280382694
179.295,1.0239134530953473
162.22,1.0197469030640418
145.14,1.015933077576131
128.065,1.012492861158267
110.99,1.0094423006632673
93.915,1.0067969751663826
76.83999999999999,1.004570634393909
59.765,1.0027750244172433
42.69,1.0014197354264163
25.615,1.00051207519611
8.540000000000001,1.0000569713202976
591.2649999999999,1.1766351625840579
577.0150000000001,1.1711020981969726
562.765,1.1655184350849948
548.52,1.1598907661990852
534.2750000000001,1.1542221864132078
520.025,1.1485161893659424
505.775,1.1427807356598787
491.53,1.1370243102363637
477.285,1.1312518531198652
463.035,1.1254687834127062
448.79,1.1196871170166447
434.545,1.1139132895236628
420.295,1.1081542546252816
406.045,1.1024215223010296
391.8,1.0967270569579177
377.555,1.0910792810534604
363.305,1.0854871394714813
349.055,1.0799639623131183
334.81,1.0745233835440606
320.565,1.069175543714076
306.315,1.0639310347966224
292.07,1.058806225268813
277.825,1.0538121575100357
263.575,1.0489602141496028
249.325,1.0442653340844992
235.08,1.0397422541434698
220.835,1.035402407153789
206.585,1.0312573439420232
192.335,1.0273213798105074
178.09000000000003,1.0236082256704386
163.84500000000003,1.0201284980892908
149.595,1.016892651620913
135.35000000000002,1.0139139271213202
121.105,1.0112014459226708
106.855,1.0087639512435278
92.605,1.0066111682952215
78.36,1.0047515142600079
64.11500000000001,1.0031910143807246
49.865,1.00193507424239
35.615,1.0009889994339118
21.37,1.0003565244273902
7.125,1.0000396574988473
506.93,1.1432465555266247
502.365,1.141404588598634
496.995,1.1392350100247224
491.62,1.1370607372699821
486.245,1.1348841704364434
480.875,1.1327077283046525
475.505,1.130529787793152
470.13000000000005,1.1283487304751334
464.75500000000005,1.1261670058589863
459.385,1.123987076215607
454.0100000000001,1.121805324619168
448.635,1.119624233943069
443.265,1.117446294882575
437.89,1.1152679250827306
432.515,1.1130916370235568
427.145,1.11091994562218
421.775,1.1087513283284034
416.4,1.1065842841043725
411.025,1.1044213580662738
405.655,1.1022650898849928
400.28,1.1001120078268316
394.905,1.0979646755783687
389.535,1.0958256449362684
384.165,1.0936934866494974
378.79,1.0915668062494466
373.415,1.0894481830919953
368.045,1.0873401753479757
362.6700000000001,1.0852394652266433
357.295,1.083148636168988
351.925,1.0810702429432328
346.555,1.079002966632592
341.18000000000006,1.076945537270947
335.805,1.0749005322516703
330.43500000000006,1.0728704896595012
325.06,1.0708522894291956
319.685,1.0688484949320938
314.315,1.0668616217961264
308.94500000000005,1.0648904756798268
303.57,1.0629339258824217
298.195,1.060994503202537
292.825,1.0590746789093326
287.45,1.0571715733307563
282.07500000000005,1.0552876816236485
276.705,1.053425430227065
271.33,1.051582054951097
265.955,1.0497600050738334
260.58500000000004,1.04796165173031
255.215,1.0461859957918
249.84,1.0444321227506872
244.465,1.0427024039501447
239.095,1.0409991197689559
233.72,1.0393198023251677
228.34500000000003,1.0376667513929307
222.975,1.0360421660683041
217.605,1.0344451899698133
212.23,1.032875065311237
206.855,1.031333978423382
201.485,1.0298240020391969
196.11,1.0283429983328247
190.735,1.0268930548054906
185.365,1.0254761358097084
179.995,1.0240915279248186
174.62,1.022738629120917
169.245,1.021419376823068
163.875,1.0201355729474648
158.5,1.0188854379777552
153.125,1.0176707832256355
147.755,1.016493275633385
142.385,1.0153523415573604
137.01,1.0142475298782174
131.635,1.0131804663752346
126.265,1.0121526213903629
120.89,1.0111625960843276
115.515,1.0102118646847353
110.145,1.0093017383706133
104.775,1.008431778022584
99.4,1.0076016760992745
94.025,1.0068126896297382
88.65500000000002,1.0060659035555928
83.27999999999999,1.005360316271031
77.905,1.0046970116576517
72.53499999999998,1.0040768956786708
67.16,1.003499140697274
61.785,1.0029646498422349
56.415,1.0024741433976725
51.045,1.002027364885504
45.67,1.001624198094704
40.295,1.0012652954199124
34.925,1.000951121370092
29.55,1.0006812599564108
24.175,1.000456169863846
18.805,1.0002761193265124
13.435,1.000140975260273
8.059999999999999,1.000050747661327
2.685,1.0000056321435884
652.89,1.199887087796895
644.245,1.1966973047324287
635.595,1.19348101280937
626.9449999999999,1.190240654201888
618.2950000000001,1.1869768806003504
609.65,1.183692298546757
601.005,1.1803857775706048
592.355,1.1770561882531292
583.705,1.1737062926437463
575.0600000000001,1.1703389545899943
566.415,1.1669532091020534
557.7650000000001,1.1635481064103153
549.115,1.160126683845094
540.47,1.1566920770056164
531.825,1.1532435175709288
523.175,1.1497802680018057
514.525,1.1463056531172633
505.88,1.1428230892277802
497.235,1.1393320342274016
488.585,1.1358319933774612
479.935,1.132326584021442
471.29,1.1288195041824736
462.645,1.1253104636626197
453.99500000000006,1.1217992367216667
445.345,1.1182897283159638
436.7,1.1147859084207186
428.055,1.1112877579595932
419.405,1.1077953392464606
410.755,1.1043128269773532
402.11,1.1008444395830679
393.465,1.0973904389365778
384.815,1.0939511842979148
376.165,1.0905310862511892
367.52,1.087134571570701
358.875,1.0837621805707542
350.225,1.0804145651770456
341.575,1.0770963193586682
332.93,1.0738120190929035
324.285,1.0705624656430661
315.635,1.0673485835233236
306.985,1.0641750770522265
298.34,1.0610465917608294
289.69500000000005,1.0579641554750558
281.045,1.0549289276451557
272.395,1.0519456287969582
263.75,1.0490188738243773
255.105,1.0461498651514753
246.455,1.0433399415013278
237.805,1.040593725602365
229.16,1.037915682878566
220.515,1.0353071218105263
211.865,1.032769488076067
203.215,1.0303071762089748
194.57,1.027924368870534
185.925,1.0256223984922708
177.275,1.023402732172588
168.625,1.0212693953391696
159.98000000000002,1.0192261466941832
151.335,1.0172742520572788
142.685,1.0154151067378436
134.03500000000005,1.0136522237625574
125.39,1.011988797435659
116.745,1.0104259348866025
108.095,1.0089648660545014
99.445,1.0076084557038285
90.8,1.006359204142436
82.155,1.005217974354176
73.505,1.004185745302054
64.85499999999999,1.003264615595274
56.21,1.0024562832276476
47.565,1.0017612965682345
38.915000000000006,1.0011803143302498
30.265,1.000714579030289
21.62,1.000364908801129
12.975,1.0001314893377935
4.325,1.0000146133424193
549.015,1.1600870388314342
531.5849999999999,1.1531475926819676
514.16,1.1461588072251172
496.735,1.139129894451579
479.305,1.1320711116320452
461.87500000000006,1.1249978828310645
444.445,1.1179247535822436
427.015,1.1108674081493617
409.585,1.1038426628961526
392.155,1.0968684458809925
374.725,1.089963761133354
357.295,1.083148636168988
339.86499999999995,1.076444051460073
322.435,1.0698718508004956
305.01,1.0634564482238944
287.585,1.0572191399626392
270.15500000000003,1.051181900487844
252.725,1.0453705459629397
235.295,1.039809191993434
217.865,1.0345218646044205
200.435,1.029532280011077
183.005,1.0248636124887973
165.575,1.02053825379502
148.145,1.016577568128811
130.715,1.0130016470688734
113.285,1.0098290692783842
95.86,1.0070773978178855
78.435,1.0047605275200928
61.005,1.0028906983756964
43.575,1.0014790342981734
26.145000000000003,1.0005334622788717
8.715,1.0000593298536327
397.49500000000006,1.0989986369525389
385.26,1.0941276704967948
373.025,1.0892947893209852
360.795,1.0845089522822804
348.565,1.079775409489593
336.335,1.0751016087348897
324.105,1.0704951948012233
311.875,1.0659639896344233
299.645,1.0615159700843533
287.415,1.057159243219078
275.185,1.052902019243976
262.955,1.0487525820888872
250.725,1.044719257759434
238.495,1.0408103805832871
226.265,1.0370342575178473
214.035,1.0333991307219754
201.805,1.0299131386303755
189.575,1.026584275804256
177.345,1.0234203518652096
165.115,1.0204289498500212
152.885,1.017617384351532
140.655,1.0149926598339305
128.42000000000002,1.0125604760048263
116.18500000000002,1.0103282140986811
103.955,1.008302498259218
91.725,1.0064877396455174
79.495,1.0048888014865307
67.265,1.0035100137091906
55.035,1.00235514411152
42.80499999999999,1.0014273729417174
30.575,1.0007292711991393
18.345,1.0002627829309199
6.115,1.000029211750279
677.2,1.2087201469099067
669.375,1.2058993531006401
661.5450000000001,1.203055315919578
653.715,1.2001901828280246
645.885,1.1973043342587593
638.0550000000001,1.1943981800766421
630.225,1.1914721605378622
622.395,1.188526747251442
614.565,1.1855624441407193
606.74,1.1825816987719533
598.915,1.1795831945219413
591.0849999999999,1.1765656045052202
583.255,1.1735314817424718
575.425,1.1704815059196494
567.5949999999999,1.1674163946534453
559.765,1.164336904373139
551.935,1.161243831177353
544.1049999999999,1.1581380116616693
536.28,1.1550223181672616
528.455,1.151895689547686
520.625,1.1487570794185455
512.795,1.1456094882983527
504.965,1.1424539662978157
497.135,1.1392916081268802
489.305,1.1361235535891037
481.475,1.1329509880077984
473.645,1.1297751425783427
465.815,1.12659729464094
457.99,1.123420797506323
450.165,1.1202449898609328
442.335,1.1170692585318267
434.505,1.113897095950116
426.675,1.1107300110189484
418.845,1.1075695584243057
411.015,1.1044173381865796
403.185,1.1012749950858554
395.355,1.0981442179554026
387.53,1.0950287249472734
379.705,1.0919282838267148
371.875,1.088842741884889
364.045,1.0857759403530862
356.21500000000003,1.0827297727180003
348.385,1.0797061692396093
340.555,1.0767070951919953
332.725,1.0737345489399406
324.895,1.070790559849447
317.06999999999994,1.0678790362122403
309.245,1.0650001691889361
301.415,1.0621542571251963
293.585,1.059345279318231
285.755,1.0565753829208324
277.92499999999995,1.0538467300514933
270.095,1.0511614945519665
262.26500000000004,1.0485218585915757
254.43500000000003,1.045930009123963
246.61,1.0433897409561261
238.785,1.040901564686228
230.955,1.0384661174268346
223.125,1.0360871739316329
215.295,1.033766887309966
207.465,1.0315073915490351
199.635,1.0293107971822906
191.805,1.0271791868920874
183.975,1.0251146110611542
176.15,1.023120335117945
168.325,1.021196987630673
160.495,1.0193453327399398
152.665,1.0175684985999085
144.83499999999998,1.01586830676444
137.005,1.0142465196364916
129.175,1.012704836128209
121.345,1.0112448874091715
113.515,1.009868232761646
105.69,1.0085771531614367
97.865,1.0073721437138092
90.03500000000001,1.0062538361451494
82.205,1.0052242612819164
74.375,1.0042845619617067
66.54499999999999,1.0034357875482327
58.715,1.0026788910410918
50.885,1.002014726429925
43.05499999999999,1.0014440463065186
35.23,1.000967773897844
27.405,1.0005860575989103
19.575000000000003,1.0002991807378716
11.745,1.0001077463272348
3.915,1.0000119741077658
500.65,1.140712010104054
493.745,1.1379206291005193
486.835,1.1351231867303913
479.93,1.1323245565393028
473.025,1.1295235681552442
466.12,1.1267211019781358
459.215,1.1239180664380826
452.31,1.1211153980458008
445.405,1.1183140613974587
438.5,1.1155150491314696
431.595,1.1127193818347823
424.69,1.1099281078962249
417.785,1.1071423033044847
410.875,1.1043610615634085
403.97,1.1015895386657968
397.065,1.098826876627337
390.16,1.0960742586453984
383.255,1.0933328935950835
376.35,1.090604015447291
369.4450000000001,1.087888882616318
362.54,1.085188777235287
355.63500000000005,1.0825050043578277
348.725,1.0798369672403831
341.82,1.0771898760265803
334.915,1.074563161880887
328.01000000000005,1.0719582120496602
321.105,1.069376431559461
314.20000000000005,1.0668192419542495
307.295,1.0642880799536776
300.39,1.0617843960327695
293.485,1.0593096529235826
286.58,1.0568653240397585
279.675,1.0544528918252025
272.76500000000004,1.0520721357881335
265.86,1.049727997465491
258.955,1.047420240796015
252.05,1.0451503663772934
245.145,1.0429198745088044
238.24,1.0407302631310638
231.335,1.0385830257075768
224.43,1.0364796490537473
217.52500000000003,1.0344216111172648
210.615,1.0324089396660037
203.71,1.0304460016496186
196.805,1.028532761203203
189.9,1.0266706378014052
182.995,1.0248610304066794
176.09,1.0231053150730658
169.18499999999997,1.021404842542588
162.27999999999997,1.019760935841288
155.37499999999997,1.018174887882143
148.47,1.0166479590822812
141.565,1.0151813750020784
134.65500000000003,1.013775329172857
127.75,1.0124330059619349
120.845,1.0111544726785886
113.94,1.009940792522856
107.035,1.0087929826314703
100.13,1.007712012011315
93.225,1.0066987995489274
86.32000000000001,1.0057542121034646
79.415,1.004879062690332
72.505,1.0040735514907035
65.6,1.0033395449000917
58.695,1.002677076108594
51.790000000000006,1.002086726599001
44.885,1.0015690165197162
37.98,1.0011244035467532
31.075,1.0007532818775278
24.17,1.0004559813605478
17.265,1.0002327667645787
10.36,1.0000838371902936
3.455,1.0000093256268434
344.95,1.0783873461578657
324.045,1.0704727748057379
303.135,1.0627763217417656
282.23,1.055341732302061
261.32500000000005,1.0482081370416445
240.42,1.0414170458967609
219.515,1.0350099949305522
198.605,1.0290266373376065
177.70000000000002,1.0235097958717454
156.79500000000002,1.0184962677141576
135.89,1.014022052404481
114.985,1.010120264878314
94.075,1.0068198383172606
73.17,1.0041479948629155
52.265,1.0021250161782482
31.36,1.0007671411801768
10.455,1.0000853815307795
589.99,1.1761422715425462
580.07,1.1722927196199637
570.155,1.168420145223904
560.2400000000001,1.1645241141375116
550.3249999999999,1.1606062271854094
540.4100000000001,1.1566681891798074
530.4949999999999,1.152711811496141
520.58,1.1487390144888574
510.66,1.1447498157660332
500.745,1.1407503824242842
490.83,1.1367409671020416
480.915,1.1327239462067396
471.0,1.1287018139076697
461.085,1.124677183038157
451.17,1.1206527856440576
441.25000000000006,1.1166294465274826
431.335,1.1126141933002078
421.42,1.1086080860822836
411.505,1.104614331162402
401.59,1.1006362504012313
391.67,1.09667528797144
381.755,1.0927389840860995
371.84,1.088828990227156
361.925,1.0849490626588936
352.01000000000005,1.0811030562431585
342.095,1.0772949191653316
332.18,1.0735286869908207
322.26,1.0698066123002639
312.345,1.0661366387262954
302.42999999999995,1.0625211335017988
292.515,1.0589644085989853
282.6,1.055470823355274
272.685,1.0520447744305852
262.77,1.0486906851164506
252.85,1.0454113611481608
242.935,1.04221455218711
233.02,1.0391030186913872
223.105,1.03608117163906
213.19,1.033153386596201
203.275,1.0303239899146581
193.36,1.0275972446032213
183.44,1.0249760424042107
173.52499999999998,1.0224671203479603
163.61,1.0200731159729168
153.69500000000002,1.0177978936638288
143.78000000000003,1.0156451816178935
133.86,1.0136175678377293
123.945,1.0117205105844733
114.03,1.009956190146186
104.115,1.0083276491435358
94.2,1.0068377257550485
84.285,1.0054890416769755
74.36999999999999,1.0042839908411516
64.45,1.0032242319178113
54.535,1.0023127419760964
44.62,1.0015506016224736
34.705,1.0009391989164862
24.79,1.0004796520042043
14.875,1.0001728040264204
4.96,1.0000192192612116
248.145,1.0438840169854156
240.51,1.041445489412586
232.875,1.0390581693510639
225.24,1.0367240694808175
217.605,1.0344451899698133
209.97,1.0322235147453365
202.335,1.0300610076940238
194.7,1.0279596088018363
187.065,1.0259212302459455
179.42999999999998,1.023947752451187
171.795,1.0220410201243837
164.16,1.0202028382804131
156.52500000000003,1.0184349682744251
148.89,1.0167391238550478
141.25,1.0151159294361092
133.61499999999998,1.0135691173311647
125.98,1.0120991485812398
118.345,1.0107075079561862
110.71,1.0093956137383917
103.075,1.0081648142281971
95.44,1.0070163843794828
87.80499999999999,1.0059515225806002
80.16999999999999,1.0049713475954107
72.535,1.0040768956786708
64.9,1.0032691178793764
57.26499999999999,1.0025488775449545
49.63,1.0019169480383614
41.995,1.0013740106792375
34.36,1.0009206529192582
26.725,1.0005573667607452
19.09,1.0002845474264406
11.455,1.000102492287136
3.82,1.0000114000525717
115.025,1.010127164568065
110.99,1.0094423006632673
106.95,1.0087792677035596
102.915,1.008139898285004
98.88,1.0075235431325065
94.845,1.0069303816428288
90.81,1.0063605871057226
86.77,1.0058136643435744
82.735,1.0052911279951444
78.69999999999999,1.0047924407927908
74.665,1.004317750388999
70.63,1.0038671977489033
66.59,1.0034404039284766
62.555,1.0030385527602166
58.52,1.0026612212612755
54.48500000000001,1.0023085226515769
50.45,1.001980562993932
46.415,1.0016774411148468
42.38,1.0013992485305119
38.34,1.0011457711987657
34.305,1.0009177133080807
30.27,1.000714814819613
26.235000000000003,1.000537137365873
22.2,1.0003847349800195
18.160000000000004,1.0002575123064836
14.125,1.0001558230052745
10.09,1.0000795249276846
6.055000000000001,1.0000286413475337
2.02,1.0000031877921758
87.07000000000001,1.0058534629145925
79.495,1.0048888014865307
71.925,1.0040091603153207
64.35499999999999,1.0032147948862837
56.785,1.002506540129769
49.215,1.0018851438671141
41.645,1.0013512648526948
34.075,1.0009054710390364
26.500000000000004,1.0005480314763995
18.925,1.000279652583366
11.355,1.0001007109800415
3.785,1.0000111921127488
204.62,1.0307018820715883
199.695,1.0293273848901128
194.225,1.0278309361704974
188.755,1.026366895905347
183.285,1.0249359566636387
177.815,1.0235388018359428
172.34,1.0221748752407112
166.86499999999998,1.0208461341402053
161.395,1.0195543958486328
155.92499999999998,1.018299069910111
150.455,1.0170807825653296
144.985,1.0159001464007553
139.515,1.0147577596192576
134.04500000000002,1.0136542053194044
128.575,1.0125900507849657
123.1,1.011564929024813
117.625,1.0105803658942287
112.155,1.009637721225347
106.685,1.008736574433449
101.215,1.0078774034994302
95.745,1.0070606666250033
90.275,1.006286801636136
84.805,1.0055562254086243
79.33500000000001,1.0048693333171783
73.86000000000001,1.0042259313723048
68.385,1.0036270192610832
62.915,1.003073411152599
57.44499999999999,1.002564844080685
51.975,1.0021015985202248
46.505,1.0016839307035412
41.035,1.0013120722683784
35.565,1.0009862299384407
30.094999999999995,1.0007065852373025
24.62,1.0004731022370756
19.145000000000003,1.0002861884617964
13.675,1.0001460554676656
8.205,1.0000525898000752
2.735,1.000005843857479
992.63,1.3031150057114225
971.71,1.298007893768316
950.815,1.2927527131815024
929.92,1.2873402602111381
909.02,1.2817662065238684
888.125,1.2760305070946
867.2299999999999,1.270129453585875
846.33,1.2640595562788006
825.435,1.2578221440471102
804.5400000000001,1.2514147243613334
783.64,1.244835235844154
762.74,1.2380854042856848
741.8450000000001,1.2311678916018942
720.9499999999999,1.2240829622951543
700.0500000000001,1.2168317013175474
679.155,1.209421511866602
658.2600000000001,1.201855824767228
637.3599999999999,1.1941392598264293
616.46,1.1862815628095238
595.565,1.1782942094864644
574.67,1.1701866032016421
553.7700000000001,1.1619698835872734
532.875,1.153663073595802
511.98,1.145281391335288
491.08,1.136842165480461
470.185,1.1283710523788966
449.29,1.1198899718759572
428.39,1.1114231831365473
407.49,1.1030013593974104
386.595,1.094657429895152
365.7000000000001,1.0864225041266957
344.8,1.078329865799263
323.905,1.0704204685264997
303.01,1.0627310539957007
282.11,1.0552998851685218
261.21,1.0481698036802076
240.315,1.0413838707926055
219.42,1.0349818184081552
198.52,1.0290032376293896
177.62499999999997,1.0234908871471229
156.73,1.0184815022131322
135.83,1.0140100196028783
114.935,1.0101116433676707
94.04,1.0068148338587033
73.14,1.0041446223595785
52.24,1.0021229923694672
31.345,1.000766408608009
10.45,1.0000852998984966
350.435,1.0804954996735587
346.52,1.0789895306253003
342.6,1.0774879004417839
338.685,1.0759946898521018
334.77000000000004,1.0745082312166507
330.855,1.073028778190819
326.94,1.0715565862656844
323.02500000000003,1.0700919126949273
319.11,1.0686350164191216
315.195,1.0671861579874025
311.28,1.0657455994765184
307.365,1.0643136044072738
303.45,1.0628904376583739
299.53,1.0614745653393072
295.61499999999995,1.0600698669802837
291.69999999999993,1.0586747991684164
287.785,1.057289631302324
283.86999999999995,1.0559146336693135
279.955,1.0545500773440772
276.04,1.0531962340849699
272.125,1.0518533762279092
268.21,1.0505217765779435
264.295,1.0492017082985345
260.38,1.047893444798607
256.46000000000004,1.0465956120478883
252.545,1.0453117946877337
248.63,1.0440406029939404
244.715,1.0427823101848137
240.8,1.0415371891278296
236.885,1.0403055122146065
232.97,1.0390875512341222
229.055,1.0378835772442583
225.14,1.0366938604417628
221.225,1.0355186700307222
217.31,1.034358274089636
213.39,1.0332114864287378
209.475,1.0320814982318334
205.56000000000003,1.0309671009747932
201.645,1.0298685568779598
197.73,1.028786126353969
193.81500000000003,1.0277200678686673
189.9,1.0266706378014052
185.985,1.0256380903048274
182.07,1.0246226771642888
178.155,1.0236246476570234
174.24,1.0226442484111977
170.32,1.0216805055178888
166.40500000000003,1.0207361186668118
162.49,1.0198100849606304
158.57500000000002,1.0189026390200147
154.66000000000005,1.0180140121146901
150.745,1.0171444320246854
146.83,1.0162941229024431
142.91500000000002,1.0154633051359385
139.0,1.014652195212954
135.085,1.013861005586655
131.17000000000002,1.013089944542617
127.25,1.0123382703686161
123.335,1.0116081003683695
119.42,1.0108986577427403
115.505,1.01021013280529
111.59,1.0095427110638584
107.675,1.0088965730993749
103.76,1.0082718944471396
99.845,1.0076688454807168
95.93,1.0070875912985784
92.015,1.0065282916136382
88.1,1.005991100645807
84.18,1.0054755236683646
80.265,1.004983019001488
76.35,1.004513051898476
72.435,1.0040657535902207
68.52,1.003641249327133
64.60499999999999,1.0032396582924996
60.68999999999999,1.002861093519717
56.775,1.0025056618135066
52.86000000000001,1.0021734636752146
48.945,1.0018645932322912
45.03,1.0015791381720427
41.10999999999999,1.0013168601781683
37.195,1.0010785030281963
33.28,1.0008637851679398
29.365,1.00067276794146
25.45,1.0005055059882932
21.535,1.0003620472044612
17.62,1.0002424327082418
13.705,1.0001466968107413
9.79,1.0000748669913135
5.875,1.0000269638778514
1.96,1.0000030012319852
392.025,1.0968166663037886
374.6,1.0899145428041819
357.18,1.083104014702554
339.75500000000005,1.0764021360803768
322.33,1.069832705824754
304.91,1.0634201225074489
287.485,1.0571839042571178
270.06,1.0511495923258103
252.64000000000004,1.0453427989810296
235.215,1.0397842800129113
217.79,1.0344997401178238
200.37,1.0295142592634219
182.945,1.024848121691704
165.52,1.0205251714647536
148.10000000000002,1.0165678322332055
130.67499999999998,1.0129938977973694
113.25,1.009823116033389
95.83,1.0070730313321485
78.405,1.0047569212207133
60.98,1.0028883433139548
43.56,1.0014780192149364
26.135,1.000533054712118
8.71,1.0000592618033697
330.51,1.072898749325694
327.985,1.071948821901912
323.40000000000003,1.070231874408431
318.815,1.0685255599027828
314.225,1.066828454349482
309.635,1.0651428471133622
305.05,1.0634709801526931
300.465,1.0618114374743377
295.875,1.0601628591510255
291.29,1.058529268130134
286.705,1.0569092942952587
282.115,1.0553016286009986
277.52500000000003,1.0537084824208138
272.93999999999994,1.0521320050786058
268.355,1.0505708911333962
263.76500000000004,1.0490239028978978
259.17999999999995,1.0474948502948394
254.59500000000003,1.045982478850013
250.005,1.0444856068289976
245.415,1.0430063331565114
240.83,1.0415466795174495
236.245,1.0401054624570087
231.655,1.038681577828677
227.06500000000003,1.037277043926485
222.48,1.0358937930445165
217.895,1.0345307159429704
213.30500000000004,1.0331867891103768
208.72000000000003,1.031865367363363
204.135,1.0305653990124468
199.545,1.0292859227757751
194.955,1.0280287863440758
190.37,1.0267957362833047
185.785,1.0255857999188758
181.195,1.024398100993983
176.60500000000002,1.0232343727884599
172.02,1.022096239111204
167.435,1.0209828085950918
162.84500000000003,1.0198932919811865
158.26000000000002,1.0188304410735372
153.675,1.0177934267896072
149.085,1.0167815261758824
144.49499999999998,1.0157962434762984
139.90999999999997,1.0148389597810656
135.325,1.0139089305856057
130.735,1.0130055225015095
126.14999999999998,1.0121310315121466
121.565,1.0112847775230793
116.975,1.010466194984464
112.385,1.0096765247626238
107.8,1.008916872578845
103.215,1.0081866453546593
98.625,1.0074853686720917
94.035,1.0068141190797815
89.45,1.006173832112012
84.865,1.0055640027887676
80.275,1.0049842483425728
75.69000000000001,1.004436053136876
71.105,1.0039189788514506
66.51499999999999,1.0034327116474764
61.925,1.0029780202833873
57.34,1.0025555243031228
52.755,1.002164874954078
48.165,1.001805850436343
43.58,1.001479372735997
38.995000000000005,1.0011851606957263
34.40500000000001,1.000923061532576
29.815,1.0006935165966588
25.23,1.0004968128161893
20.645,1.0003327596640605
16.055,1.000201296290249
11.465,1.0001026712761694
6.88,1.0000369772651614
2.2950000000000004,1.0000041148294174
1314.35,1.364837234267851
1291.85,1.3614044489858357
1269.4,1.3578647241370163
1246.95,1.3542064382912957
1224.45,1.3504168090623658
1202.0,1.3465083528235748
1179.55,1.342468378920767
1157.05,1.3382829451143397
1134.6,1.3339660920157013
1112.15,1.329504067732578
1089.65,1.324881793260893
1067.2,1.3201151550823225
1044.75,1.31518941586897
1022.25,1.3100884642799955
999.78,1.30482569070143
977.325,1.299393686930847
954.86,1.2937822273542392
932.395,1.2879896727366584
909.925,1.2820109295811433
887.455,1.2758438671653671
864.9899999999999,1.2694869435049605
842.525,1.2629363373113405
820.055,1.2561886562943703
797.585,1.2492441733987607
775.12,1.2421041590650792
752.655,1.234767698353789
730.185,1.2272347883187522
707.72,1.2195117115704037
685.255,1.211601136736025
662.785,1.2035071278931444
640.3149999999999,1.1952390528332724
617.85,1.1868083549420683
595.3850000000001,1.1782248625279572
572.915,1.169500560695255
550.4449999999999,1.1606537688903613
527.98,1.1517055631800424
505.515,1.1426758547810754
483.045,1.1335874248921325
460.58,1.124472179394826
438.115,1.11535907431409
415.645,1.1062802076864067
393.175,1.0972748498366323
370.71,1.0883852103301686
348.245,1.0796523246717482
325.775,1.0711199408896728
303.305,1.0628379007880493
280.84,1.0548576128499216
258.375,1.0472280996962162
235.905,1.0399993355168213
213.44000000000003,1.0332260176382313
190.975,1.0269571247916698
168.50500000000002,1.0212404194121973
146.035,1.0161238285588439
123.57,1.0116513463954213
101.105,1.0078605595859873
78.635,1.0047846034268189
56.165,1.002452371233944
33.7,1.0008856861485904
11.235,1.0000985940116387
660.835,1.2027963788109608
639.165,1.1948113826132534
617.5,1.186675764492776
595.835,1.17839821316797
574.1650000000001,1.169989272160022
552.5,1.161467459220714
530.8349999999999,1.1528477646722834
509.165,1.1441475042090783
487.5,1.1353925583051452
465.835,1.1266054131874566
444.165,1.1178112143140044
422.5,1.109043913836944
400.835,1.1003340693734214
379.165,1.0917149247294682
357.5,1.0832281907056631
335.835,1.074911910550282
314.165,1.066806345174101
292.5,1.058959074503183
270.835,1.051413354585834
249.165,1.044213561491277
227.5,1.0374093114446021
205.835,1.0310448645692738
184.165,1.0251638999658783
162.5,1.019812426729191
140.83499999999998,1.0150299031866445
119.165,1.0108531724039527
97.5,1.0073180589101336
75.835,1.0044529142773337
54.165000000000006,1.0022816089382003
32.5,1.000823835661847
10.835,1.000091699761254
485.495,1.1345803031270985
476.585,1.1309679100777386
467.675,1.1273522974093686
458.77,1.1237374242801388
449.865,1.120123266350285
440.955,1.116509878659492
432.045,1.1129014535936035
423.1350000000001,1.1093002310836608
414.225,1.1057085276021985
405.32,1.1021307402803788
396.415,1.0985673129459317
387.505,1.0950187944628622
378.595,1.091489800124835
369.685,1.0879830090382194
360.78,1.0845031130977005
351.875,1.0810509423029617
342.965,1.0776274493234528
334.055,1.0742375069880685
325.14500000000004,1.07088409481472
316.23999999999995,1.0675720891273015
307.33500000000004,1.0643026650100544
298.425,1.0610771324564516
289.515,1.0579004852912177
280.605,1.0547758976740258
271.695,1.0517065660518108
262.79,1.0486973753992805
253.885,1.0457498037106208
244.975,1.0428654696442445
236.06500000000003,1.0400492646671131
227.155,1.0373043950520977
218.25,1.0346355237245446
209.345,1.0320442422683336
200.435,1.029532280011077
191.525,1.0271041900609048
182.615,1.0247629950832786
173.70499999999998,1.0225116557955336
164.8,1.0203542471672122
155.895,1.0182922866834543
146.985,1.0163274186305544
138.07500000000002,1.0144634551526475
129.165,1.0127029191040413
120.26,1.0110491191748825
111.355,1.0095033240657192
102.445,1.0080669170243746
93.535,1.006742822704187
84.625,1.0055329248072755
75.72000000000001,1.0044395390951724
66.815,1.0034635313479403
57.905,1.002605870402562
48.995,1.0018683905036958
40.085,1.0012521743900673
31.175,1.0007581304690405
22.27,1.000387163180153
13.364999999999998,1.0001395104573316
4.455,1.0000155050074557
771.7799999999999,1.2410258095423048
752.24,1.2346303314803118
732.7049999999999,1.2280892205807241
713.1700000000001,1.2214027421488294
693.63,1.2145717992007374
674.09,1.2076016253113877
654.55,1.200496717536449
635.0100000000001,1.1932626188937323
615.4699999999999,1.1859060100851306
595.9300000000001,1.1784348022696287
576.395,1.170860180882561
556.8599999999999,1.1631908877065962
537.32,1.155437067235094
517.7799999999999,1.147614398969174
498.24,1.1397382643730887
478.7,1.131825759147384
459.16,1.1238957397920117
439.62,1.1159688524932478
420.08,1.108067540874107
400.545,1.1002180296054147
381.01,1.092444231967339
361.47,1.0847717967735437
341.93,1.0772318894087811
322.39,1.0698550736935775
302.85,1.0626731248548515
283.31,1.0557188018070796
263.77,1.0490255792943688
244.235,1.0426289377126268
224.7,1.0365610533237342
205.16,1.030854129950089
185.62,1.025542694037415
166.08,1.0206585430688682
146.54,1.0162319097364163
127.0,1.0122910281362354
107.46,1.0088617091717256
87.925,1.0059676068807168
68.38999999999999,1.0036275458146457
48.85,1.0018573889390368
29.309999999999995,1.0006702535175347
9.77,1.0000745614576447
245.365,1.0429903175841078
239.96,1.0412717791744917
233.2,1.0391587204188864
226.44,1.0370873155695977
219.68,1.0350589539667077
212.92,1.0330750153345751
206.16,1.0311368677217732
199.4,1.0292458654105692
192.64,1.0274033468009516
185.88,1.025610632274475
179.12,1.0238690220434454
172.36,1.0221797939912107
165.6,1.0205442015095187
158.84500000000003,1.0189646199470483
152.09,1.0174410148672923
145.33,1.0159734867029384
138.57,1.0145643181024775
131.80999999999997,1.0132146079511661
125.05,1.011925417963717
118.29,1.0106977706811373
111.53,1.0095326475170545
104.77,1.0084309868602068
98.01,1.0073936822397083
91.25,1.0064215805595655
84.49000000000001,1.0055154804087836
77.72999999999999,1.0046761304531993
70.97,1.0039042279149653
64.21000000000001,1.003200417145346
57.45,1.0025652882961955
50.69500000000001,1.0019997689690556
43.94,1.0015038410914283
37.18,1.0010776352006159
30.42,1.0007219065074298
23.66,1.000436958113704
16.9,1.0002230332804136
10.14,1.000080314909458
3.3800000000000003,1.0000089251531805
185.25,1.0254461431886552
178.75,1.0237751977100285
172.25,1.0221527466744118
165.75,1.0205799035522876
159.25,1.019057759002661
152.75,1.0175873791059369
146.25,1.0161698036093543
139.74999999999997,1.014806044189987
133.25,1.0134970827403682
126.75,1.0122438696818505
120.25,1.0110473223108247
113.75,1.0099083231829158
107.25,1.0088277185402474
100.75,1.0078063167868134
94.25,1.0068448870169115
87.75,1.0059441576014978
81.25,1.0051048148371897
74.75,1.0043275016624875
68.25,1.0036128164456177
61.75,1.0029613118481888
55.25,1.0023734937686373
48.75,1.0018498203691857
42.24999999999999,1.0013907011897771
35.75000000000001,1.0009964963521576
29.25,1.000667515856976
22.75,1.0004040189764507
16.25,1.000206213744817
9.75,1.000074256548417
3.25,1.0000082518169378
476.71,1.1310186156791857
473.11,1.1295580589174805
467.575,1.127311707139641
462.045,1.1250668942283002
456.51,1.1228200383616986
450.975,1.1205736585244044
445.445,1.1183302835492328
439.91,1.1160863689420832
434.375,1.1138444677516293
428.845,1.1116071372229268
423.31,1.1093708782237968
417.775,1.1071382733267188
412.245,1.1049119031448904
406.71,1.1026883221095407
401.175,1.1004701370900654
395.645,1.0982599463311489
390.11,1.0960543661445865
384.575,1.0938560217487054
379.04,1.0916655475580441
373.505,1.0894835881346863
367.975,1.0873127563921765
362.44,1.0851497904111402
356.90500000000003,1.0829973307312832
351.375,1.0808579890176198
345.84,1.078728587542925
340.30499999999995,1.0766117656240075
334.77500000000003,1.0745101252175897
329.23999999999995,1.0724205810299332
323.70500000000004,1.070345762395835
318.175,1.0682882523554562
312.64000000000004,1.066245066124378
307.105,1.0642188135327104
301.57500000000005,1.062212048769383
296.04,1.0602218954079647
290.505,1.0582509335155765
284.975,1.056301677806815
279.44,1.0543713677757147
273.90500000000003,1.0524625427772747
268.37500000000006,1.0505776667954294
262.84000000000003,1.0487141024661013
257.305,1.0468743368551277
251.775,1.0450607713997009
246.24,1.0432708987087758
240.705,1.0415071414359964
235.175,1.039771826188333
229.64,1.0380625819463987
224.105,1.0363817543839033
218.57,1.0347301040265307
213.035,1.033108386760848
207.505,1.0315187762504938
201.97,1.0299591417321792
196.435,1.028431671811749
190.905,1.0269384311829133
185.37,1.0254774401729079
179.83500000000004,1.0240507756897586
174.30499999999998,1.0226603805473071
168.77,1.0213044307541757
163.235,1.0199848784856396
157.70499999999998,1.0187035319627449
152.17,1.0174587269544955
146.63500000000002,1.0162522781268937
141.105,1.01508584677276
135.57,1.0139579319979237
130.03500000000005,1.012870198626772
124.505,1.0118241492526334
118.97,1.0108184494092314
113.435,1.0098546023812447
107.905,1.008933941043761
102.37,1.008055299987679
96.835,1.0072200100837192
91.305,1.0064292244075865
85.77,1.0056819488030813
80.235,1.0049793318605174
74.69999999999999,1.0043217643220688
69.165,1.0037096133972259
63.635,1.0031437131544947
58.1,1.0026233586939983
52.565,1.0021493761187494
47.035,1.001722398695282
41.49999999999999,1.0013418967473857
35.965,1.001008493975745
30.435,1.00072261759314
24.9,1.0004839140132384
19.365,1.0002927997057283
13.835,1.0001494921853369
8.3,1.0000538145198714
2.765,1.0000059727606827
196.785,1.0285272931573228
191.395,1.0270693992696633
186.0,1.02564201388683
180.605,1.0242471640468507
175.215,1.0228867471788778
169.82500000000002,1.0215600948988917
164.435,1.0202678363079614
159.045,1.0190105894087897
153.65499999999997,1.017788960413946
148.265,1.016603543058508
142.87,1.0154538696609483
137.47500000000002,1.0143416250827928
132.085,1.01326834094141
126.695,1.0122335060699852
121.305,1.0112376417254383
115.915,1.0102812527308982
110.525,1.0093648268575641
105.13,1.0084880405253958
99.735,1.0076522156039234
94.345,1.006858503309992
88.95500000000001,1.00610652365549
83.565,1.0053966704272734
78.175,1.004729317019629
72.785,1.0041048159511312
67.395,1.0035234984056758
62.0,1.0029851951715012
56.605,1.0024907536312007
51.215,1.002040836012749
45.825,1.001635205460119
40.435,1.0012740804760156
35.045,1.0009576560395248
29.655,1.0006861033440095
24.265,1.0004595695662994
18.87,1.0002780303903134
13.475,1.0001418157222213
8.085,1.0000510629291532
2.695,1.000005674173888
960.685,1.2952544681066012
952.375,1.2931504540271783
939.59,1.2898648353497038
926.81,1.286521042152122
914.025,1.2831157951788625
901.24,1.2796497658848724
888.455,1.2761223717170271
875.67,1.2725330775110857
862.8900000000001,1.2688828410317647
850.105,1.2651683816755153
837.3199999999999,1.261390754697528
824.5400000000001,1.257551184212768
811.755,1.2536464520848423
798.9699999999999,1.2496779177931407
786.1899999999999,1.245647131408376
773.405,1.241550998049895
760.62,1.237391247893224
747.84,1.2331698254947736
735.0550000000001,1.2288838319492583
722.27,1.2245354437007452
709.4849999999999,1.2201253403471308
696.6999999999999,1.2156543536619528
683.92,1.2111252612229266
671.135,1.206535685484446
658.35,1.201888736776323
645.5699999999999,1.1971878091783736
632.785,1.1924309731379468
620.0,1.1876220226474035
607.22,1.182765060465945
594.4350000000001,1.1778587169778538
581.65,1.1729075639407769
568.87,1.167916503344414
556.0849999999999,1.1628848411191592
543.3,1.1578180151949973
530.52,1.1527218087121955
517.735,1.147596315675964
504.95,1.1424479143192128
492.165,1.1372813093852878
479.38000000000005,1.13210152602075
466.6,1.1269159440222818
453.815,1.1217261823562414
441.03,1.1165402767581176
428.25,1.1113665861340305
415.465,1.1062077248008222
402.68,1.1010727067152422
389.9,1.0959708240936386
377.115,1.090905691999298
364.33,1.0858872169588967
351.55,1.0809255116672776
338.765,1.0760251357412094
325.98,1.0711967269171732
313.20000000000005,1.0664510266331302
300.415,1.0617934094673598
287.63,1.0572349981981242
274.845,1.052785167762289
262.06,1.048453381742096
249.28,1.0442507708724762
236.495,1.04018356319257
223.71,1.0362629101527383
210.93,1.0324996491420824
198.145,1.0289000954961869
185.36,1.0254748314745217
172.58,1.0222339312267723
159.79500000000002,1.0191834114154237
147.01,1.0163327917696992
134.23000000000002,1.0136908878700457
121.445,1.0112630111289604
108.66,1.0090571255599454
95.875,1.0070795815442604
83.09,1.0053361462086274
70.31000000000002,1.0038325032579547
57.525000000000006,1.0025719560730504
44.74,1.0015589271033227
31.96,1.000796729667459
19.175,1.0002870855573482
6.39,1.000031898043025
447.97,1.1193544560158613
443.555,1.1175638752518804
439.145,1.11577638078932
434.73,1.1139881865178622
430.315,1.1122015917906183
425.905,1.110418893334919
421.49,1.1086363297845736
417.075,1.1068562093301915
412.665,1.1050808336332603
408.25,1.103306471551302
403.835,1.1015354369841444
399.425,1.0997700331766176
395.01,1.0980065648545423
390.595,1.0962473482441768
386.18,1.0944927001313394
381.765,1.0927429415038714
377.355,1.0910003701117215
372.94,1.0892613634164376
368.525,1.0875282332996963
364.115,1.085803268920587
359.70000000000005,1.0840828993487506
355.285,1.0823694285019234
350.875,1.0806651326681949
346.46,1.0789664986321787
342.045,1.077275818012928
337.635,1.0755953496983657
333.22,1.0739216443746793
328.805,1.072256976773016
324.395,1.0706035836098278
319.98,1.0689580857164789
315.565,1.0673227360999489
311.15500000000003,1.0656997443017309
306.74,1.0640858075749788
302.325,1.0624831521298488
297.91,1.0608921600488452
293.495,1.0593132152760758
289.08500000000004,1.0577484703456006
284.67,1.0561947638607543
280.25500000000005,1.0546542654920574
275.845,1.0531290862311662
271.43,1.051616157810433
267.015,1.05011760853771
262.605,1.048635502147481
258.19000000000005,1.047166869678292
253.775,1.0457137922839188
249.365,1.0442782805871555
244.95,1.0428574710201726
240.535,1.0414533916521311
236.125,1.0400679940301365
231.71,1.0386985259505377
227.295,1.0373469563597706
222.885,1.036015171689686
218.47,1.0347005369276188
214.055,1.0334049557868386
209.64,1.0321288094022627
205.225,1.0308724764687902
200.81500000000003,1.0296377213664987
196.4,1.0284221169084014
191.985,1.02722744441491
187.575,1.0260553869688387
183.16,1.0249036492129324
178.74499999999998,1.0237739308892628
174.335,1.0226678278100916
169.92000000000002,1.0215831815284875
165.50500000000002,1.0205216041869536
161.095,1.0194845984775733
156.67999999999998,1.018470147685615
152.265,1.0174797704653786
147.85500000000002,1.0165148707116527
143.44,1.0155735779839197
139.025,1.0146573117419626
134.61499999999998,1.013767371628413
130.2,1.0129020377195266
125.78499999999998,1.012062624807002
121.37,1.0112494170654616
116.955,1.0104626912238872
112.545,1.0097035617820058
108.13,1.0089705682757375
103.715,1.0082648396488143
99.305,1.007587373065331
94.89,1.0069368682972324
90.475,1.00631433654074
86.065,1.0057206534044467
81.65,1.0051546819003045
77.235,1.0046173112788153
72.825,1.0041092918171335
68.41,1.003629652402699
63.995,1.003179156596347
59.585,1.0027584260519693
55.17,1.0023666577895152
50.755,1.002004486429832
46.345,1.001672402231677
41.92999999999999,1.0013697722177448
37.515,1.0010970993469683
33.1,1.0008544825318644
28.685,1.0006420099187128
24.275,1.0004599480879734
19.86,1.0003079505285557
15.445,1.000186296206106
11.035,1.0000951156721063
6.619999999999999,1.000034235468205
461.87,1.124995853084025
457.855,1.1233659973716241
452.5,1.1211925037547814
447.145,1.1190197943510574
441.79,1.1168483303338805
436.435,1.1146785829980417
431.08,1.1125110337240967
425.725,1.1103461739309761
420.37,1.1081845050163917
415.015,1.1060265382846408
409.66,1.1038727948614184
404.305,1.1017238055952472
398.9500000000001,1.099580110945152
393.595,1.0974422608542145
388.24,1.0953108146086548
382.8850000000001,1.093186340682101
377.53,1.091069416564727
372.175,1.0889606285769493
366.8200000000001,1.0868605716673998
361.465,1.084769849194906
356.11,1.0826890726942375
350.75500000000005,1.080618861625396
345.40000000000003,1.0785598431062584
340.045,1.076512651628404
334.69000000000005,1.074477928755989
329.33500000000004,1.0724563228075616
323.98,1.0704484885207468
318.625,1.0684550866997542
313.27,1.0664767838457128
307.915,1.0645142517698611
302.56,1.062568167189666
297.205,1.0606392113079846
291.85,1.0587280693754215
286.495,1.05683543023608
281.14,1.054961985856949
275.785,1.0531084308412109
270.43,1.0512754619258071
265.075,1.0494637774636377
259.72,1.0476740768908248
254.365,1.0459070601795182
249.01,1.0441634272767644
243.655,1.0424438775300175
238.3,1.0407491090999144
232.945,1.0390798183609824
227.59,1.03743669929101
222.235,1.0358204428498399
216.88,1.034231736348409
211.525,1.0326712628088954
206.17,1.0311397003168832
200.81500000000003,1.0296377213664987
195.46000000000004,1.0281659921995139
190.105,1.0267251721394566
184.75000000000003,1.0253159129218001
179.395,1.023938858021351
174.04,1.0225946419779797
168.685,1.0212838897218723
163.32999999999998,1.0200072158995208
157.97499999999997,1.0187652242016754
152.61999999999998,1.0175585066945279
147.265,1.0163876431553978
141.90999999999997,1.0152532004142178
136.55499999999998,1.0141557317021257
131.2,1.013095776008476
125.84499999999998,1.012073857447593
120.49,1.0110904846365851
115.135,1.010146150085539
109.78,1.0092413296013991
104.42499999999998,1.0083764817068344
99.07,1.00755204707537
93.715,1.0067684479840449
88.36,1.0060260877848302
83.005,1.0053253503960125
77.64999999999999,1.0046665998147166
72.295,1.0040501796516985
66.94,1.0034764126894997
61.585,1.00294560046501
56.23,1.0024580228774338
50.875,1.0020139378225983
45.52,1.0016135808544897
40.165000000000006,1.00125716487484
34.81,1.0009448798515215
29.455,1.0006768925664424
24.100000000000005,1.0004533463935643
18.745,1.0002743611075922
13.39,1.0001400327238108
8.035,1.0000504333694686
2.68,1.0000056111870284
198.66,1.0290417824234623
193.755,1.0277038585293103
188.85,1.0263920421075658
183.945,1.025106832318534
179.04,1.0238487223966057
174.135,1.0226181992153742
169.23,1.0214157428525712
164.325,1.020241826155486
159.42000000000002,1.0190969143075324
154.515,1.0179814643966447
149.61,1.0168959249861935
144.705,1.0158407356891164
139.79999999999998,1.0148163267459744
134.89499999999998,1.013823118607638
129.98999999999998,1.0128615215233214
125.085,1.0119319351346732
120.18,1.0110347480766462
115.275,1.0101703375858486
110.37,1.0093390691170914
105.465,1.0085412959688291
100.555,1.0077765975612065
95.65,1.007046859497791
90.745,1.0063516004283066
85.84,1.0056911214681123
80.935,1.0050657098603568
76.03,1.0044756386689186
71.125,1.0039211664848073
66.22,1.003402537146606
61.315,1.0029199794755084
56.41,1.0024737070254863
51.505,1.0020639178490867
46.6,1.0016907942793356
41.69499999999999,1.001354502728195
36.790000000000006,1.0010551935019825
31.885000000000005,1.0007930006341372
26.98,1.000568041735676
22.075,1.0003804178636488
17.169999999999998,1.0002302134078727
12.265,1.0001174959961732
7.36,1.0000423164183383
2.455,1.0000047085689396
119.515,1.0109156259531369
114.43,1.0100247593691438
109.345,1.0091695781547827
104.26,1.0083504733164381
99.175,1.0075678213110275
94.085,1.0068212684859439
89.0,1.006112627928405
83.91499999999999,1.0054414784462202
78.83,1.0048081342061703
73.745,1.0042128928622183
68.66,1.0036560352107748
63.575,1.0031378248636895
58.48499999999999,1.0026580558517986
53.400000000000006,1.002217899261223
48.315,1.0018170749113433
43.23,1.0014557747659725
38.145,1.0011341722583356
33.055,1.0008521647018813
27.97,1.0006104420132107
22.885,1.0004088242215003
17.8,1.000247408767197
12.715,1.0001262737463574
7.63,1.0000454778162853
2.545,1.000005060124571
169.095,1.021383049130611
164.465,1.020274932516982
159.835,1.0191926479293731
155.20000000000002,1.0181354540513243
150.565,1.0171049130104586
145.93499999999997,1.0161024648870596
141.29999999999998,1.0151263090661578
136.665,1.014177899856874
132.03500000000005,1.013258563860048
127.405,1.0123676026034882
122.77,1.0115044315885189
118.135,1.0106703515402902
113.505,1.009866528480049
108.87,1.009091530433201
104.235,1.0083465359992423
99.605,1.007632584301209
94.975,1.0069491287955297
90.34,1.0062957441331137
85.705,1.0056734377243592
81.075,1.0050830718595534
76.445,1.004524188109366
71.81,1.0039964525603084
67.175,1.003500692973877
62.545,1.0030375872573385
57.91,1.0026063181011835
53.275000000000006,1.0022075737812888
48.645,1.0018418898160535
44.015,1.0015089636978272
39.38,1.001208621700502
34.745,1.0009413610738558
30.115,1.0007075233597
25.48,1.0005066972449141
20.845,1.0003392337666728
16.215,1.0002053267604842
11.585,1.000104831316962
6.949999999999999,1.000037733480279
147.21499999999995,1.0163768814704772
142.685,1.0154151067378436
138.155,1.0144797346179881
133.625,1.0135710933541864
129.09500000000003,1.0126895036682788
124.565,1.0118352784892357
120.035,1.0110087226860387
115.505,1.01021013280529
110.975,1.0094397968139497
106.445,1.008697993847607
101.915,1.00798499396468
97.385,1.0073010579069364
92.855,1.0066464368667198
88.325,1.0060213722612625
83.795,1.0054260955144498
79.27000000000001,1.0048614351407266
74.745,1.0043269277616704
70.215,1.0038222327285038
65.68499999999999,1.0033481468260173
61.155,1.0029048485477792
56.62499999999999,1.0024925052609353
52.095,1.0021112730495967
47.565,1.0017612965682345
43.035,1.0014427089053326
38.505,1.0011556314575392
33.97500000000001,1.0009001738145364
29.445,1.0006764336548326
24.915,1.00048449665266
20.385,1.000324436396143
15.855,1.0001963143168842
11.325,1.0001001796310918
6.795000000000001,1.0000360692923558
2.265,1.0000040079561536
284.08500000000004,1.055989875914117
280.275,1.0546612136022424
276.46000000000004,1.0533409527523006
272.64500000000004,1.052031095508403
268.835,1.0507335899242878
265.02000000000004,1.0494452829176992
261.20500000000004,1.0481681372475427
257.395,1.0469040573154804
253.58000000000004,1.045649978178903
249.765,1.044407819329323
245.955,1.0431794376114327
242.14,1.0419618612494048
238.325,1.0407569625309947
234.515,1.0395665468011108
230.7,1.038387740420828
226.885,1.0372223644993699
223.075,1.0360721689178558
219.26,1.0349343830695226
215.445,1.033810772888964
211.635,1.0327030288262693
207.82,1.0316084881092442
204.005,1.0305288574987492
200.195,1.029465764062452
196.38,1.028416657554252
192.565,1.0273831815786163
188.755,1.026366895905347
184.94,1.0253653673771226
181.125,1.024380172496257
177.315,1.0234127998761424
173.5,1.0224609378643335
169.685,1.0215260919734248
165.875,1.0206096758804097
162.06500000000003,1.0197106719497229
158.25,1.0188281510717963
154.435,1.0179635182234295
150.625,1.0171180814875027
146.81,1.016289828904655
142.99499999999998,1.015480085742632
139.185,1.0146900767594
135.37,1.0139179249404604
131.55499999999998,1.0131648723118192
127.745,1.0124320569495648
123.93,1.0117177403697357
120.115,1.0110230779794736
116.305,1.0103491179913937
112.49,1.0096942638044517
108.675,1.009059581007724
104.865,1.0084460249658291
101.05,1.0078521440657806
97.235,1.007278911079098
93.425,1.0067271857558835
89.61,1.0061956643161154
85.79500000000002,1.0056852239349245
81.985,1.0051966262192702
78.16999999999999,1.0047287177948132
74.355,1.004282277701968
70.545,1.0038579671324162
66.73000000000002,1.003454785407171
62.915,1.003073411152599
59.105,1.002714403146509
55.295,1.0023773432772012
51.48,1.0020619229867112
47.665,1.0017686839796829
43.855,1.0014980459049958
40.04,1.001249371571091
36.225,1.0010230980491337
32.415,1.0008195390568801
28.6,1.0006382155706124
24.785,1.0004794587231505
20.975,1.000343475313002
17.16,1.0002299454515229
13.345,1.0001390933460963
9.535,1.0000710182121755
5.72,1.0000255599433119
1.905,1.000002835159705
107.405,1.0088528008918058
105.235,1.0085047155410547
103.065,1.0081632559217801
100.895,1.0078284506908333
98.725,1.0075003280052626
96.555,1.0071789155165263
94.385,1.0068642403647923
92.215,1.006556329173326
90.045,1.0062552080429688
87.87500000000001,1.0059609025467113
85.705,1.0056734377243592
83.535,1.005392838077298
81.365,1.0051191275633566
79.19500000000001,1.0048523295917706
77.02499999999999,1.0045924670182507
74.855,1.0043395621401545
72.685,1.0040936366917654
70.515,1.0038547118396812
68.345,1.003622808178311
66.175,1.0033979457254867
64.00500000000001,1.0031801439181867
61.835,1.0029694216083767
59.665,1.0027657970589654
57.495000000000005,1.0025692879398829
55.325,1.002379911324275
53.155,1.0021976836848234
50.99,1.0020230160134733
48.825,1.0018554953641432
46.655,1.0016947742437559
44.485,1.001541261853052
42.315000000000005,1.0013949716143864
40.145,1.0012559163302135
37.975,1.001124108180298
35.80500000000001,1.0009995587190568
33.635,1.0008822788730356
31.465,1.0007722789385192
29.295,1.000669568579277
27.125,1.0005741568244457
24.955,1.0004860520665488
22.785,1.0004052620596546
20.615,1.0003317939176715
18.445,1.000265654112785
16.275000000000002,1.000206848474033
14.105,1.0001553821860232
11.935,1.0001112597877901
9.765,1.0000744851717964
7.595,1.0000450615830727
5.425,1.0000229916185035
3.255,1.000008277226254
1.085,1.0000009197053394
295.22,1.0599286717208665
289.9,1.058036694583509
284.58,1.0561632275218904
279.26,1.0543089500129514
273.94,1.052474543928332
268.61999999999995,1.0506606930428275
263.29999999999995,1.048868082528212
257.98,1.0470973984328567
252.66,1.0453493271476078
247.34,1.0436245548584504
242.025,1.0419253539969326
236.71,1.0402507746486744
231.39,1.0385999576534828
226.07,1.0369751696983434
220.75,1.0353770873207038
215.43,1.0338063833275128
210.11,1.0322637261737462
204.79,1.0307497793335074
199.47,1.0292652006646266
194.15,1.0278106417677184
188.83,1.026386747340703
183.51,1.024994154529823
178.19000000000003,1.023633492278234
172.875,1.022306613424691
167.55999999999997,1.0210128329259878
162.24,1.0197515801709807
156.92000000000002,1.0185246775686754
151.60000000000002,1.017332703291622
146.28,1.0161762234147633
140.96,1.0150557912793918
135.64,1.0139719468641764
130.32,1.0129252161645197
125.0,1.0119161105815062
119.68,1.0109451263217002
114.36,1.0100127438090534
109.04,1.0091194271101698
103.725,1.0082664071347986
98.41,1.0074532543727972
93.09,1.0066796714065624
87.77,1.0059468352671797
82.44999999999999,1.0052551202026943
77.13000000000001,1.0046048810046613
71.81,1.0039964525603084
66.49,1.0034301494272673
61.17,1.0029062654318623
55.85,1.002425073291912
50.53000000000001,1.0019868242649261
45.21,1.001591747822546
39.88999999999999,1.0012400513520063
34.575,1.0009321889769511
29.26,1.0006679717462383
23.94,1.000447352206083
18.62,1.0002707161586197
13.3,1.0001381571271653
7.980000000000001,1.0000497453628052
2.66,1.0000055277513873
547.995,1.1596825442291538
542.6750000000001,1.1575694848247065
535.5799999999999,1.1547430512098644
528.485,1.1519076962967105
521.39,1.1490641376601254
514.295,1.1462131221514797
507.205,1.1433574423207298
500.11000000000007,1.14049387643103
493.015,1.137625272893971
485.925,1.1347545248544477
478.83,1.1318784809643456
471.735,1.129000093553974
464.64,1.126120322974613
457.545,1.1232401608363487
450.455,1.1203626588553344
443.36,1.1174848120814576
436.265,1.1146097355562958
429.175,1.1117405675739724
422.08,1.1088744081331094
414.985,1.1060144602402988
407.89,1.1031619323575375
400.795,1.100318062901214
393.705,1.0974861131168938
386.61,1.0946633847885032
379.515,1.0918532038465936
372.425,1.08905888842232
365.33,1.0862778760567715
358.235,1.0835135479023936
351.14,1.0807673344287188
344.0450000000001,1.0780406900301507
336.955,1.0753369908142107
329.86,1.0726539212155206
322.765,1.069994914446425
315.675,1.0673633546667112
308.58000000000004,1.064757084310341
301.485,1.06217953907303
294.39,1.0596323036028836
287.295,1.0571169747380673
280.20500000000004,1.054636896437463
273.11,1.0521901852492659
266.015,1.0497802239518377
258.92499999999995,1.0474102959007707
251.83,1.0450786853933887
244.735,1.0427887050048328
237.64,1.0405419795754782
230.545,1.0383401288125702
223.455,1.0361862669858433
216.36,1.0340789571837221
209.265,1.0320213240703415
202.175,1.0300163369166893
195.08,1.0280627225595733
187.985,1.0261634480627062
180.89,1.0243200247623059
173.79500000000002,1.0225339377161466
166.70499999999998,1.0208078391740119
159.61,1.0191407179992535
152.515,1.0175352020957285
145.425,1.0159937085572508
138.33,1.014515375011258
131.235,1.0131025808941863
124.14,1.0117565510212765
117.04500000000002,1.0104784624692649
109.955,1.0092702695436224
102.86,1.0081313417867304
95.765,1.007063575036536
88.675,1.0060686075006786
81.58,1.0051459382124068
74.485,1.0042971359946529
67.39,1.003522979295623
60.295,1.0028241816200998
53.205000000000005,1.002201801895764
46.11,1.0016555408616115
39.015,1.001186373827475
31.925,1.0007949883685672
24.83,1.0004811996507947
17.735,1.0002456060343419
10.64,1.000088429357731
3.545,1.0000098177954992
614.095,1.1853839208327326
605.13,1.1819661858241508
596.1650000000001,1.178525301437941
587.1999999999999,1.1750621930962413
578.235,1.1715778488289514
569.27,1.1680733210711187
560.3050000000001,1.164549728416563
551.3399999999999,1.1610082573180756
542.375,1.1574501637239356
533.41,1.153876774639878
524.445,1.1502894896050755
515.4799999999999,1.1466897820701138
506.515,1.1430792006643893
497.55,1.1394593703398452
488.585,1.1358319933774612
479.62,1.1321988502424798
470.655,1.1285618002739517
461.69,1.1249227821938548
452.73,1.1212858435621418
443.765,1.1176490225164746
434.8,1.1140165266543782
425.835,1.1103906131396544
416.87,1.1067736178289311
407.905,1.1031679543801494
398.94,1.0995761130752089
389.975,1.0960006593427052
381.00999999999993,1.092444231967339
372.045,1.0889095409733838
363.08,1.0853993651705562
354.11499999999995,1.0819165493517782
345.15,1.0784640011336157
336.18499999999995,1.0750446874316693
327.22,1.071661630564848
318.255,1.0683179039842996
309.29,1.0650166276247772
300.325,1.0617609628784068
291.36,1.058554107193163
282.395,1.0553992883008467
273.43,1.0522997580819984
264.46500000000003,1.0492587860779279
255.5,1.0462796526628955
246.535,1.0433656418924195
237.57,1.0405200340466787
228.605,1.0377460978909894
219.64,1.0350470826783764
210.675,1.0324262099222266
201.71,1.0298866649699463
192.745,1.0274315884113647
183.78,1.025064067358297
174.815,1.0227871266341997
165.85,1.0206037199151352
156.885,1.018516720865309
147.92,1.0165289143122052
138.95499999999998,1.0146429875077871
129.98999999999998,1.0128615215233214
121.025,1.0111869828261018
112.06,1.0096217150866624
103.095,1.008167931264968
94.13,1.0068277060235198
85.16499999999999,1.005602968514338
76.2,1.0044954955853336
67.235,1.0035069054497106
58.27,1.002638651859703
49.305,1.0018920188232152
40.34,1.001268115898774
31.375,1.0007678741006782
22.41,1.0003920424423591
13.445,1.0001411851417825
4.48,1.0000156795082906
766.285,1.2392422561830985
760.76,1.237437142140035
752.2599999999999,1.2346369530954717
743.76,1.231808876342002
735.26,1.2289530491790783
726.7600000000001,1.2260696354462528
718.26,1.2231588267616282
709.76,1.2202208437888669
701.26,1.2172559375315646
692.76,1.2142643906535762
684.26,1.2112465188236738
675.76,1.208202672082674
667.26,1.2051332362309313
658.76,1.2020386342338323
650.2600000000001,1.198919327642645
641.76,1.1957758180277944
633.26,1.1926086484213256
624.76,1.1894184047650012
616.26,1.1862057173601497
607.7600000000001,1.1829712623150368
599.26,1.1797157629851789
590.76,1.1764399914016517
582.26,1.1731447696820727
573.76,1.1698309714185615
565.26,1.1664995230365807
556.7599999999999,1.1631514051181864
548.26,1.1597876536828102
539.76,1.156409361418313
531.2600000000001,1.1530176788546582
522.76,1.1496138154721747
514.26,1.1461990407360096
505.76,1.1427746850480145
497.255,1.1393401193357233
488.75,1.135898812582114
480.25,1.1324543128866185
471.75,1.129006180742537
463.25000000000006,1.1255560620462381
454.75,1.1221056670790783
446.25000000000006,1.1186567706112478
437.75,1.115211211843438
429.25,1.1117708941757976
420.75,1.1083377847936993
412.25,1.1049139140599795
403.75,1.1015013747035096
395.25,1.0981023207942566
386.75000000000006,1.0947189664953694
378.25,1.0913535845833031
369.75,1.0880085047275623
361.25,1.084686111522324
352.75,1.0813888422629825
344.25,1.0781191844615363
335.75,1.0748796730957537
327.25000000000006,1.0716728875881427
318.75,1.068501448511983
310.25,1.0653680140229935
301.74999999999994,1.0622752760166434
293.25,1.0592259560126445
284.75,1.05622280076978
276.25,1.0532685776359445
267.75000000000006,1.0503660696400408
259.25,1.0475180703342506
250.75000000000003,1.044727378397083
242.25,1.0419967920095616
233.75,1.039329103018879
225.25,1.036727090905817
216.75,1.0341935165742044
208.25,1.0317311159826115
199.75,1.0293425936403704
191.25,1.0270306159918154
182.75,1.0247978047143584
174.25000000000003,1.022646729957619
165.75,1.0205799035522876
157.25,1.0185997722187126
148.75,1.016708710806327
140.25,1.0149090155959595
131.75,1.0132028976977825
123.25,1.0115924765781406
114.75,1.0100797737487155
106.25,1.0086667066514725
97.75,1.0073550827725248
89.25,1.0061465940174867
80.75,1.0050428113800325
72.25000000000001,1.0040451799342491
63.75,1.0031550141799752
55.24999999999999,1.0023734937686373
46.75,1.0017016596351775
38.25000000000001,1.0011404105594934
29.75,1.0006905001784154
21.25,1.0003525344666482
12.750000000000002,1.0001269697023247
4.25,1.000014110929877
199.915,1.0293882391180882
197.08,1.028607990308105
194.24,1.0278349957822444
191.405,1.0270720748273883
188.57,1.0263179556419293
185.735,1.0255727343132828
182.9,1.0248365062647857
180.065,1.0241093662276446
177.23,1.0233914082128701
174.39,1.0226814838501723
171.555,1.021982185494924
168.72,1.021292346754263
165.885,1.0206120584764398
163.05,1.0199414106493894
160.215,1.0192804923728727
157.38,1.0186293918306994
154.54000000000002,1.0179870742076234
151.705,1.0173558875803828
148.87,1.0167347776165652
146.035,1.0161238285588439
143.2,1.0155231235968338
140.36499999999998,1.0149327448401493
137.52999999999997,1.0143527732916524
134.69500000000002,1.0137832888209106
131.86,1.0132243701378754
129.01999999999998,1.0126751372381892
126.185,1.0121376004643514
123.35,1.01161085852214
120.515,1.0110949852225841
117.68,1.0105900530893313
114.845,1.010096133333987
112.01,1.0096132958317845
109.17,1.0091407870888425
106.335,1.0086803380966922
103.5,1.0082311728417592
100.665,1.0077933556150562
97.83,1.007366949254999
94.995,1.006952015125366
92.16,1.0065486130936891
89.32000000000001,1.0061561207569671
86.485,1.0057759770246377
83.65,1.0054075359021288
80.815,1.0050508510622214
77.97999999999999,1.0047059745803306
75.14500000000001,1.0043729569157727
72.31,1.0040518468935562
69.475,1.0037426916867105
66.64,1.0034455367991597
63.8,1.0031599338730715
60.965,1.0028869307295516
58.13,1.0026260543094123
55.295,1.0023773432772012
52.46,1.0021408345513245
49.625,1.0019165632904383
46.79,1.0017045628804642
43.95,1.0015045236069369
41.115,1.001317179679741
38.28,1.0011421960522193
35.445,1.000979598898997
32.61,1.0008294125666262
29.775,1.0006916595645012
26.94,1.0005663605564432
24.105,1.0004535343529677
21.27,1.0003531979042373
18.430000000000003,1.0002652224425712
15.595,1.0001899309695683
12.76,1.0001271688979145
9.925,1.0000769456764345
7.09,1.0000392688687947
4.255,1.000014144150656
1.42,1.0000015753075369
221.335,1.0355514886799788
217.895,1.0345307159429704
213.30500000000004,1.0331867891103768
208.72000000000003,1.031865367363363
204.135,1.0305653990124468
199.545,1.0292859227757751
194.955,1.0280287863440758
190.37,1.0267957362833047
185.785,1.0255857999188758
181.195,1.024398100993983
176.60500000000002,1.0232343727884599
172.02,1.022096239111204
167.435,1.0209828085950918
162.84500000000003,1.0198932919811865
158.26000000000002,1.0188304410735372
153.675,1.0177934267896072
149.085,1.0167815261758824
144.49499999999998,1.0157962434762984
139.90999999999997,1.0148389597810656
135.325,1.0139089305856057
130.735,1.0130055225015095
126.14999999999998,1.0121310315121466
121.565,1.0112847775230793
116.975,1.010466194984464
112.385,1.0096765247626238
107.8,1.008916872578845
103.215,1.0081866453546593
98.625,1.0074853686720917
94.035,1.0068141190797815
89.45,1.006173832112012
84.865,1.0055640027887676
80.275,1.0049842483425728
75.69000000000001,1.004436053136876
71.105,1.0039189788514506
66.51499999999999,1.0034327116474764
61.925,1.0029780202833873
57.34,1.0025555243031228
52.755,1.002164874954078
48.165,1.001805850436343
43.58,1.001479372735997
38.995000000000005,1.0011851606957263
34.40500000000001,1.000923061532576
29.815,1.0006935165966588
25.23,1.0004968128161893
20.645,1.0003327596640605
16.055,1.000201296290249
11.465,1.0001026712761694
6.88,1.0000369772651614
2.2950000000000004,1.0000041148294174
259.26000000000005,1.0475213878000473
253.43500000000003,1.045602546852058
247.605,1.0437099073386715
241.78,1.0418476161221306
235.955,1.0400149359040562
230.13,1.0382127618430452
224.305,1.0364419853625806
218.475,1.0347020150504431
212.65,1.0329967171238053
206.825,1.0313254597762003
201.0,1.0296891098043655
195.175,1.0280885253647474
189.345,1.0265232284646306
183.52,1.0249967424276596
177.695,1.0235085350884618
171.87,1.0220594198404547
166.045,1.0206501963232302
160.215,1.0192804923728727
154.39,1.0179534269983437
148.565,1.016668560155972
142.74,1.0154266262513656
136.91500000000002,1.0142283408717763
131.085,1.0130734285400242
125.26,1.011964545732277
119.435,1.0109013361150645
113.605,1.0098835775187078
107.78,1.0089136231922504
101.955,1.007991162962088
96.13,1.0071167542012858
90.305,1.0062909281828871
84.475,1.0055135437855651
78.64999999999999,1.004786411496981
72.825,1.0041092918171335
67.0,1.0034826040475477
61.17499999999999,1.0029067378019811
55.345,1.0023816241147576
49.52,1.0019084924014297
43.695,1.001487167396328
37.87,1.0011179143870725
32.044999999999995,1.0008009664288617
26.215000000000003,1.0005363195931416
20.39,1.0003245954668016
14.565,1.0001656788523698
8.740000000000002,1.0000596706904674
2.915,1.0000066383688941
485.68,1.1346552604480173
468.02,1.1274923325687494
450.355,1.1203220830188545
432.69,1.1131624550510897
415.03,1.1060325773565138
397.37,1.098948702627559
379.71,1.091930259750018
362.05,1.0849977745991994
344.39,1.0781728004922475
326.73,1.0714778282730792
309.07,1.064936175092053
291.41,1.0585718513234224
273.745,1.0524076917076353
256.08,1.0464704557566464
238.42,1.0407868106321523
220.76,1.0353800657618872
203.1,1.0302749604509864
185.44,1.0254957041987292
167.77999999999997,1.021065721013487
150.12,1.0170073882099895
132.46,1.0133417744891982
114.8,1.0100883825053542
97.135,1.0072641643889217
79.47,1.004885757100546
61.81,1.002967035254255
44.14999999999999,1.0015182061381809
26.49,1.0005476183986914
8.83,1.0000609057831924
986.065,1.3015287476731516
963.395,1.2959352763510117
940.725,1.2901589155262916
918.06,1.2841970411424097
895.395,1.2780447723490398
872.725,1.2716974670691443
850.055,1.2651537312561743
827.385,1.2584114231196224
804.715,1.2514690955388372
782.05,1.244327711024462
759.385,1.2369860660750756
736.715,1.2294438613990541
714.0450000000001,1.2217053144906032
691.375,1.2137744414859573
668.7099999999999,1.2056586383834782
646.045,1.197363509015682
623.375,1.1888964389564305
600.705,1.180270649943628
578.035,1.1714998824712939
555.3699999999999,1.1626023737716062
532.7049999999999,1.1535951582751274
510.035,1.144498046722833
487.365,1.1353378762971662
464.695,1.1261426495846707
442.025,1.1169435908012
419.36,1.1077771946034787
396.695,1.0986791140194223
374.025,1.0896881979790924
351.355,1.0808502728990597
328.685,1.0722118606166036
306.02000000000004,1.0638236659226097
283.355,1.055734530383558
260.685,1.047994935409954
238.015,1.0406596192512534
215.345,1.0337815133580803
192.68,1.0274141040930784
170.015,1.021606278839313
147.345,1.0164048684556937
124.675,1.0118556946965664
102.005,1.0079988773953499
79.33500000000001,1.0048693333171783
56.67,1.0024964486451355
34.005,1.0009017613589806
11.335,1.0001003565913467
78.32000000000001,1.0047467105796533
76.6,1.0045423863678802
74.88,1.0043424360911033
73.16,1.0041468705465648
71.435,1.0039551509972382
69.71,1.003767862782372
67.99,1.0035855396727014
66.27,1.0034076422865803
64.55,1.003234180285809
62.83,1.0030651631013456
61.11,1.0029005999320384
59.385,1.0027400408501597
57.66,1.0025839795410454
55.940000000000005,1.0024328573428374
54.22,1.0022862236570138
52.5,1.002144086502465
50.78,1.00200645365897
49.06,1.0018733326661384
47.34,1.0017447308223835
45.615,1.0016203011035327
43.89,1.0015004308155564
42.17,1.0013854541944929
40.45,1.0012750235208245
38.73,1.0011691448712674
37.01,1.0010678240758493
35.29,1.0009710667171101
33.565,1.0008786168042236
31.84,1.0007907673928191
30.12,1.0007077579871286
28.4,1.0006293318844925
26.68,1.000555493417722
24.96,1.0004862466680435
23.24,1.0004215954645335
21.52,1.0003615433835922
19.795,1.0003059392697453
18.07,1.0002549674949441
16.35,1.000208758506491
14.63,1.0001671604242204
12.91,1.00013017555295
11.19,1.000097805942377
9.47,1.0000700533867957
7.75,1.000046919424847
6.025,1.0000283582548088
4.3,1.000014444895178
2.58,1.000005200258414
0.86,1.0000005778118322
63.195,1.0031006581239583
62.1,1.0029947748753483
61.0,1.002890227287909
59.89999999999999,1.0027875053172604
58.8,1.002686611254351
57.7,1.002587547350751
56.6,1.0024903158185257
55.5,1.002394918830115
54.400000000000006,1.002301358518212
53.3,1.0022096369756441
52.205,1.0021201606362735
51.11,1.00203251040792
50.01,1.001946300550202
48.91,1.0018619374148021
47.81,1.001779422893889
46.71,1.001698758839101
45.61,1.0016199470614446
44.51,1.0015429893311907
43.41,1.0014678873777776
42.31,1.0013946428897134
41.21,1.0013232575144815
40.115,1.0012540446675566
39.02,1.0011866772066835
37.92,1.0011208616927831
36.82,1.0010569114563015
35.72,1.0009948279386378
34.62,1.0009346125396477
33.52,1.0008762666175635
32.42,1.00081979148892
31.32,1.000765188428479
30.219999999999995,1.0007124586691567
29.125,1.0006618303196722
28.03,1.0006130605937515
26.930000000000003,1.0005659406496077
25.83,1.0005206985089603
24.73,1.0004773351948915
23.63,1.0004358516882585
22.53,1.000396248927637
21.43,1.0003585278092688
20.33,1.000322689187011
19.23,1.0002887338722874
18.13,1.0002566626340434
17.035,1.0002266091445542
15.94,1.0001984240370412
14.84,1.0001719920670997
13.74,1.0001474468185454
12.64,1.000124788847712
11.54,1.0001040186682304
10.44,1.0000851367509984
9.34,1.0000681435241543
8.239999999999998,1.000053039373053
7.140000000000001,1.0000398246402433
6.045,1.0000285468270955
4.949999999999999,1.0000191418452764
3.85,1.0000115798099347
2.75,1.0000059081333121
1.65,1.000002126944077
0.55,1.0000002363280134
247.46,1.0436631976705417
244.225,1.0426257445618508
240.99,1.0415973082563
237.755,1.0405780424264197
234.52,1.0395681004667194
231.28500000000005,1.038567635444285
228.05,1.0375768000488694
224.815,1.0365957465424944
221.58,1.0356246267085911
218.345,1.034663591800704
215.11,1.0337127924907872
211.875,1.0327723788171133
208.64,1.0318425001318332
205.405,1.0309233050482045
202.17,1.0300149413875266
198.935,1.0291175561258081
195.705,1.0282326564820827
192.47,1.0273576477673898
189.235,1.0264940525493185
186.0,1.02564201388683
182.765,1.024801673724121
179.53000000000003,1.0239731728363624
176.29500000000002,1.0231566507754017
173.06,1.0223522458154652
169.82500000000002,1.0215600948988917
166.59,1.0207803335819374
163.355,1.0200130959806888
160.11999999999998,1.0192585147171158
156.885,1.018516720865309
153.65,1.0177878438979342
150.415,1.0170720116329426
147.17999999999998,1.0163693501805773
143.945,1.0156799838907111
140.71,1.015004035300558
137.47500000000002,1.0143416250827928
134.245,1.0136938641055155
131.01000000000002,1.0130588635577455
127.775,1.0124377515255196
124.54,1.0118306407173596
121.305,1.0112376417254383
118.07,1.0106588629769746
114.835,1.0100944106863106
111.6,1.009544388807705
108.365,1.0090088989888857
105.13,1.0084880405253958
101.895,1.0079819103157706
98.66,1.0074906028175825
95.425,1.007014210004392
92.19,1.006552821323635
88.95500000000001,1.00610652365549
85.71999999999998,1.005675401272751
82.485,1.0052595358017455
79.25,1.0048590061843303
76.015,1.0044738886409952
72.78,1.0041042566351073
69.545,1.0037501808383287
66.315,1.0034122401172278
63.08,1.003089453123582
59.845,1.0027824171824302
56.60999999999999,1.0024911914817793
53.375,1.0022158322636523
50.14,1.0019563927971293
46.905,1.0017129233527502
43.67,1.0014854711783032
40.435,1.0012740804760156
37.2,1.0010787923811737
33.965,1.000899644942187
30.73,1.0007366731021143
27.495,1.0005899086816712
24.26,1.0004593803637334
21.025,1.0003451136793473
17.79,1.0002471309952647
14.555,1.0001654515030092
11.32,1.0001000912094877
8.085,1.0000510629291532
4.8500000000000005,1.000018376277725
1.615,1.000002037667477
835.43,1.2608269321939776
796.575,1.248927396383392
757.7199999999999,1.2364388737327259
718.86,1.2233651897531925
679.9999999999999,1.2097242380261248
641.1450000000001,1.1955474512198885
602.29,1.1808786190592588
563.4300000000001,1.1657800664438398
524.575,1.1503416006512919
485.72,1.134671467146912
446.86,1.1189041907362156
408.00000000000006,1.1032060947543847
369.145,1.0877712501216035
330.29,1.072815861891067
291.43,1.0585789494286013
252.57,1.0453199529916701
213.715,1.033305983953164
174.86,1.0227983246539585
136.0,1.0140441247934688
97.14,1.0072649013840067
58.285,1.002640003356661
19.43,1.0002947674499187
156.09,1.0183363975690485
152.87,1.0176140493107633
147.50999999999996,1.016440421301821
142.14499999999998,1.0153022128526332
136.78,1.014201092574981
131.42,1.013138576564023
126.055,1.0121132097938783
120.69,1.0111265131450036
115.32500000000002,1.0101789825227163
109.96,1.0092710970262537
104.6,1.0084041082914468
99.235,1.0075768422080005
93.87,1.0067905515358568
88.505,1.0060456424667887
83.13999999999999,1.0053425016278668
77.78,1.0046820918994754
72.415,1.0040635269570977
67.05,1.0034877676317788
61.685,1.0029551176157152
56.31999999999999,1.0024658588092041
50.96000000000001,1.002020645845559
45.595,1.0016188851650225
40.23,1.0012612268963625
34.865,1.0009478623767394
29.5,1.0006789595865935
24.14,1.000454851156592
18.775,1.0002752395162477
13.41,1.0001404512389385
8.045,1.0000505589690956
2.68,1.0000056111870284
106.9,1.008771204831186
103.39499999999998,1.0082147546317504
99.89,1.0076756535715434
96.385,1.007154019967067
92.88,1.0066499686757264
89.37500000000001,1.0061636110339156
85.87,1.0056950547967223
82.365,1.0052444040793076
78.86,1.0048117593000216
75.355,1.0043972171253108
71.85,1.0040008704164725
68.34499999999998,1.003622808178311
64.83999999999999,1.0032631155097471
61.335,1.002921873556433
57.83,1.0025991594654176
54.325,1.0022950463419158
50.82000000000001,1.0020096032082175
47.315000000000005,1.0017428949647877
43.81,1.001494982353593
40.305,1.001265921923695
36.8,1.0010557659991457
33.295,1.0008645626492214
29.79,1.0006923556610212
26.285,1.0005391845144664
22.78,1.0004050843597208
19.275,1.0002900859970603
15.77,1.0001942158592105
12.265,1.0001174959961732
8.76,1.000059944062557
5.255,1.0000215733074258
1.75,1.0000023925666761
102.225,1.008032862955066
99.26,1.0075806024277252
96.3,1.0071415877024064
93.34,1.006715114584138
90.375,1.0063005618555134
87.41,1.0058987262257693
84.45,1.005510316810616
81.485,1.0051340832804823
78.52000000000001,1.004770752574804
75.55999999999999,1.0044209627147618
72.595,1.0040835880694219
69.63,1.003759284643043
66.67,1.003448618319859
63.705,1.0031505896707724
60.74,1.0028657827053964
57.78,1.0025946902389813
54.82,1.0023368646541049
51.855,1.002091945926992
48.89,1.0018604206450854
45.93,1.0016426829744614
42.965,1.0014380328382801
40.0,1.0012468827930174
37.040000000000006,1.0010695522116195
34.075,1.0009054710390364
31.11,1.0007549771232895
28.15,1.00061831450574
25.185,1.0004950439280402
22.22,1.0003854279738487
19.26,1.0002896349384605
16.3,1.000207484177389
13.335,1.0001388850244624
10.37,1.00008399908906
7.41,1.0000428932731436
4.445,1.0000154354805084
1.48,1.0000017112441433
146.54500000000002,1.0162329814706244
142.83499999999998,1.015446532758546
139.125,1.0146777859799654
135.41500000000002,1.013926921952723
131.705,1.013194118137157
127.995,1.0124795485356288
124.285,1.0117833835932997
120.575,1.0111057901002665
116.865,1.0104469310951507
113.155,1.0098069657702444
109.445,1.0091860493783105
105.735,1.0085843331411364
102.025,1.0080019641599398
98.315,1.0074390853277206
94.605,1.0068958352436537
90.895,1.0063723481296192
87.185,1.0058687537489577
83.475,1.0053851773275433
79.765,1.0049217394772607
76.05499999999999,1.004478556121973
72.345,1.0040557384260624
68.635,1.0036533927256275
64.92500000000001,1.0032716204624108
61.215,1.0029105181205382
57.505,1.002570177166138
53.795,1.0022506839899123
50.08500000000001,1.001952119852727
46.375,1.0016745608342825
42.66499999999999,1.0014180777849264
38.955000000000005,1.0011827362806662
35.245,1.000968596581432
31.535,1.000775713592639
27.825000000000003,1.0006041368301006
24.115,1.000453910388325
20.405,1.0003250729122404
16.695,1.0002176575723798
12.985,1.0001316920435546
9.275,1.000067198487044
5.565,1.00002419353632
1.855,1.0000026882863273
49.1,1.0018763772047983
47.635,1.0017664661501975
46.165,1.0016594795588663
44.7,1.001556149489479
43.235,1.0014561105557414
41.77,1.001359366747052
40.305,1.001265921923695
38.84,1.0011757798164551
37.375,1.0010889440262478
35.91,1.0010054180237595
34.445,1.0009252051491033
32.974999999999994,1.000848051848114
31.51,1.0007744860596932
30.045,1.0007042426425632
28.58,1.0006373244108893
27.115,1.000573734046725
25.65,1.0005134740997448
24.185,1.000456546986989
22.715,1.0004027777980409
21.25,1.0003525344666482
19.785,1.0003056304290974
18.320000000000004,1.000262067569146
16.855,1.0002218476368399
15.39,1.0001849722483351
13.925,1.0001514428857383
12.46,1.0001212608969559
10.995,1.000094427495559
9.525,1.0000708693481783
8.059999999999999,1.000050747661327
6.595,1.0000339773979472
5.13,1.000020559232726
3.665,1.000010493705541
2.2,1.0000037812214044
0.735,1.000000422050425
35.435,1.0009790473160731
34.10000000000001,1.000906797760151
32.76,1.0008370476027824
31.425,1.0007703196847193
30.09,1.000706350803533
28.75,1.0006449190376687
27.41,1.0005862712182576
26.075,1.0005306125719182
24.74,1.0004777209413904
23.4,1.000427415569267
22.065,1.0003800735442008
20.73,1.0003355035516965
19.39,1.000293555751918
18.05,1.0002544036947503
16.715,1.0002181791486882
15.38,1.0001847320354242
14.04,1.000153953831835
12.7,1.0001259760645633
11.365,1.000100888408481
10.03,1.0000785821008904
8.69,1.0000589899926653
7.354999999999999,1.0000422589475921
6.02,1.00002831120936
4.68,1.0000171106644302
3.3400000000000003,1.0000087151605892
2.005,1.000003140624804
0.67,1.000000350702879
398.705,1.0994821690068832
386.05,1.0944411069095035
373.39,1.089438348788494
360.73,1.084483649717219
348.07500000000005,1.0795869525398643
335.42,1.074754546955744
322.76,1.0699930494321521
310.1,1.0653130755823708
297.44499999999994,1.0607252869331194
284.79,1.0562368208498207
272.13,1.0518550841224732
259.475,1.0475927324911294
246.82,1.0434572437873164
234.16,1.0394562944437917
221.5,1.0356007385399504
208.845,1.0319011104872364
196.19,1.0283648151202212
183.53,1.024999330438314
170.87,1.0218146347279868
158.215,1.0188201370336276
145.56,1.0160224646981402
132.89999999999998,1.0134281735822486
120.245,1.0110464239298766
107.59,1.0088827819489397
94.93,1.0069426366519758
82.27,1.0052324397673849
69.615,1.0037576773055126
56.96,1.0025219352008157
44.3,1.0015285083089511
31.64,1.000780879795871
18.985,1.0002814276210612
6.33,1.0000313018683884
296.47,1.0603758275556345
291.74,1.0586890031365952
286.48,1.0568301553609003
281.225,1.0549915695629952
275.97,1.0531721265897789
270.71,1.0513707821519311
265.455,1.0495916212838494
260.2,1.0478335830893377
254.94,1.046095687616888
249.685,1.0443819008656117
244.43,1.0426912213674513
239.17,1.041022734585575
233.915,1.0393802714552678
228.66,1.037762890805088
223.4,1.0361697442480555
218.145,1.034604511388301
212.89,1.0330663119243422
207.63,1.0315543640202287
202.375,1.030072179582366
197.12,1.02861893947256
191.86,1.0271939284887281
186.605,1.025800474527101
181.35,1.0244378196486086
176.095,1.023106566584165
170.84,1.021807309381377
165.58,1.0205394432778867
160.325,1.0193059539574776
155.07,1.018106184943438
149.81,1.0169395969743518
144.55499999999998,1.0158089497778473
139.3,1.0147136471576044
134.04,1.01365321452452
128.785,1.0126301710131662
123.53,1.011643980097173
118.27,1.0106942308800395
113.015,1.009783188149699
107.76,1.0089103743655772
102.5,1.008075441242878
97.245,1.0072803865340991
91.99,1.0065247909752322
86.73,1.0058083677626437
81.475,1.0051328361634262
76.22000000000001,1.004497834504099
70.96,1.0039031363333017
65.705,1.0033501723839988
60.45,1.00283863795638
55.195,1.0023687929891016
49.94,1.0019408769467308
44.68,1.001554761602627
39.425,1.0012113787958423
34.17,1.0009105177181548
28.91,1.0006521078531507
23.655,1.0004367736123176
18.4,1.0002643601534789
13.14,1.000134853931522
7.885,1.0000485681138496
2.63,1.000005403769723
8.985,1.0000630625335116
8.815,1.0000606990561358
8.645,1.0000583807021224
8.475,1.0000561074727277
8.31,1.0000539442575311
8.145,1.000051823553863
7.975,1.0000496830509795
7.805,1.000047587677426
7.635000000000001,1.0000455374343376
7.47,1.0000435906525036
7.305,1.0000416863874817
7.135,1.0000397688874008
6.965,1.0000378965220207
6.800000000000001,1.0000361223901573
6.635000000000001,1.000034390778917
6.465,1.0000326511684443
6.295,1.0000309566965284
6.125,1.0000293073640873
5.96,1.0000277497098218
5.795,1.0000262345804527
5.625,1.0000247180162603
5.455,1.0000232465949226
5.285,1.0000218203172373
5.119999999999999,1.0000204791611735
4.955,1.0000191805337173
4.785,1.0000178870358662
4.615,1.0000166386845712
4.45,1.0000154702244546
4.285,1.0000143442955018
4.114999999999999,1.0000132287320234
3.945,1.0000121583176247
3.775,1.000011133052886
3.61,1.0000101811208104
3.4450000000000003,1.0000092717225983
3.2750000000000004,1.000008379254105
3.105,1.0000075319373194
2.935,1.0000067297727004
2.77,1.000005994381259
2.605,1.0000053015258183
2.435,1.000004632164117
2.265,1.0000040079561536
2.095,1.0000034289022663
1.93,1.000002910061188
1.765,1.000002433757685
1.595,1.0000019875116308
1.425,1.0000015864207479
1.26,1.0000012403094232
1.095,1.0000009367365263
0.925,1.0000006684561376
0.755,1.0000004453316347
0.585,1.0000002673631383
0.42,1.000000137812462
0.255,1.000000050800776
0.085,1.0000000056445313
54.21,1.0022853842752384
53.87500000000001,1.0022573528291285
53.43000000000001,1.0022203809132877
52.98500000000001,1.0021837102220224
52.535,1.0021469339580715
52.09,1.0021108695062788
51.645,1.0020751066804054
51.19500000000001,1.002039248887408
50.745,1.0020036998050756
50.3,1.0019688494277366
49.855,1.0019343011971964
49.405,1.0018996721719264
48.96,1.0018657320126905
48.515,1.0018320943787313
48.065,1.0017983865630133
47.615,1.001764988361982
47.17,1.0017322658485466
46.725,1.0016998463506075
46.275,1.0016673708518748
45.83,1.0016355611492451
45.385,1.001604054817553
44.935,1.0015725031034606
44.485,1.001541261853052
44.04,1.0015106731512384
43.59499999999999,1.0014803882797
43.145,1.0014500722126416
42.7,1.0014203987518122
42.255,1.0013910294535022
41.80499999999999,1.0013616395814973
41.355,1.0013325609667643
40.91,1.0013041116439174
40.465,1.0012759669118374
40.01499999999999,1.0012478157961975
39.57,1.001220283980889
39.125,1.0011930570652436
38.675,1.0011658343893037
38.225,1.0011389237084556
37.78,1.0011126189490245
37.335,1.0010866194862194
36.885,1.0010606384538485
36.44,1.0010352533038571
35.995,1.0010101737358994
35.545,1.0009851232210891
35.095,1.0009603853830866
34.65,1.0009362299862707
34.205,1.000912380536987
33.755,1.0008885743295106
33.31,1.0008653404784276
32.865,1.000842412836666
32.415,1.0008195390568801
31.97,1.000797227529639
31.525,1.0007752224633606
31.075,1.0007532818775278
30.625,1.000731654844189
30.18,1.0007105765372923
29.735,1.000689805011637
29.285,1.000669112147518
28.84,1.000648957862739
28.395,1.000629110587057
27.945,1.0006093525859925
27.495,1.0005899086816712
27.05,1.000570989773992
26.605,1.0005523781638437
26.155,1.0005338700008766
25.71,1.0005158766459719
25.265,1.0004981907925643
24.815,1.0004806189920414
24.365,1.0004633617754495
23.92,1.0004466057300112
23.475,1.000430157442529
23.025,1.0004138373693126
22.58,1.0003980082389876
22.135,1.0003824870466025
21.685,1.0003671046648233
21.235,1.0003520372968793
20.790000000000003,1.0003374471831172
20.345,1.00032316523166
19.895,1.0003090362383589
19.450000000000003,1.000295374233108
19.005000000000003,1.0002820205460812
18.555000000000003,1.0002688304022058
18.105,1.000255955644589
17.660000000000004,1.0002435341369451
17.215,1.0002314211396948
16.765,1.000219485816671
16.32,1.0002079934414494
15.875,1.0001968097084037
15.425,1.0001858142212596
14.974999999999998,1.000175134435146
14.53,1.0001648838118458
14.085,1.0001549419906068
13.635000000000002,1.0001452025272342
13.19,1.0001358818903103
12.745,1.0001268701630341
12.295,1.0001180713500082
11.845,1.000109588494989
11.4,1.0001015106369964
10.955,1.0000937418161795
10.505,1.000086199999839
10.06,1.0000790528118295
9.615,1.000072214744336
9.165,1.0000656142204494
8.72,1.0000593979429304
8.275,1.000053490858875
7.825,1.0000478318495718
7.375,1.0000424890648332
6.930000000000001,1.0000375166379176
6.484999999999999,1.0000328534856864
6.035,1.0000284524628538
5.59,1.0000244113862353
5.1450000000000005,1.0000206796329514
4.694999999999999,1.0000172205201683
4.245,1.000014077748154
3.8,1.0000112809954724
3.355,1.0000087936148732
2.905,1.0000065929013473
2.46,1.000004727767796
2.015,1.0000031720306575
1.565,1.0000019134497087
1.1150000000000002,1.0000009712676445
0.67,1.000000350702879
461.465,1.1248314436078444
436.52,1.1147130075502822
411.58,1.1046444865347722
386.635,1.0946733097353551
361.69,1.084857498809701
336.74499999999995,1.075257245297573
311.79999999999995,1.0659364506005025
286.86,1.0569638319156023
261.915,1.0484049666969464
236.97000000000003,1.0403321089222444
212.025,1.0328157520104109
187.08,1.0259251719011326
162.13499999999996,1.0197270307764854
137.18999999999997,1.0142839203324048
112.25,1.0096537398814607
87.30499999999999,1.005884729909024
62.36,1.0030197526215714
37.415,1.0010912710337145
12.47,1.0001214555680467
783.5,1.244790587717369
759.3950000000001,1.2369893492723918
735.285,1.2289614892068883
711.175,1.2207118066103773
687.0699999999999,1.2122470837635517
662.965,1.2035726694363325
638.8549999999999,1.194696023965195
614.745,1.1856307972613307
590.635,1.1763916710938345
566.53,1.1669983643580912
542.425,1.1574700517653536
518.315,1.1478293673935467
494.205,1.13810672084997
470.1,1.1283365548617463
445.995,1.1185533459338706
421.885,1.1087957164373268
397.775,1.099110501683211
373.67,1.0895485036734234
349.565,1.0801603124712293
325.455,1.0710001214119595
301.345,1.062128978129144
277.235,1.0536083239052572
253.13,1.0455028337771197
229.025,1.0378744060892968
204.915,1.0307850170417832
180.805,1.0242982846872424
156.70000000000002,1.0184746891261307
132.595,1.0133682560936867
108.485,1.0090285019011507
84.375,1.0055006413642193
60.27,1.002821853350277
36.165000000000006,1.0010197186174263
12.055,1.000113507839371
685.145,1.2115619502652661
658.275,1.2018613102942344
631.4100000000001,1.1919162446726093
604.545,1.1817423514712777
577.675,1.1713595177453566
550.805,1.160796376255972
523.9350000000001,1.1500850287680306
497.065,1.1392633093031732
470.2,1.12837714015863
443.335,1.1174746759282728
416.465,1.10661046668778
389.595,1.0958495078276824
362.725,1.0852609118864605
335.855,1.0749194963089694
308.985,1.064905098524856
282.12,1.0553033720507043
255.255,1.0461991366415104
228.385,1.0376789544415697
201.515,1.0298323540205865
174.64499999999998,1.0227448442765814
147.77499999999998,1.0164975936344929
120.905,1.0111653044983182
94.04,1.0068148338587033
67.175,1.003500692973877
40.305,1.001265921923695
13.435,1.000140975260273
489.51,1.1362065603193616
466.745,1.1269748019664019
443.975,1.1177341721506875
421.205,1.1085213414196646
398.435,1.099374247225169
375.67,1.0903360000744686
352.90500000000003,1.081448729407719
330.13499999999993,1.072757477761018
307.365,1.0643136044072738
284.595,1.0561684831970752
261.83,1.048376593097281
239.065,1.0409896752358758
216.295,1.0340598785381883
193.525,1.027641758926619
170.76,1.0217877803153605
147.99499999999998,1.0165451251221802
125.225,1.0119580203141774
102.45499999999998,1.0080684665639499
79.685,1.0049119688866675
56.92,1.002518412235078
34.155,1.000909719946777
11.385,1.0001012437335421
778.385,1.2431540951130553
747.86,1.2331764810387709
717.335,1.2228404185427384
686.81,1.2121546243442483
656.285,1.2011328934689245
625.7600000000001,1.1897949050475853
595.235,1.1781670665758466
564.71,1.1662833736893077
534.1850000000001,1.1541862536863752
503.66,1.1419273511156094
473.135,1.129568203216387
442.61,1.1171807426503642
412.085,1.1048475559339233
381.56,1.092661819791752
351.035,1.0807268361221305
320.51,1.0691550913805685
289.98500000000007,1.0580667798376184
259.46000000000004,1.0475877537657836
228.935,1.037846897648666
198.41,1.0289729670742664
167.88500000000002,1.021090983396541
137.36,1.0143183279487586
106.835,1.0087607283383762
76.31,1.0045083669608266
45.785,1.0016323613259148
15.26,1.0001818616411189
985.24,1.3013283506337978
962.055,1.2955989676638417
938.87,1.2896780392404004
915.69,1.2835626925038348
892.51,1.2772478287213136
869.3299999999999,1.2707300594334339
846.145,1.2640050747772744
822.96,1.2570720799545358
799.78,1.2499312405468754
776.5999999999999,1.2425806017944256
753.42,1.2350207425315594
730.235,1.2272517648409962
707.05,1.2192784725992576
683.87,1.211107425718572
660.69,1.202743475981691
637.51,1.1941951551248404
614.325,1.185471291558309
591.14,1.1765868592901534
567.96,1.1675596021294143
544.7800000000001,1.158406234997242
521.6,1.1491484130281018
498.415,1.1398089911593763
475.23,1.1304182217119791
452.05,1.1210098866055362
428.87,1.111617245199205
405.69,1.1022791275775061
382.505,1.093035864395066
359.32,1.0839351442762823
336.14,1.0750276130190968
312.96000000000004,1.066362736668811
289.775,1.057992460147329
266.59,1.0499741272320608
243.41000000000005,1.0423657928420305
220.23,1.0352223417863877
197.05,1.0285997795592623
173.86499999999998,1.0225512746396792
150.67999999999998,1.0171301565691706
127.5,1.012385596327654
104.32,1.0083599264726704
81.14,1.0050911425729359
57.955,1.0026103490920169
34.77,1.0009427136774465
11.59,1.000104921806333
988.56,1.3021333577717105
965.29,1.296409786354287
942.03,1.290496464057294
918.77,1.28438667257722
895.51,1.2780764745293878
872.25,1.2715623808036374
848.99,1.2648414478173515
825.73,1.257911386460222
802.47,1.2507706834236307
779.2099999999999,1.2434187354870085
755.95,1.2358559971587681
732.69,1.2280841418294146
709.43,1.2201062362775341
686.17,1.211926927963574
662.91,1.2035526440401338
639.6500000000001,1.1949918003907007
616.39,1.1862550182738947
593.1299999999999,1.1773553452941083
569.87,1.168308476445016
546.61,1.1591329698914823
523.35,1.149850450990841
500.0899999999999,1.1404857968430888
476.83,1.131067292454368
453.5700000000001,1.1216267484705253
430.31,1.1121995694779956
407.05,1.102824761186519
383.79,1.0935448645263002
360.53,1.084405804944442
337.27,1.0754566461050712
314.01,1.0667492389047664
290.74999999999994,1.0583377593008072
267.49,1.0502781319579135
244.23,1.042627341126469
220.97,1.0354426353649777
197.71,1.0287806385093061
174.45,1.0226963853696582
151.19,1.0172423066108822
127.93,1.0124671926814237
104.67,1.0084151710071636
81.41,1.0051247334802664
58.14999999999999,1.0026278521431817
34.89,1.0009492196148084
11.63,1.000105647125777
987.02,1.301760426930291
958.435,1.294687230434925
929.825,1.287315288484199
901.215,1.2796429284221784
872.605,1.27166334815666
843.995,1.263370939512551
815.385,1.254761590764001
786.775,1.2458330319671789
758.165,1.2365852254333056
729.555,1.2270208026875364
700.945,1.2171455478197626
672.335,1.206968925155142
643.725,1.1965046465633569
615.115,1.1857712704063208
586.5050000000001,1.1747928200414597
557.895,1.1635994049460439
529.285,1.1522278219742708
500.675,1.1407221081718804
472.065,1.1291340102552199
443.455,1.1175233297765377
414.845,1.1059580977883434
386.235,1.094514529309436
357.62499999999994,1.083276707054167
329.015,1.0723359467610434
300.40500000000003,1.0617898040480052
271.795,1.0517406958146045
243.185,1.0422941281654363
214.575,1.0335565473574677
185.965,1.0256328592534305
157.35500000000002,1.0186236941336915
128.745,1.0126225245265053
100.135,1.007712770349439
71.525,1.0039650442771604
42.915,1.0014346973973198
14.305,1.0001598184505736
663.59,1.2038001573702544
635.355,1.1933914286129599
607.12,1.1827268656312298
578.8800000000001,1.1718292218172974
550.64,1.1607310178546477
522.4,1.1494694018335554
494.165,1.1380905396762202
465.93,1.1266439762218934
437.69,1.115186906603757
409.45,1.1037884277130297
381.21,1.092523345382657
352.975,1.081475778220062
324.74,1.0707325838392572
296.5,1.060386571320925
268.26,1.0505387108454334
240.02,1.0412907164458225
211.785,1.0327463657722427
183.55,1.0250045067980593
155.31,1.0181602365966105
127.07000000000002,1.0123042475186865
98.83,1.007516050641736
70.59499999999998,1.0038633956022758
42.36,1.0013979318649355
14.12,1.0001557127419773
492.525,1.137426995261605
465.9,1.1266317984326026
439.28,1.1158310817257062
412.655,1.105076811159332
386.03,1.0944331698675227
359.41,1.0839701342684946
332.785,1.0737572211066653
306.16,1.0638746143354119
279.54,1.0544060541303215
252.92000000000004,1.0454342232650133
226.295,1.0370433511341186
199.67,1.0293204728815013
173.04999999999998,1.0223497781749455
146.425,1.0162072686325823
119.8,1.010966604459581
93.18,1.0066924205863639
66.55999999999999,1.0034373260044391
39.935,1.0012428437812293
13.31,1.0001383649028335
996.675,1.3040849578860854
972.64,1.2982381867933785
948.625,1.2921928666122438
924.61,1.2859393817451228
900.59,1.279471915580331
876.575,1.2727891958408286
852.56,1.2658865292555754
828.5450000000001,1.2587612663066752
804.53,1.2514116170756118
780.5150000000001,1.243836806672863
756.5,1.2360372467942446
732.48,1.228013030308226
708.465,1.2197708634156843
684.45,1.2113142623219773
660.435,1.2026504224557453
636.42,1.193788817073516
612.4000000000001,1.1847395499436393
588.385,1.1755211891954216
564.37,1.1661497192945787
540.3549999999999,1.1566462914158675
516.34,1.1470355936441663
492.325,1.1373460599631615
468.31,1.1276100416949664
444.29,1.1178619009827233
420.275,1.1081461879771213
396.26,1.0985054302409059
372.245,1.0889881394182483
348.23,1.079646556076437
324.21500000000003,1.070536302826198
300.20000000000005,1.061715906332334
276.18,1.0532444596096109
252.165,1.0451878518963602
228.15,1.0376072829222702
204.135,1.0305653990124468
180.12,1.024123385964232
156.10000000000002,1.0183386609342144
132.085,1.01326834094141
108.07,1.0089607940884957
84.055,1.0054594518104314
60.040000000000006,1.0028004775531805
36.025,1.0010118548853084
12.01,1.000112662186867
482.845,1.1335063578173614
465.9,1.1266317984326026
448.96,1.119756086609951
432.02,1.1128913380116263
415.08,1.1060527078352211
398.135,1.0992543517203741
381.19000000000005,1.0925154335553124
364.25,1.0858559786664062
347.31,1.0792929217707319
330.37,1.0728460001123716
313.425,1.0665338272611513
296.48,1.060379408748288
279.54,1.0544060541303215
262.6,1.0486338302667986
245.66000000000005,1.043084840391216
228.715,1.0377796865383893
211.77,1.0327420310577438
194.83,1.0279948670043593
177.89,1.0235577269750953
160.95,1.0194509023756586
144.01,1.0156937034618436
127.06499999999998,1.012303303059284
110.12,1.0092975948621534
93.18,1.0066924205863639
76.24000000000001,1.0045001740145838
59.3,1.002732245447199
42.355,1.001397602794566
25.410000000000004,1.000503919820386
8.47,1.0000560412961672
1175.85,1.34178961437787
1145.3,1.3360413907155742
1114.75,1.330028409489846
1084.2,1.323739010705674
1053.65,1.3171614881260192
1023.15,1.3102957165355245
992.61,1.3031101958908153
962.05,1.295597711582881
931.51,1.2877577165333078
900.965,1.2795745408883965
870.42,1.2710411364634662
839.88,1.2621522393850086
809.3399999999999,1.2529017129445985
778.8000000000001,1.243287250399798
748.26,1.2333095595696084
717.72,1.2229729842880293
687.1800000000001,1.2122861938601361
656.64,1.2012629360318388
626.095,1.1899209629830776
595.5500000000001,1.17828843091443
565.01,1.1664012819712513
534.47,1.154300035798452
503.93,1.1420363213151152
473.39,1.1296716739388806
442.85,1.1172780414242043
412.31,1.1049380453466164
381.765,1.0927429415038714
351.22,1.080798193158049
320.68,1.0692183127475006
290.14,1.0581216533387163
259.6,1.0476342287989169
229.06,1.0378851058514802
198.52,1.0290032376293896
167.98000000000002,1.0211138511586448
137.435,1.0143335197740297
106.89,1.0087695926774
76.35,1.004513051898476
45.81,1.0016341386225398
15.27,1.0001820999831543
972.3,1.2981540290262958
936.945,1.2891776914959396
901.59,1.2797454657259175
866.23,1.2698428565903968
830.875,1.2594623862183973
795.52,1.2485960800618108
760.16,1.2372403990321954
724.8050000000001,1.2254025677362743
689.45,1.2130923070070743
654.09,1.2003278772909927
618.735,1.1871434535944703
583.38,1.1735800455852077
548.025,1.15969444412118
512.67,1.1455591722292722
477.31,1.1312619935630348
441.955,1.116915214999688
406.6,1.1026441844070725
371.24,1.0885933059099369
335.885,1.074930875286336
300.53,1.0618348761506402
265.17,1.0494957280502322
229.815,1.0381161920853224
194.46,1.0278945647450761
159.105,1.0190243898117943
123.75,1.0116845214961339
88.39,1.0060301310774318
53.035,1.0021878154988875
17.68,1.0002440857860613
831.9100000000001,1.2597731504408023
803.71,1.2511566867279929
775.51,1.2422297909491475
747.3100000000001,1.2329933974596476
719.11,1.2234511343474934
690.91,1.213609789432993
662.71,1.2034798156168294
634.51,1.1930758703123285
606.3100000000001,1.182417380496219
578.11,1.1715291210321361
549.91,1.1604417893767318
521.71,1.1491925546538384
493.505,1.1378235306233866
465.3,1.1263882405978938
437.1,1.1149479191189922
408.9,1.103567501013783
380.7,1.0923216275580592
352.5,1.081292269444967
324.29999999999995,1.0705680722810158
296.1,1.0602433673671527
267.90000000000003,1.0504168261223448
239.7,1.0411897543256092
211.5,1.0326640449606397
183.3,1.0249398347434926
155.1,1.0181129374915228
126.9,1.0122721546982496
98.7,1.0074965868359163
70.5,1.003853084696542
42.3,1.001393985555602
14.1,1.0001552720786844
848.2149999999999,1.2646139236288094
823.63,1.2572753632018085
799.045,1.2497013843702443
774.4599999999999,1.2418914163263906
749.8750000000001,1.2338462372791206
725.285,1.2255664831671367
700.7,1.2170596638674112
676.115,1.2083303122952334
651.53,1.1993869393719556
626.945,1.190240654201888
602.355,1.1809035363233154
577.77,1.171396561591113
553.1850000000001,1.1617384939916457
528.5999999999999,1.1519537208083253
504.015,1.1420706251036699
479.425,1.1321197745242841
454.84,1.122142196011805
430.255,1.1121773241980517
405.67,1.102271106011962
381.085,1.0924738982323212
356.495,1.082838325936758
331.91,1.0734267517940381
307.325,1.0642990186595318
282.74,1.0555196931558648
258.15500000000003,1.0471552886923259
233.565,1.0392717617790475
208.98,1.0319397309613327
184.395,1.0252236198410412
159.81,1.0191868748788258
135.22500000000002,1.0138889526461294
110.635,1.0093831268305022
86.05,1.0057186823135074
61.465,1.002934199786707
36.88,1.0010603515303242
12.295,1.0001180713500082
784.59,1.2451380032836596
763.09,1.2381998379559918
741.595,1.231084108271107
720.0999999999999,1.2237912438043679
698.605,1.216324365952727
677.11,1.2086878262888714
655.615,1.200887344302469
634.12,1.1929301507645864
612.625,1.184825135121605
591.1299999999999,1.1765829948444977
569.6300000000001,1.1682144245680672
548.135,1.1597380755113462
526.64,1.1511690104353418
505.145,1.1425265880808402
483.65,1.1338326386704618
462.155,1.125111548655444
440.66,1.1163903162244664
419.165,1.107698570921127
397.67,1.0990685504935829
376.17,1.0905330571806207
354.675,1.0821332481109327
333.18,1.0739065213255916
311.685,1.065894230161262
290.19,1.0581393578151332
268.695,1.0506861182498304
247.2,1.0435794870016002
225.705,1.036864665881757
204.21,1.0305864886545912
182.71,1.024787488599535
161.215,1.0195125042758277
139.72,1.0147998762128332
118.225,1.0106862683288262
96.73,1.0072045864794381
75.235,1.0043833461490461
53.74,1.0022461048080717
32.245,1.0008109793824636
10.75,1.0000902669039546
1285.1,1.3603523839141989
1253.35,1.3552616608021764
1221.65,1.3499363675683185
1189.95,1.34435653850357
1158.1999999999998,1.338500251969888
1126.4500000000005,1.3323632757070352
1094.75,1.3259429396762084
1063.0,1.3192058730972125
1031.25,1.312148868352863
999.535,1.304767363330533
967.805,1.2970375754225172
936.075,1.2889511168490282
904.345,1.2804971556862506
872.61,1.271664769887932
840.875,1.2624475208238004
809.145,1.252841479370522
777.415,1.2428426029029591
745.685,1.2324517885586637
713.955,1.22167420598792
682.225,1.210520137129257
650.495,1.1990058950189515
618.76,1.1871529162022927
587.025,1.17499437735512
555.295,1.1625727379779611
523.565,1.1499366694179467
491.835,1.1371477547979754
460.105,1.1242793550453531
428.375,1.1114171190757405
396.645,1.0986591483209418
364.91,1.0861137586425962
333.175,1.0739046309966294
301.44499999999994,1.0621650918843428
269.71500000000003,1.0510323191770532
237.985,1.0406502034695002
206.255,1.0311637815402273
174.52499999999998,1.0227150181684168
142.79500000000002,1.0154381496564098
111.06,1.0094539894297845
79.325,1.0048681178081484
47.595,1.001763511185599
15.865,1.000196561934703
988.345,1.3020813421729018
961.25,1.2953966238444854
934.17,1.2884540310955646
907.095,1.2812446459023585
880.02,1.2737612865478005
852.94,1.2659974805258782
825.86,1.2579507028659107
798.7850000000001,1.2496200241751378
771.71,1.2410031629518483
744.63,1.2320996156512802
717.5500000000001,1.2229144556331613
690.4749999999999,1.2134556889592756
663.4,1.2037310153149214
636.32,1.1937515191455894
609.24,1.1835359720807586
582.1650000000001,1.1731078340870609
555.0899999999999,1.1624917273386839
528.01,1.1517175722446902
500.93,1.140825104834686
473.855,1.1298603504502946
446.78,1.118871741241967
419.7000000000001,1.1079142940835651
392.62,1.0970536890112281
365.545,1.086361911183018
338.47,1.0759128805008087
311.39,1.0657859592518202
284.31,1.0560686514698439
257.235,1.0468512254328255
230.16,1.0382219637537675
203.08,1.0302693591210508
176.0,1.0230827928271653
148.925,1.0167467309891367
121.85,1.0113365510727044
94.77,1.0069195770108543
67.69,1.0035541921386462
40.615,1.0012854198623204
13.54,1.0001431867958368
679.465,1.2095326007432259
650.555,1.1990279943613837
621.64,1.1882417318616987
592.7249999999999,1.177199031992275
563.8149999999999,1.1659314912253924
534.9,1.1544716801263806
505.985,1.142865441542257
477.0750000000001,1.131166672352487
448.16,1.119431533616937
419.245,1.1077308261798127
390.3299999999999,1.0961418975580304
361.415,1.0847503738854836
332.505,1.0736514320141193
303.59000000000003,1.0629411747499102
274.675,1.0527267733155838
245.765,1.0431185020648914
216.85,1.0342229149233155
187.935,1.0261502598888372
159.025,1.0190059902552435
130.11,1.0128846664524813
101.195,1.0078743396931682
72.285,1.0040490683430612
43.37,1.0014651913877335
14.455,1.0001631865861693
478.665,1.1318115646782236
449.655,1.120038061772285
420.645,1.1082954293180909
391.635,1.0966613508322738
362.625,1.0852219187289742
333.615,1.0740710242740996
304.605,1.0633093653371088
275.595,1.0530430391606955
246.585,1.043381707403072
217.575,1.0344363471639744
188.565,1.026316633457854
159.555,1.0191280334384507
130.54500000000002,1.012968727343278
101.535,1.0079265015383179
72.525,1.0040757808006466
43.515,1.0014749760373713
14.505,1.0001643170953134
479.34,1.1320853050470117
454.76,1.122109725841154
430.175,1.1121449679480957
405.59,1.102239020469158
381.00999999999993,1.092444231967339
356.43,1.0828131235157314
331.85,1.0734041041704652
307.27000000000004,1.0642789647616615
282.69,1.0555022381107528
258.105,1.0471387461228288
233.52,1.0392578186174324
208.94000000000003,1.0319282859205814
184.36,1.0252145281951959
159.78,1.0191799482272321
135.20000000000002,1.0138839602123744
110.62,1.0093806303881319
86.035,1.0057167115504166
61.45,1.0029327762286735
36.87,1.0010597777989771
12.29,1.0001179753601843
991.44,1.302828580954655
968.115,1.2971148017047966
944.785,1.2912070361739723
921.46,1.2851034419987335
898.135,1.2787987564227632
874.8050000000001,1.272287987147613
851.475,1.2655694272983955
828.1449999999999,1.258640689893754
804.8199999999999,1.2515017125037389
781.495,1.2441503239705687
758.165,1.2365852254333056
734.835,1.228809532195297
711.5050000000001,1.2208261993401173
688.1800000000001,1.2126415395905383
664.855,1.204260179531569
641.525,1.1956885705264868
618.195,1.186939014900103
594.865,1.1780244767487675
571.535,1.1689605823197746
548.2099999999999,1.1597678227915071
524.885,1.150465854880072
501.555,1.1410775194839702
478.225,1.1316331151356938
454.895,1.1221645193299585
431.57,1.1127092672811782
408.245,1.1033044639106326
384.915,1.0939908397143905
361.585,1.0848165934740914
338.255,1.075831091553955
314.93,1.067088384076573
291.605,1.0586410688863612
268.27500000000003,1.050543791492363
244.945,1.0428558713597287
221.615,1.0356350797218823
198.285,1.0289385843624776
174.96,1.0228232175784215
151.63500000000002,1.017340429851754
128.305,1.0125385541630996
104.975,1.0084634533855699
81.645,1.0051540571127173
58.32,1.0026431581737698
34.995,1.0009549305574514
11.665,1.0001062838284733
890.325,1.2766421591391035
869.855,1.2708799469023213
849.3850000000001,1.264957322407041
828.92,1.2588742501352375
808.455,1.2526282259620163
787.985,1.2462171203715842
767.52,1.2396441318526263
747.0550000000001,1.23290847374157
726.585,1.2260099825263104
706.115,1.218952703688943
685.6500000000001,1.2117418158642796
665.1850000000001,1.2043800941536416
644.715,1.196871361357569
624.25,1.1892262699219163
603.785,1.181451411288682
583.315,1.1735547928914853
562.845,1.1655499148476092
542.3800000000001,1.1574521525494996
521.915,1.1492748137840934
501.4450000000001,1.1410330974225744
480.98,1.132750300119783
460.515,1.1244457928484182
440.045,1.1161410767642448
419.5750000000001,1.107863888091173
399.11,1.0996440796332794
378.645,1.0915095442725407
358.175,1.083490246129435
337.70500000000004,1.075621957167969
317.23999999999995,1.0679419503049812
296.77500000000003,1.0604850820048264
276.305,1.0532875299743094
255.83999999999995,1.0463914697500627
235.375,1.039834109747183
214.905,1.033652889255432
194.435,1.027887792906141
173.97000000000003,1.0225772907527584
153.505,1.0177554784911236
133.03500000000005,1.0134547336696333
112.57,1.0097077895212785
92.105,1.0065409013764404
71.635,1.0039771524429872
51.165,1.0020368693427728
30.7,1.0007352375717828
10.235,1.000081826626146
989.19,1.3022856832906764
958.76,1.2947692765473646
928.32,1.2869192415743267
897.885,1.2787300794500736
867.45,1.2701924534609332
837.01,1.2612983709821277
806.575,1.2520462443013902
776.1400000000001,1.242432609622873
745.7,1.2324567926707943
715.265,1.2221267081566123
684.83,1.211449710362322
654.39,1.2004379986171658
623.955,1.1891150962654542
593.5200000000001,1.1775058269698406
563.08,1.1656423782530634
532.645,1.1535711869776386
502.2099999999999,1.1413420066144804
471.77,1.1290142969843031
441.335,1.1166638992829947
410.9,1.1043711107284775
380.46,1.0922267259324818
350.02500000000003,1.080337500794787
319.59,1.0688132126474914
289.15000000000003,1.0577714415561672
258.71,1.0473390450883837
228.275,1.0376453996515098
197.84,1.0288163171361713
167.4,1.0209744051235619
136.965,1.0142384388787067
106.53,1.008711648560684
76.09,1.004482642109875
45.655,1.0016231348192626
15.22,1.0001809098320733
991.02,1.3027273730262805
963.86,1.2960518310807072
936.705,1.289115215736925
909.555,1.2819109139951883
882.405,1.2744316250781174
855.255,1.266672203466617
828.105,1.2586286288270974
800.9549999999999,1.2502982593702439
773.805,1.2416801175899697
746.655,1.232775209645953
719.505,1.2235868788461381
692.35,1.2141194243189792
665.1949999999999,1.2043837273405464
638.045,1.194394455714568
610.895,1.1841666943748501
583.745,1.173721828851506
556.5949999999999,1.1630862541160756
529.4449999999999,1.1522918344978204
502.2950000000001,1.1413763260803391
475.145,1.1303837370817604
447.995,1.1193645977215687
420.84,1.1083740906086579
393.685,1.0974781397774838
366.535,1.0867490601737115
339.385,1.0762611867349194
312.235,1.0660962205057087
285.085,1.0563402523764622
257.93499999999995,1.0470825163200697
230.785,1.0384138594260077
203.635,1.0304249510616652
176.485,1.0232042736561011
149.33,1.0168348689833857
122.175,1.0113957256033475
95.025,1.0069563456962525
67.87499999999999,1.0035735072015413
40.725,1.0012923740266557
13.575,1.000143927795931
476.83,1.131067292454368
453.5700000000001,1.1216267484705253
430.31,1.1121995694779956
407.05,1.102824761186519
383.79,1.0935448645263002
360.53,1.084405804944442
337.27,1.0754566461050712
314.01,1.0667492389047664
290.74999999999994,1.0583377593008072
267.49,1.0502781319579135
244.23,1.042627341126469
220.97,1.0354426353649777
197.71,1.0287806385093061
174.45,1.0226963853696582
151.19,1.0172423066108822
127.93,1.0124671926814237
104.67,1.0084151710071636
81.41,1.0051247334802664
58.14999999999999,1.0026278521431817
34.89,1.0009492196148084
11.63,1.000105647125777
693.865,1.2146547874840814
672.515,1.2070338674259287
651.165,1.199252602461608
629.815,1.1913184076434076
608.465,1.1832403424031643
587.115,1.1750292550324215
565.765,1.1666979259658632
544.415,1.1582612067020752
523.065,1.1497361505972834
501.715,1.1411421311537153
480.365,1.1325009428190465
459.015,1.1238368787486923
437.665,1.1151767794977152
416.315,1.1065500462501359
394.965,1.0979886120129219
373.615,1.0895268642563036
352.265,1.0812015128286938
330.915,1.0730513976672351
309.565,1.065117231908895
288.22,1.0574430415599692
266.875,1.0500703289726259
245.525,1.0430415749494806
224.175,1.0364028308949038
202.825,1.03019797882013
181.475,1.0244698707226112
160.12500000000003,1.0192596711609394
138.77499999999998,1.0146061830122344
117.425,1.0105451746781056
96.075,1.007108728692485
74.725,1.0043246325290092
53.375,1.0022158322636523
32.025,1.000799968537918
10.675,1.0000890119829435
48.305,1.0018163255429273
46.41,1.001677080945794
44.515,1.001543334941847
42.62,1.0014150964494952
40.725,1.0012923740266557
38.830000000000005,1.0011751758693315
36.935,1.0010635098102478
35.045,1.0009576560395248
33.15,1.0008570615714925
31.255,1.000762020490179
29.36,1.0006725391637257
27.465,1.000588623591076
25.57,1.0005102794009715
23.675,1.0004375118510103
21.785,1.0003704957505006
19.89,1.0003088810202045
17.994999999999997,1.0002528564570559
16.1,1.0002024258268771
14.204999999999998,1.0001575925205657
12.315,1.0001184556993756
10.419999999999998,1.0000848109242737
8.525,1.0000567713853188
6.630000000000001,1.0000343389696333
4.734999999999999,1.0000175151871962
2.84,1.0000063011705895
0.945,1.0000006976748077
249.725,1.0443948594281995
247.055,1.0435328271019357
244.385,1.0426768453103596
241.715,1.0418270005777017
239.045,1.0409833793229861
236.375,1.0401460678413434
233.705,1.0393151522851525
231.035,1.038490718645018
228.365,1.0376728527305916
225.69,1.0368601273214264
223.015,1.0360541660594478
220.34500000000003,1.0352565417969863
217.675,1.0344658266179492
215.005,1.0336821051333482
212.335,1.0329054616551296
209.665,1.0321359801760712
206.995,1.03137374434958
204.325,1.0306188374693916
201.655,1.0298713424491837
198.985,1.0291313418021104
196.31,1.0283975531979355
193.635,1.0276714515712602
190.965,1.0269544539470141
188.295,1.0262452766329762
185.625,1.0255439998285656
182.955,1.0248507032086036
180.285,1.0241654659025259
177.615,1.0234883664735883
174.945,1.022819482898068
172.275,1.022158892544474
169.60500000000002,1.0215066721527757
166.93,1.0208617002141505
164.255,1.0202252818352162
161.585,1.0195986575077745
158.915,1.0189807036782725
156.245,1.0183714936309005
153.575,1.0177710998975038
150.905,1.0171795942372037
148.235,1.0165970476161132
145.565,1.0160235301871599
142.89499999999998,1.015459111270022
140.225,1.014903859331192
137.555,1.0143578419641759
134.88,1.013820129550211
132.20499999999998,1.0132918194356206
129.53500000000005,1.0127739377675924
126.865,1.0122655521623705
124.195,1.0117667255533045
121.525,1.0112775198852992
118.855,1.0107979960962477
116.185,1.0103282140986811
113.515,1.009868232761646
110.845,1.0094181098928154
108.175,1.0089779022208496
105.5,1.0085468690788058
102.825,1.0081258989689694
100.155,1.0077158040572338
97.485,1.007315840316682
94.815,1.0069260588211906
92.145,1.0065465094654247
89.475,1.0061772409491863
86.80499999999999,1.0058183007620871
84.135,1.0054697351685487
81.465,1.0051315891931438
78.795,1.0048039066062828
76.11999999999999,1.0044861458278096
73.445,1.0041789717758893
70.775,1.0038829689535747
68.105,1.0035975919283548
65.43499999999999,1.0033228779929029
62.765,1.0030588631075579
60.095,1.002805581888667
57.425,1.0025630675973392
54.755,1.0023313521286115
52.08500000000001,1.00211046600104
49.415,1.0019004383467172
46.745,1.001701296901725
44.07,1.0015127257611303
41.395,1.001335133125687
38.725,1.0011688437257769
36.05500000000001,1.0010135374239444
33.385,1.0008692348432127
30.715,1.0007359551627162
28.045,1.0006137161113458
25.375,1.0005025339618643
22.705,1.000402423525502
20.035,1.0003133981470311
17.365,1.0002354697003237
14.69,1.0001685338766355
12.015,1.000112755992218
9.345,1.0000682164925316
6.675000000000001,1.0000348066588556
4.005,1.0000125309554737
1.335,1.000001392359404
388.775,1.095523456167127
385.725,1.094312142454445
381.37,1.0925866438813345
377.01,1.090864275489435
372.65,1.089147338501755
368.29,1.0874361540575188
363.93,1.085731047000985
359.57,1.0840323457986987
355.215,1.0823423187902002
350.86,1.080659348480735
346.50000000000006,1.0789818531311086
342.14,1.077312111113504
337.78,1.0756504675888137
333.42,1.0739972707421597
329.065,1.072354752271055
324.71,1.0707213640629796
320.35,1.0690956026007625
315.99,1.0674797075579623
311.62999999999994,1.0658740403804559
307.27,1.0642789647616615
302.91,1.0626948464956014
298.555,1.061123850359773
294.20000000000005,1.0595645216229321
289.84,1.0580154607782963
285.48,1.056478837501938
281.12000000000006,1.0549550257130964
276.76,1.0534444004485464
272.40500000000003,1.0519490465859374
268.05,1.0504675995641657
263.69,1.0489987592689496
259.33,1.0475446122811507
254.97000000000003,1.0461055364323428
250.61,1.0446819095252047
246.25000000000003,1.0432741091280504
241.895,1.0418840988093137
237.54,1.040510630157627
233.18,1.0391525298791306
228.82,1.03781175894597
224.46,1.0364886905508803
220.1,1.0351836963473617
215.74500000000003,1.0338986109190362
211.39,1.0326322939160308
207.03,1.0313836889800492
202.67,1.0301546240326969
198.31,1.028945459572859
193.95,1.0277565531609005
189.59,1.02658825917955
185.235,1.0254422322004715
180.88,1.0243174666792234
176.52,1.0232130508488584
172.15999999999997,1.0221306276191064
167.8,1.0210705318829034
163.43999999999997,1.0200330939101616
159.08499999999998,1.0190197891870958
154.73,1.0180297341581739
150.37,1.017062146740987
146.01,1.0161184864458257
141.65,1.0151990568621851
137.29000000000002,1.014304155536799
132.93,1.013434073744013
128.575,1.0125900507849657
124.22,1.0117713516902027
119.86,1.0109773508921667
115.5,1.0102092669171998
111.14,1.0094673563613683
106.78,1.0087518682419752
102.42,1.008063043794452
98.065,1.0074018598739114
93.71,1.0067677355414544
89.35,1.0061602058191543
84.99,1.0055802225436599
80.63000000000001,1.0050279852003163
76.27000000000001,1.0045036843897481
71.915,1.004008054511781
67.55999999999999,1.0035406500332413
63.2,1.0031011457493781
58.84,1.0026902480772755
54.48,1.002308100928055
50.12,1.0019548384650407
45.760000000000005,1.0016305849868168
41.405,1.001335776549812
37.05,1.0010701285653796
32.69,1.0008334802545489
28.33,1.000626237248337
23.97,1.0004484730857817
19.610000000000003,1.0003002509185606
15.255,1.000181742528567
10.9,1.0000928030844773
6.540000000000001,1.000033413079483
2.18,1.0000037127849302
591.65,1.176783910214166
561.31,1.164945644648648
530.9699999999999,1.1529017407047015
500.63,1.140703931604156
470.29,1.1284136667265199
439.95,1.1161025785427057
409.605,1.1038506979956386
379.2600000000001,1.0917524542792487
348.92,1.0799120045456714
318.58,1.0684383984608494
288.24,1.0574500979181487
257.90000000000003,1.0470709424622846
227.56,1.0374275691656165
197.22,1.0286463198786566
166.88,1.0208497258627953
136.53500000000005,1.014151702829073
106.19,1.0086570905629775
75.85,1.0044546603094962
45.51,1.0016128742643398
15.17,1.0001797235787664
98.48,1.0074637029562452
94.1,1.0068234140084436
89.725,1.0062113791174676
85.35000000000001,1.005627062845912
80.97,1.005070047661193
76.595,1.0045417987728078
72.22000000000001,1.0040418484627878
67.84,1.0035698490725256
63.465,1.0031270437286002
59.09,1.00271303304311
54.71,1.002327539524536
50.335,1.0019715795226856
45.96,1.0016448225091963
41.580000000000005,1.0013470613600999
37.2,1.0010787923811737
32.825,1.0008403669272157
28.45,1.0006315469910727
24.07,1.0004522194530028
19.695,1.0003028578688204
15.32,1.0001832940319544
10.94,1.0000934853302175
6.565,1.0000336690021752
352.285,1.0812092359709788
336.63,1.0752135835161978
320.97,1.0693261954725664
305.30999999999995,1.0635654605405969
289.655,1.057950004710597
274.0,1.052495119399896
258.34000000000003,1.0472165135453189
242.685,1.0421350304248478
227.03,1.0372664094318007
211.37,1.0326265223101052
195.715,1.0282353788466163
180.06,1.024108091877493
164.39999999999998,1.020259558768324
148.73999999999998,1.0167065393940966
133.085,1.013464576845798
117.43,1.0105460537902615
101.77,1.0079626503470613
86.115,1.0057272260752703
70.46,1.0038487472883852
54.8,1.002335167808849
39.13999999999999,1.001193969859829
23.485,1.0004305236862758
7.83,1.0000478929902086
773.4449999999999,1.2415639128066596
741.8750000000001,1.2311779439903734
710.305,1.220410030962719
678.7350000000001,1.2092709497222394
647.165,1.1977774945755617
615.595,1.1859534446236186
584.025,1.1738305706821954
552.4599999999999,1.1614516293372237
520.895,1.148865462757917
489.325,1.1361316519432751
457.755,1.1233254048150323
426.185,1.1105320195265886
394.615,1.0978489939139247
363.045,1.0853857129378768
331.475,1.0732625948517545
299.905,1.061609610553801
268.335,1.0505641157720365
236.765,1.040267974929117
205.195,1.0308640083009162
173.63,1.022493094757348
142.065,1.0152855197757278
110.495,1.0093598388784721
78.925,1.00481961821962
47.355,1.0017458327959294
15.785,1.0001945853568768
390.205,1.096092162400529
373.6,1.089520962753953
357.0,1.0830341820759426
340.395,1.0766460811492833
323.79,1.0703775100377968
307.185,1.064247975803905
290.5799999999999,1.058277508688749
273.975,1.0524865459690658
257.37,1.0468958009805756
240.765,1.041526118004367
224.16,1.036398314106906
207.555,1.0315330094354196
190.95,1.026950447885718
174.35,1.0226715518349476
157.745,1.0187126658921783
141.14,1.0150931056180816
124.535,1.0118297132641179
107.93,1.0089380072381982
91.325,1.0064320050719047
74.72000000000001,1.004324058813497
58.115,1.002624706331417
41.510000000000005,1.0013425417858832
24.905000000000005,1.000484108187543
8.3,1.0000538145198714
297.66,1.0608024266812233
282.395,1.0553992883008467
267.13,1.0501564564349373
251.865,1.0450900865101256
236.6,1.040216382216742
221.335,1.0355514886799788
206.07,1.0311113790089965
190.805,1.0269117353545005
175.54,1.022967825809512
160.28,1.019295536068507
145.015,1.0159065177800668
129.75,1.0128152891503108
114.485,1.0100342049106352
99.22,1.0075745865032555
83.955,1.0054466107691575
68.69,1.0036592074260755
53.425,1.0022199672095375
38.16,1.001135062403863
22.895,1.0004091812928602
7.63,1.0000454778162853
490.885,1.1367632311620628
477.055,1.1311585598015887
463.23,1.125547943110752
449.405,1.1199366298126996
435.575,1.1143303189966056
421.745,1.1087392227414916
407.915,1.103171969083379
394.09,1.0976396172425094
380.265,1.092149629915639
366.435,1.0867099396165143
352.605,1.081332827115615
338.78,1.0760308446591054
324.955,1.070813005397501
311.125,1.0656887403597162
297.295,1.0606714854776085
283.46500000000003,1.0557729838413992
269.64,1.0510068367493028
255.81500000000003,1.0463832447188708
241.985,1.0419126585237295
228.155,1.0376088073112206
214.33,1.033485090856816
200.505,1.029551691962211
186.675,1.0258188351832485
172.845,1.0222992173555527
159.01999999999998,1.019004840543488
145.195,1.0159447702120867
131.365,1.0131278704081532
117.535,1.0105645230622318
103.705,1.008263272303965
89.88,1.006232590239469
76.05499999999999,1.004478556121973
62.225,1.0030067706950438
48.395,1.0018230753615687
34.57,1.000931919885339
20.745,1.000335988934334
6.915,1.0000373544161179
587.515,1.1751842410286037
569.9799999999999,1.1683515789705252
552.44,1.1614437142701344
534.9,1.1544716801263806
517.3650000000001,1.1474476200664856
499.83,1.140380758563991
482.29,1.1332813847803183
464.75,1.1261649761705728
447.21,1.1190461605839854
429.675,1.1119427554718158
412.14,1.1048696748341025
394.6,1.0978430108810109
377.06,1.0908839972444218
359.525,1.0840148478880296
341.99,1.0772548079765498
324.45,1.0706241448690519
306.91,1.0641477459756103
289.37,1.0578492108704602
271.83500000000004,1.0517543497808413
254.30000000000004,1.0458857540231437
236.76,1.0402664111553197
219.22,1.0349225281301397
201.685,1.0298796997936006
184.15,1.025160007258968
166.61,1.0207851160264616
149.07000000000002,1.0167782627528885
131.53,1.0131600009063684
113.995,1.0099502008518892
96.46,1.0071649981997446
78.92,1.0048190134663206
61.38,1.0029261374442249
43.84499999999999,1.001497364847247
26.31,1.0005402095441502
8.77,1.0000600809828084
784.955,1.2452542360864014
762.845,1.2381197393761647
740.7349999999999,1.2307957105565375
718.6250000000001,1.223284380385559
696.515,1.2155892159447426
674.4,1.207713271395827
652.285,1.199664672197233
630.175,1.1914534130308283
608.065,1.183087690645488
585.955,1.1745795569483808
563.8449999999999,1.1659432891384427
541.73,1.1571935654012264
519.6149999999999,1.1483515510590239
497.505,1.139441180035795
475.395,1.1304851617000717
453.285,1.1215110823076893
431.175,1.1125494650133336
409.065,1.1036337737007307
386.95,1.0947983773865635
364.835,1.0860844581355142
342.725,1.077535684803652
320.615,1.0691941381045114
298.505,1.0611058807045493
276.395,1.0533185475600462
254.285,1.0458808377072284
232.17,1.038840382572721
210.055,1.0322479264549758
187.945,1.026152897301677
165.835,1.0206001466958532
143.725,1.0156335886200065
121.615,1.0112938526257846
99.505,1.0076174996592129
77.39,1.0046356904943738
55.275000000000006,1.002375632004937
33.165,1.0008578360372913
11.055,1.0000954606968118
485.5199999999999,1.1345904326230762
466.48,1.126867233787178
447.44,1.1191394579451086
428.4,1.111427225856565
409.36,1.103752272609497
390.32,1.096137918610014
371.28,1.088609014756356
352.24,1.081191859116895
333.20000000000005,1.0739140827573894
314.16,1.0668045028315347
295.12000000000006,1.0598929416695044
276.08,1.0532100113733966
257.04,1.0467868643496556
238.0,1.0406549112602708
218.96,1.0348455090296766
199.92,1.029389622764463
180.88,1.0243174666792234
161.84,1.0196581303159615
142.8,1.015439197431634
123.76,1.011686365840922
104.72,1.008423077173025
85.68,1.0056701658726726
66.64,1.0034455367991597
47.6,1.0017638804223348
28.56,1.0006364338713953
9.52,1.0000707949747236
533.875,1.1540624745941572
511.1600000000001,1.1449511959766594
488.44,1.135773271855674
465.72,1.1265587314845416
443.0,1.117338854814774
420.285,1.1081502212947334
397.57,1.099028599115883
374.85,1.0900129840645831
352.13,1.081149385638512
329.41,1.0724845430620897
306.69,1.0640675935804698
283.975,1.0559513759506185
261.26,1.0481864690851006
238.54,1.0408245249505848
215.82,1.0339205843473471
193.1,1.0275271608763077
170.38500000000002,1.0216963385346778
147.67,1.016474929788945
124.95,1.011906806566734
102.23,1.0080336361504734
79.50999999999999,1.0048906285597758
56.795,1.0025074185976168
34.08,1.0009057363059815
11.36,1.0001007996747535
312.35,1.0661384760774637
304.825,1.0633892502625009
297.295,1.0606714854776085
289.77,1.057990690982557
282.24499999999995,1.055346963891167
274.71500000000003,1.052740511306619
267.19000000000005,1.0501767288791308
259.665,1.0476558117675756
252.135,1.0451780720125399
244.61,1.0427487430201883
237.085,1.0403681029893188
229.56,1.0380380839140009
222.035,1.0357606078899941
214.505,1.0335361251186455
206.98,1.0313694827506072
199.455,1.029261056958311
191.925,1.0272113546391146
184.4,1.0252249187600488
176.875,1.023302156720235
169.34500000000003,1.0214436101130622
161.82000000000002,1.0196534629252731
154.29500000000002,1.0179321315720604
146.765,1.016280169269648
139.23999999999998,1.0147013474154514
131.715,1.0131960689188024
124.185,1.011764875334719
116.66,1.010411074534786
109.135,1.0091350340046163
101.605,1.0079372610847828
94.08,1.0068205533836372
86.55499999999999,1.0057852226043364
79.03,1.004832326547562
71.505,1.0039628447281337
63.975,1.0031771824037068
56.45,1.0024771990644814
48.925,1.0018630753931335
41.395,1.001335133125687
33.87,1.000894628364073
26.345,1.000541646215712
18.815,1.0002764129080668
11.29,1.0000995614991923
3.765,1.0000110741492523
59.55,1.0027552042776602
58.73,1.0026802526375427
57.91,1.0026063181011835
57.09,1.0025334015859786
56.27,1.0024615039970948
55.445,1.0023901971758944
54.620000000000005,1.002319923545441
53.8,1.002251100507262
52.98,1.0021832999035833
52.16,1.0021165225778605
51.34,1.0020507693611582
50.52,1.0019860410721226
49.695,1.0019219532346832
48.87,1.0018589044864932
48.05,1.0017972683007097
47.23,1.001736660201799
46.41,1.001677080945794
45.59,1.001618531276163
44.77,1.001561011923787
43.945,1.0015041823300022
43.12,1.0014483971022545
42.3,1.001393985555602
41.48,1.0013406071316238
40.66,1.001288262497776
39.84,1.001236952308796
39.02,1.0011866772066835
38.195,1.0011371407587166
37.37,1.0010886533238048
36.55,1.001041499855842
35.73,1.0009953839220889
34.91,1.000950306100403
34.09,1.0009062669557884
33.27,1.0008632670403785
32.445,1.0008210542293055
31.62,1.0007798944414188
30.8,1.0007400280933587
29.98,1.0007012030600144
29.16,1.000663419828757
28.34,1.000626678873989
27.52,1.0005909806571296
26.695,1.0005561175161772
25.87,1.0005223107654941
25.05,1.0004897561356259
24.23,1.0004582459641376
23.41,1.0004277806471635
22.59,1.0003983605677742
21.77,1.0003699860959634
20.95,1.000342657588637
20.125,1.0003162183423913
19.3,1.0002908385399254
18.48,1.0002666627061134
17.660000000000004,1.0002435341369451
16.84,1.0002214531235674
16.02,1.0002004199439771
15.2,1.0001804348630146
14.374999999999998,1.0001613858806575
13.55,1.0001433983151733
12.73,1.0001265717791814
11.91,1.0001107942719423
11.09,1.0000960659922284
10.27,1.0000823871256108
9.45,1.0000697578444533
8.625,1.0000581109212379
7.8,1.00004752673199
6.98,1.0000380599151653
6.16,1.0000296432424522
5.34,1.0000222768199423
4.52,1.0000159607404933
3.7,1.0000106950837255
2.875,1.0000064574361331
2.05,1.0000032831815664
1.23,1.000001181950331
0.41,1.0000001313280904
24.06,1.0004518441169545
23.9,1.0004458598755945
23.74,1.0004399154205061
23.58,1.0004340107545355
23.425,1.0004283285554751
23.27,1.000422683702775
23.11,1.0004168959336144
22.95,1.0004111479645925
22.795,1.0004056175761404
22.64,1.0004001245442538
22.48,1.0003944935039844
22.32,1.0003889022745804
22.165,1.0003835237377925
22.01,1.0003781825674987
21.85,1.000372708297926
21.69,1.0003672738496516
21.53,1.0003618792252784
21.375,1.0003566911619564
21.22,1.000351540477189
21.06,1.000346262850397
20.9,1.0003410250575697
20.745,1.000335988934334
20.59,1.0003309901989594
20.43,1.0003258694328427
20.27,1.0003207885104601
20.11,1.0003157474342455
19.955,1.0003109018917768
19.8,1.0003060937484483
19.64,1.0003011697342483
19.48,1.000296285575616
19.325000000000003,1.0002915920559476
19.17,1.0002869359441025
19.01,1.0002821688746624
18.85,1.000277441669894
18.69,1.0002727543320633
18.535000000000004,1.0002682514933001
18.38,1.0002637860728565
18.22,1.000259215857073
18.06,1.0002546855169607
17.904999999999998,1.0002503347779963
17.750000000000004,1.0002460214654094
17.59,1.0002416082725678
17.43,1.0002372349638369
17.27,1.0002329015413123
17.115,1.0002287415762185
16.96,1.0002246190472155
16.8,1.0002204028023642
16.639999999999997,1.000216226451788
16.485,1.000212218657767
16.330000000000002,1.0002082483072703
16.17,1.0002041891576336
16.01,1.0002001699100447
15.855,1.0001963143168842
15.7,1.000192496174403
15.54,1.0001885941501514
15.38,1.0001847320354242
15.22,1.0001809098320733
15.065,1.000177245134325
14.91,1.0001736178958367
14.75,1.0001699129426804
14.59,1.0001662479080058
14.435,1.0001627354741178
14.28,1.0001592605060194
14.12,1.0001557127419773
13.96,1.0001522049032265
13.8,1.000148736991449
13.645,1.0001454155283762
13.49,1.000142131538888
13.33,1.0001387809221416
13.17,1.0001354702388063
13.015,1.0001323010968555
12.86,1.0001291694343917
12.7,1.0001259760645633
12.54,1.000122822634288
12.38,1.0001197091450778
12.225,1.000116731042145
12.07,1.0001137904257082
11.91,1.0001107942719423
11.75,1.0001078380650112
11.595,1.0001050123347173
11.44,1.0001022240961945
11.28,1.00009938524122
11.12,1.0000965863385536
10.96,1.0000938273895372
10.805,1.0000911927592586
10.65,1.0000885956269727
10.489999999999998,1.0000859540493872
10.33,1.0000833524305528
10.175,1.0000808702186808
10.02,1.0000784255094493
9.86,1.000075941276593
9.7,1.0000734970072915
9.545,1.0000711672322893
9.39,1.0000688749642965
9.23,1.0000665480946482
9.07,1.0000642611930615
8.91,1.0000620142606338
8.754999999999999,1.0000598756609829
8.6,1.0000577745734258
8.44,1.000055645056566
8.28,1.0000535555129995
8.125,1.000051569387679
7.97,1.000049620778193
7.81,1.0000476486619023
7.65,1.0000457165227419
7.49,1.000043824361639
7.334999999999999,1.000042029455034
7.180000000000001,1.0000402720685597
7.0200000000000005,1.0000384973481802
6.859999999999999,1.0000367626093223
6.704999999999999,1.0000351202087499
6.550000000000001,1.0000335153314195
6.39,1.000031898043025
6.23,1.000030320739319
6.07,1.000028783421059
5.915,1.000027332275343
5.76,1.000025918656377
5.6,1.0000244987995588
5.44,1.0000231189309807
5.285,1.0000218203172373
5.13,1.000020559232726
4.970000000000001,1.0000192968333608
4.81,1.0000180744247318
4.65,1.000016892007426
4.495000000000001,1.0000157846774533
4.34,1.0000147148794318
4.18,1.0000136499398482
4.0200000000000005,1.000012624993711
3.865,1.000011670215887
3.71,1.0000107529718671
3.5500000000000003,1.000009845509253
3.39,1.0000089780419117
3.235,1.0000081758233408
3.08,1.0000074111401485
2.92,1.0000066611612566
2.76,1.0000059511791661
2.6,1.0000052811942173
2.4450000000000003,1.0000046702884076
2.2900000000000005,1.0000040969195552
2.13,1.0000035444279989
1.97,1.0000030319347397
1.815,1.0000025736000344
1.66,1.0000021528032308
1.5,1.0000017578063203
1.34,1.0000014028085642
1.1800000000000002,1.0000010878101333
1.025,1.0000008207994338
0.87,1.0000005913274257
0.71,1.0000003938278148
0.55,1.0000002363280134
0.395,1.0000001218945016
0.24,1.000000044999996
47.07,1.0017249541681124
46.615,1.0016918792648994
46.16,1.0016591213040338
45.705,1.001626680411397
45.25,1.0015945567116766
44.795,1.0015627503283657
44.34,1.0015312613837604
43.885,1.0015000899989595
43.43,1.0014692362938635
42.975,1.001438700387173
42.52,1.0014084823963876
42.065000000000005,1.0013785824378048
41.61,1.0013490006265193
41.155,1.0013197370764213
40.7,1.0012907919001957
40.245000000000005,1.0012621652093212
39.79,1.0012338571140686
39.335,1.0012058677235007
38.88,1.0011781971454703
38.425,1.0011508454866198
37.975,1.001124108180298
37.52,1.0010973911674141
37.065,1.0010709933852382
36.61000000000001,1.001044914935573
36.155,1.0010191559190058
35.7,1.0009937164349076
35.245,1.000968596581432
34.79,1.0009437964555132
34.33500000000001,1.0009193161528673
33.88,1.000895155767989
33.425,1.0008713153941526
32.97,1.0008477951234094
32.515,1.000824595046588
32.059999999999995,1.0008017152532935
31.604999999999997,1.000779155831906
31.15,1.0007569168695793
30.695,1.000734998452242
30.24,1.0007134006645944
29.785,1.0006921235901092
29.33,1.0006711673110296
28.875,1.00065053190837
28.425,1.0006304389531884
27.97,1.0006104420132107
27.515,1.0005907661844655
27.06,1.0005714115430542
26.605,1.0005523781638437
26.15,1.0005336661204678
25.695,1.0005152754853244
25.24,1.0004972063295765
24.785,1.0004794587231505
24.33,1.0004620327347358
23.875,1.0004449284317842
23.42,1.000428145880509
22.965,1.0004116851458853
22.51,1.0003955462916476
22.055,1.000379729380291
21.6,1.0003642344730692
21.145,1.000349061629995
20.69,1.0003342109098392
20.235,1.00031968237013
19.78,1.0003054760671524
19.325000000000003,1.0002915920559476
18.875,1.000278177667749
18.42,1.00026493485712
17.965000000000003,1.0002520144953642
17.509999999999998,1.000239416632557
17.055,1.0002271413175279
16.6,1.0002151885978594
16.145,1.0002035585198867
15.69,1.0001922511286983
15.235,1.0001812664681338
14.78,1.0001706045807848
14.325,1.0001602655079942
13.87,1.0001502492898553
13.415,1.0001405559652121
12.96,1.0001311855716586
12.505,1.000122138145538
12.05,1.0001134137219438
11.595,1.0001050123347173
11.14,1.000096934016449
10.685,1.0000891787984776
10.23,1.00008174671089
9.775,1.0000746377825207
9.325,1.000067924853206
8.87,1.0000614587728347
8.415,1.0000553159303998
7.96,1.0000494963497377
7.505,1.000044000053431
7.05,1.0000388270628093
6.595,1.0000339773979472
6.14,1.000029451077666
5.685,1.0000252481195318
5.23,1.000021368539857
4.775,1.0000178123536987
4.32,1.0000145795748596
3.865,1.000011670215887
3.41,1.0000090842880733
2.955,1.000006821801456
2.5,1.0000048827648167
2.045,1.000003267185682
1.59,1.000001975070323
1.1350000000000002,1.0000010064237554
0.68,1.000000361249739
0.225,1.0000000395507782
23.915,1.0004464192081268
23.58,1.0004340107545355
23.245,1.0004217767404113
22.91,1.0004097171914315
22.575,1.0003978321329086
22.24,1.0003861215897905
21.905,1.0003745855866613
21.57,1.0003632241477394
21.235,1.0003520372968793
20.905,1.000341188135615
20.57,1.0003303479243244
20.235000000000003,1.00031968237013
19.9,1.0003091914954312
19.565,1.000298875322261
19.23,1.0002887338722874
18.895000000000003,1.000278767166813
18.56,1.000268975226774
18.225,1.0002593580727406
17.895,1.000250055370332
17.56,1.0002407852390698
17.224999999999998,1.0002316899530408
16.889999999999997,1.0002227695313561
16.555,1.000214023992761
16.22,1.0002054533556335
15.885,1.0001970576379855
15.55,1.000188836857462
15.215,1.0001807910313418
14.885,1.0001730363656325
14.55,1.0001653378868063
14.215,1.0001578144117775
13.88,1.0001504659563616
13.545,1.0001432925360074
13.21,1.0001362941657956
12.875000000000002,1.0001294708604405
12.54,1.000122822634288
12.205,1.0001163495013168
11.875,1.0001101441882008
11.54,1.0001040186682304
11.205,1.0000980682809824
10.87,1.0000922930389697
10.534999999999998,1.000086692954338
10.2,1.0000812680388644
9.865,1.0000760183039588
9.53,1.0000709437606623
9.195,1.000066044419648
8.865,1.0000613895125112
8.53,1.000056837991276
8.195,1.0000524617019932
7.86,1.000048260653869
7.525,1.0000442348557401
7.19,1.0000403843160754
6.855,1.0000367090429756
6.52,1.0000332090441724
6.185,1.0000298843270286
5.855,1.0000267806163017
5.52,1.000023803866698
5.1850000000000005,1.000021002418541
4.8500000000000005,1.000018376277725
4.515,1.0000159254497751
4.18,1.0000136499398482
3.845,1.0000115497527315
3.51,1.0000096248928443
3.175,1.0000078753642365
2.845,1.00000632337706
2.51,1.0000049219046743
2.175,1.0000036957734635
1.84,1.000002644986008
1.505,1.0000017695445187
1.17,1.0000010694508374
0.8350000000000001,1.0000005447064377
0.5,1.0000001953124238
0.165,1.0000000212695304
25.875000000000004,1.000522512472243
25.590000000000003,1.0005110771439114
25.305,1.000499767952465
25.015,1.0004883898475672
24.725,1.0004771423799006
24.435,1.0004660255671496
24.145,1.0004550394267946
23.855,1.0004441839761113
23.565,1.0004334592321715
23.275,1.0004228652118419
22.985,1.0004124019317853
22.695,1.0004020694084597
22.41,1.0003920424423591
22.125,1.000382141793939
21.835,1.0003721971267323
21.545,1.0003623832795057
21.255,1.0003527002676995
20.965,1.0003431481065506
20.675,1.0003337268110897
20.385,1.000324436396143
20.095,1.0003152768763313
19.805,1.0003062482660703
19.515,1.0002973505795705
19.225,1.000288583830837
18.94,1.0002800958172189
18.655,1.0002717342914285
18.365,1.0002633559212486
18.075,1.0002551085423503
17.785000000000004,1.0002469921677184
17.495,1.0002390068101321
17.205,1.0002311524821652
16.915,1.000223429196185
16.625,1.000215836964354
16.335,1.0002083757986282
16.045,1.000201045710758
15.755,1.000193846712288
15.47,1.0001868995641063
15.185,1.000180079045489
14.894999999999998,1.0001732688607703
14.605,1.0001665898092031
14.315,1.0001600419013088
14.025,1.0001536251474024
13.735,1.0001473395575926
13.445,1.0001411851417825
13.155,1.000135161909668
12.865000000000002,1.0001292698707394
12.575,1.00012350903428
12.285,1.0001178794093675
12.0,1.000112474693194
11.715,1.0001071967198294
11.425,1.0001019562563846
11.135,1.0000968470384495
10.845,1.0000918690740757
10.555,1.0000870223711087
10.265,1.0000823069371867
9.975,1.000077722779742
9.685,1.0000732699059993
9.395,1.0000689483229774
9.105,1.000064758037488
8.815,1.0000606990561358
8.53,1.000056837991276
8.245,1.0000531037539149
7.955,1.0000494341940689
7.665,1.0000458959625158
7.375,1.0000424890648332
7.085,1.0000392135063918
6.795,1.0000360692923558
6.505000000000001,1.000033056427682
6.215,1.00003017491712
5.925,1.0000274247652132
5.635000000000001,1.0000248059762973
5.345,1.000022318554501
5.0600000000000005,1.000020002012307
4.775,1.0000178123536987
4.484999999999999,1.000015714525623
4.195,1.0000137480790015
3.905,1.0000119130169345
3.615,1.0000102093423155
3.325,1.0000086370578312
3.0350000000000006,1.0000071961659602
2.745,1.0000058866689747
2.455,1.0000047085689396
2.165,1.0000036618677126
1.875,1.0000027465669439
1.59,1.000001975070323
1.305,1.0000013304847408
1.015,1.0000008048619857
0.725,1.000000410644194
0.435,1.0000001478319875
0.145,1.0000000164257807
100.43,1.0077575751756296
98.215,1.0074241844480398
95.445,1.007017109242865
92.68,1.0066217394120143
89.91499999999999,1.006237384661966
87.145,1.0058634330161054
84.38000000000001,1.0055012861383053
81.615,1.0051503091575629
78.845,1.0048099465873148
76.08000000000001,1.004481474499809
73.315,1.0041643141443952
70.545,1.0038579671324162
67.78,1.003563582258656
65.015,1.0032806375327232
62.245000000000005,1.0030086922108987
59.48,1.0027487662830168
56.715,1.0025003950993194
53.945,1.0022631960458883
51.18000000000001,1.002038058943582
48.415,1.0018245770026568
45.645,1.0016224261604947
42.88,1.0014323648730143
40.115,1.0012540446675566
37.35,1.0010874908995728
34.58500000000001,1.000932727276055
31.815,1.0007895280574373
29.05,1.0006584306230486
26.285,1.0005391845144664
23.515,1.000431623350177
20.75,1.0003361508063568
17.985,1.0002525756473817
15.215,1.0001807910313418
12.45,1.0001210663818878
9.685,1.0000732699059993
6.915,1.0000373544161179
4.15,1.0000134547160564
1.385,1.0000014986087895
495.98,1.1388246198995604
487.04,1.1352062293001424
478.105,1.1315844455570125
469.17,1.1279591009287024
460.23,1.1243300981965236
451.295,1.120703508783633
442.36,1.1170793932709526
433.42,1.1134578964553346
424.485,1.109845317003862
415.55,1.106241952243049
406.61,1.102648196837304
397.675,1.0990705481172078
388.74,1.095509542921137
379.8,1.091965827546091
370.865,1.088446059482909
361.93,1.0849510110330658
352.99,1.081481574637192
344.055,1.0780445186194916
335.11999999999995,1.0746408388470585
326.185,1.071273533732191
317.25000000000006,1.0679456516134824
308.30999999999995,1.0646584601460576
299.375,1.0614187717262873
290.44000000000005,1.0582279046620742
281.5,1.0550873158522043
272.565,1.0520037411786778
263.63000000000005,1.0489786474961083
254.69,1.046013642615491
245.755,1.0431152957851901
236.82,1.040285177918207
227.88,1.03752500061804
218.945,1.034841067630905
210.01,1.0322350016953215
201.07,1.0297085634874896
192.135,1.0272676860620464
183.2,1.0249139856771068
174.26,1.0226492116206545
165.325,1.020478817934282
156.39,1.0184043523294035
147.45,1.0164274889952214
138.515,1.0145530953558206
129.58,1.0127825876141254
120.64,1.0111175009140148
111.705,1.0095620135013392
102.77,1.0081173494688977
93.835,1.0067855573916267
84.9,1.0055685420209803
75.96,1.0044674747204887
67.025,1.0034851853715903
58.09,1.0026224604582645
49.15,1.0018801863150228
40.215,1.0012602889296658
31.28,1.000763238153878
22.34,1.0003895990010074
13.405,1.0001403465516614
4.47,1.000015609590791
247.275,1.0436036284299537
244.7,1.0427775142953826
241.84,1.0418666491281003
238.975,1.0409613464161729
236.11,1.0400633113861613
233.25,1.0391741983633664
230.39,1.0382925393911646
227.53,1.03741843988344
224.665,1.0365504970107438
221.8,1.0356903509664401
218.94000000000003,1.0348395872134168
216.08,1.033996801969173
213.22000000000003,1.0331620990197021
210.355,1.032334144009235
207.49,1.031514506795087
204.63,1.0307046987270607
201.77,1.0299033840731826
198.91,1.0291106642841878
196.045,1.028325277259455
193.18,1.0275487172702293
190.32,1.0267824163816721
187.46,1.0260251106836678
184.6,1.0252768985675171
181.735,1.0245365938359932
178.86999999999998,1.0238056100160189
176.01,1.0230852948353646
173.15000000000003,1.0223744598488922
170.29,1.0216731996558497
167.42499999999998,1.0209804074540467
164.55999999999997,1.0202974110000351
161.70000000000002,1.019625468791125
158.83999999999995,1.0189634713391136
155.98000000000002,1.0183115087192172
153.115,1.0176685568364587
150.25,1.0170358528245997
147.39,1.0164145612586155
144.53,1.0158036549255156
141.67000000000002,1.0152032186547915
138.805,1.0146123141693013
135.94,1.0140320833430798
133.07999999999998,1.0134635923796615
130.22,1.0129058994640054
127.35999999999996,1.0123590834785072
124.495,1.0118222948518503
121.63,1.0112965758185628
118.77,1.010782890045396
115.91,1.0102803840214907
113.05,1.009789130011318
110.185,1.0093083697949248
107.32,1.008839041885541
104.46,1.008382003571311
101.6,1.0079364923154441
98.74,1.0075025731343765
95.875,1.0070795815442604
93.01,1.0066683485925436
90.15,1.0062696217082971
87.29,1.0058827317438273
84.43,1.0055077358880515
81.57000000000001,1.005144689701116
78.705,1.0047930439250414
75.84,1.0044534962510518
72.98,1.004126658259882
70.12,1.0038119756612134
67.26,1.0035094955723562
64.39500000000001,1.0032187667202506
61.53,1.0029403724588233
58.67,1.0026748082938708
55.81,1.0024216176587897
52.95,1.002180838791917
50.08500000000001,1.001952119852727
47.22,1.0017359274270556
44.36,1.0015326388415224
41.5,1.0013418967473857
38.64,1.0011637301455807
35.775,1.0009978877581704
32.910000000000004,1.0008447174429438
30.05,1.00070447672774
27.19,1.000576908661994
24.33,1.0004620327347358
21.465,1.000359699035199
18.6,1.0002701352250274
15.74,1.0001934779161104
12.88,1.0001295714137939
10.02,1.0000784255094493
7.155,1.000039992133034
4.29,1.0000143777896715
1.4300000000000002,1.0000015975730205
58.81,1.0026875202332068
57.56999999999999,1.0025759608287548
56.335,1.0024671659921918
55.1,1.0023606842795632
53.86000000000001,1.0022561016805271
52.62,1.0021538569720427
51.38,1.0020539530629247
50.145,1.0019567814755288
48.91,1.0018619374148021
47.67,1.0017690537517638
46.43,1.0016785218516855
45.18999999999999,1.0015903442976537
43.95,1.0015045236069369
42.715,1.001421394027902
41.48,1.0013406071316238
40.24,1.0012618523998615
39.0,1.0011854639209006
37.760000000000005,1.0011114438808644
36.525,1.0010400785454132
35.29,1.0009710667171101
34.05,1.0009041452839023
32.81,1.0008396003492164
31.57,1.0007774337641488
30.335,1.0007178836050477
29.1,1.0006606961186246
27.86,1.0006056557848986
26.62,1.0005530005161578
25.38,1.000502731825172
24.14,1.000454851156592
22.905,1.0004095385197036
21.67,1.0003665973436822
20.43,1.0003258694328427
19.19,1.0002875346306537
17.95,1.0002515940402676
16.715,1.0002181791486882
15.48,1.0001871411801315
14.239999999999998,1.0001583698221055
13.000000000000002,1.000131996394702
11.76,1.0001080216576
10.525,1.0000865284800837
9.29,1.0000674159870686
8.05,1.0000506218274672
6.8100000000000005,1.000036228702897
5.57,1.0000242370282009
4.33,1.0000146471490345
3.095,1.000007483501274
1.86,1.0000027027978897
0.62,1.0000003003123197
536.63,1.1551619188616278
524.295,1.1502293582276382
511.96,1.1452733388056897
499.62,1.140295915043805
487.285,1.135305471552762
474.95,1.1303046242817523
462.615,1.1252982852044255
450.28,1.1202916513626007
437.94,1.1152881801536243
425.605,1.1102976963295637
413.27,1.1053242220759205
400.93,1.1003720860077413
388.595,1.0954519054807077
376.26,1.0905685351451484
363.92,1.0857271434417528
351.58500000000004,1.0809390176202318
339.25,1.0762097741752665
326.915,1.0715472091790916
314.58,1.066959307140651
302.24,1.0624524101363886
289.905,1.0580384641735656
277.57,1.0537240296136914
265.23,1.0495159109311356
252.895,1.045426057760805
240.56,1.0414612944406427
228.22,1.037628626492758
215.885,1.0339396324864127
203.55,1.0304011008190646
191.215,1.0270212579621985
178.88,1.0238081451207248
166.54000000000002,1.0207683795649385
154.205,1.017911967314534
141.87,1.0152448649620036
129.52999999999997,1.0127729768400353
117.195,1.0105047725757714
104.86,1.008445233169738
92.52,1.0065991974949429
80.185,1.0049731895666483
67.85,1.0035708940652128
55.51499999999999,1.002396207350911
43.17999999999999,1.0014524189793796
30.84,1.0007419486382738
18.505,1.0002673842980487
6.17,1.000029739559137
301.675,1.0622481763701481
285.36499999999995,1.0564384790709043
269.05999999999995,1.0508099144577616
252.755,1.0453803404350637
236.445,1.0401679385599871
220.14,1.0351955855056645
203.835,1.0304810989915674
187.525,1.0260422215604115
171.21999999999997,1.021900175528434
154.915,1.0180713145756166
138.60500000000002,1.014571461899771
122.3,1.0114185231833972
105.995,1.0086258731945255
89.685,1.0062059109271224
73.38,1.0041716398225369
57.075,1.0025320772344717
40.76499999999999,1.0012949074288546
24.46,1.000466978766448
8.155000000000001,1.0000519508711843
190.185,1.0267464663814754
182.42,1.0247127509274798
174.65999999999997,1.0227485737193476
166.9,1.0208545152446948
159.135,1.0190312916681874
151.37,1.0172819669812028
143.61,1.015609361256648
135.85,1.0140140300124965
128.085,1.012496665968031
120.32,1.0110599032195884
112.56,1.0097060983216366
104.8,1.0084357343626034
97.035,1.0072494319912046
89.26999999999998,1.0061493152184071
81.51,1.0051372017152413
73.745,1.0042128928622183
65.98,1.003378084656296
58.22,1.0026341493291764
50.46000000000001,1.0019813451188668
42.695,1.0014200670699145
34.93,1.0009513932038907
27.17,1.0005760612444725
19.41,1.0002941612895204
11.645,1.000105919764284
3.88,1.0000117609733525
320.995,1.0693354977420013
312.20000000000005,1.0660833615695546
303.40500000000003,1.0628741317767458
294.61,1.0597108165838598
285.81500000000005,1.0565964541397617
277.025,1.0535358326616584
268.23,1.050528550059268
259.43499999999995,1.047579456286327
250.64,1.044691651481602
241.845,1.041868235353714
233.05,1.0391123002605878
224.255,1.0364269240484107
215.46,1.033815162673372
206.665,1.0312800426319872
197.87500000000003,1.0288259260037222
189.08,1.02645296371295
180.285,1.0241654659025259
171.48999999999998,1.0219662627806478
162.69499999999996,1.0198581154503406
153.89999999999998,1.0178437078626477
145.105,1.0159256388203437
136.31500000000003,1.014107419770151
127.52,1.0123893860198292
118.725,1.0107748967221202
109.93,1.0092661326530268
101.135,1.007865151678437
92.34,1.0065738819394834
83.545,1.0053941153809918
74.75,1.0043275016624875
65.955,1.0033755424895352
57.16499999999999,1.0025400284577395
48.37,1.0018211991699932
39.575,1.0012205916336443
30.78,1.0007390687500906
21.985,1.000377324588045
13.19,1.0001358818903103
4.395,1.0000150901890899
479.435,1.1321238297340512
461.345,1.1247827297177895
443.255,1.1174422404695599
425.16,1.1101179393038665
407.065,1.1028307810242624
388.975,1.0956029660914328
370.8850000000001,1.088453911528543
352.795,1.0814062279083407
334.7,1.0744817164035263
316.605,1.0677070264637942
298.515,1.0611094745125338
280.425,1.0547133333192849
262.335,1.048545248434474
244.245,1.042632130949558
226.15,1.0369994065164345
208.055,1.0316754822171936
189.965,1.0266879241668374
171.875,1.022060646723356
153.785,1.017818000766704
135.69,1.0139819614171084
117.595,1.0105750837167982
99.505,1.0076174996592129
81.415,1.0051253565434122
63.325,1.0031133486115433
45.23,1.0015931519605572
27.135,1.0005745797573418
9.045,1.0000639074751563
583.0699999999999,1.1734595998398891
561.8700000000001,1.1651661565459286
540.665,1.1567697077939871
519.46,1.1482893034178807
498.26,1.1397463475828677
477.06,1.1311605879408853
455.855,1.1225541721303507
434.65,1.113955798282724
413.45,1.1053966460274829
392.25,1.0969062872463118
371.045,1.0885167323476521
349.84,1.080266230246521
328.64,1.0721949438507574
307.44,1.0643409551679919
286.235,1.0567440203985468
265.03,1.04944864538989
243.83,1.04249968406994
222.63,1.03593872976078
201.425,1.0298073009169513
180.22,1.0241488852461071
159.01999999999998,1.019004840543488
137.82,1.014411620016791
116.615,1.0104032113065855
95.41,1.007012035951891
74.21,1.004265734563099
53.010000000000005,1.002185762384897
31.805,1.0007890325941367
10.6,1.0000877658416094
772.2249999999999,1.2411697325678879
754.0550000000001,1.2352306140537632
735.885,1.2291639782651775
717.715,1.2229712630120702
699.545,1.2166544845719272
681.3750000000001,1.2102162948122448
663.205,1.2036600407614582
645.0350000000001,1.1969898262640863
626.865,1.190210575246843
608.6949999999999,1.1833280960002086
590.525,1.1763491457448414
572.3549999999999,1.169281494605174
554.1850000000001,1.1621339879552286
536.015,1.1549166059366376
517.845,1.1476405187795788
499.675,1.140318136388453
481.505,1.1329631504915096
463.335,1.125590567504384
445.165,1.1182167301300439
426.995,1.1108593256215564
408.825,1.1035373785799634
390.655,1.0962712261586829
372.485,1.0890824736098093
354.315,1.081993928247645
336.14500000000004,1.075029510130931
317.975,1.0682141380857477
299.805,1.0615735901112429
281.635,1.055134337731602
263.46500000000003,1.048923354476544
245.295,1.0429678993798268
227.12500000000003,1.0372952771652124
208.955,1.0319325776197108
190.785,1.0269063975058854
172.615,1.0222425492038374
154.445,1.01796576105988
136.27499999999998,1.014099375110823
118.105,1.010665048407794
99.935,1.0076824645416624
81.765,1.005169062138862
63.595,1.0031397870256233
45.425,1.0016068744352808
27.255,1.0005796670554818
9.085,1.0000644738921936
327.91,1.0719206532815209
311.095,1.0656777369211463
294.28,1.0595930586131939
277.46500000000003,1.0536877550668138
260.65000000000003,1.0479832852270425
243.83,1.04249968406994
227.015,1.037261852143443
210.2,1.032289586877823
193.385,1.0276039872961744
176.57,1.023225592154109
159.75,1.0191730226765328
142.935,1.0154674995161865
126.12,1.0121254022913309
109.305,1.0091629935719402
92.49,1.0065949749925998
75.67,1.0044337299048878
58.855,1.0026916125097693
42.04,1.0013769488024398
25.225,1.0004966161177404
8.41,1.0000552502222761
568.33,1.1677047393730655
549.0649999999999,1.1601068615917518
529.8000000000001,1.1524338471910638
510.535,1.144699465834229
491.265,1.1369170491405471
472.0,1.1291076329649137
452.735,1.1212878727041675
433.47,1.1134781338635742
414.205,1.1057004779063708
394.94,1.0979786384029864
375.675,1.0903379702863794
356.41,1.082805369236647
337.14500000000004,1.0754091585375176
317.88000000000005,1.0681789412230847
298.615,1.0611454159760418
279.35,1.05434015605246
260.08500000000004,1.0477953514876241
240.815,1.0415419342239685
221.55,1.0356156679224793
202.285,1.0300470451923687
183.02,1.0248674858239062
163.755,1.020107280035544
144.49,1.015795184825851
125.225,1.0119580203141774
105.96,1.0086202757312952
86.695,1.005803735164643
67.43,1.0035271332240219
48.165,1.001805850436343
28.9,1.0006516573894246
9.635,1.0000725154385282
805.385,1.2516771489116296
772.5150000000001,1.2412634836306529
739.64,1.2304280961823548
706.765,1.2191792084455946
673.895,1.2075313789353335
641.02,1.1955010200732956
608.145,1.1831182247332324
575.275,1.170422927158843
542.405,1.1574620966059173
509.53,1.1442945821553294
476.655,1.1309963052931093
443.785,1.1176571319038031
410.91,1.104375130422761
378.035,1.0912687135393437
345.165,1.0784697509239067
312.295,1.0661182659764736
279.42,1.054364431346195
246.545,1.0433688548243485
213.675,1.0332943477937502
180.8,1.0242970061156378
147.925,1.0165299948110353
115.055,1.0101323407826381
82.185,1.0052217460709822
49.31000000000001,1.0018924011279466
16.435000000000002,1.000210933808332
312.54,1.0662083056795422
301.945,1.0623457509118515
291.35,1.0585505585613224
280.755,1.0548280518636022
270.16,1.0511836011033306
259.565,1.0476226085856049
248.975,1.0441521094395414
238.38,1.0407742420336648
227.78500000000005,1.0374960656511145
217.19,1.0343229429390763
206.595,1.0312601809178652
196.0,1.028313011485578
185.405,1.025486571499612
174.81,1.0227858825552576
164.215,1.0202158305907518
153.62,1.0177811454562897
143.025,1.0154863805913852
132.435,1.0133368731325896
121.84,1.0113347325904911
111.245,1.0094849139590751
100.65,1.0077910694142298
90.05499999999999,1.0062565800855285
79.46000000000001,1.0048845396037902
68.86500000000001,1.0036777388237619
58.27,1.002638651859703
47.675,1.0017694235620824
37.08,1.0010718585521556
26.485000000000003,1.0005474119180466
15.89,1.0001971816612316
5.295,1.0000219029662594
389.185,1.0956864618595683
375.99,1.0904621082756676
362.795,1.0852882091304885
349.605,1.0801757168377566
336.41,1.0751300731878906
323.21500000000003,1.0701628177263949
310.025,1.0652856111190383
296.835,1.0605065815106132
283.64,1.0558341768282906
270.445,1.051280566892189
257.255,1.0468578282952246
244.065,1.0425746658702635
230.87,1.0384399850955983
217.675,1.0344658266179492
204.485,1.030663867387962
191.295,1.0270426497165728
178.1,1.023610751813543
164.90500000000003,1.0203791347962894
151.71499999999995,1.0173580963288633
138.525,1.0145551355624174
125.33,1.0119776015153696
112.135,1.0096343504716245
98.945,1.007533288694886
85.755,1.005679984161304
72.56,1.0040796835242842
59.365,1.0027382056551553
46.175,1.0016601961833966
32.985,1.000848565413521
19.790000000000003,1.0003057848299617
6.595,1.0000339773979472
87.56,1.0059187487680856
82.825,1.0053025235989803
78.095,1.0047197338479963
73.36000000000001,1.004169385099332
68.62499999999999,1.0036523359931477
63.89500000000001,1.0031692916472674
59.165,1.0027198869620888
54.43000000000001,1.0023038857822106
49.695,1.0019219532346832
44.965,1.001574596893503
40.23,1.0012612268963625
35.495,1.0009823591298743
30.765,1.000738349649166
26.03,1.0005287846346984
21.295,1.000354028076408
16.565,1.0002142825211597
11.835,1.0001094035760074
7.1,1.0000393797107325
197.03500000000005,1.0285956745463278
191.32,1.027049336077888
185.605,1.0255387768318815
179.895,1.0240660543486408
174.185,1.0226306019905405
168.475,1.0212331781057526
162.765,1.0198745277720713
157.055,1.018555381870619
151.345,1.0172764561643721
145.63500000000002,1.016038450383507
139.92499999999998,1.0148420473195985
134.21,1.0136869200167615
128.495,1.0125747823757758
122.785,1.0115071782736522
117.075,1.0104837220210339
111.365,1.009504998545447
105.655,1.0085715707008671
99.945,1.007683978481568
94.235,1.0068427382611838
88.52499999999999,1.00604834205893
82.80999999999999,1.0053006235077624
77.095,1.0046007411993185
71.385,1.0039496599427828
65.675,1.0033471342720781
59.965,1.002793524459106
54.255,1.0022891626901598
48.545,1.0018343525718738
42.835,1.001429368677566
37.12500000000001,1.0010744561352238
31.415,1.0007698302582895
25.7,1.0005154758333856
19.985,1.0003118368200061
14.275,1.000159149034072
8.565,1.0000573053259776
2.855,1.0000063679071798
170.04000000000002,1.0216123588538493
166.46,1.0207492593618617
162.88000000000002,1.0199015037606691
159.3,1.0190692715938912
155.72000000000003,1.018252740071828
152.14,1.0174520839826706
148.56000000000003,1.0166674756042016
144.985,1.0159001464007553
141.40999999999997,1.0151491556175347
137.83,1.0144136511704203
134.24999999999997,1.0136948562498143
130.67000000000002,1.0129929292878552
127.08999999999996,1.0123080256913468
123.51,1.01164029775907
119.93,1.010989894600212
116.35,1.010356962053992
112.77,1.0097416426105559
109.19,1.009144075333226
105.61,1.0085643957821722
102.03,1.0080027359395907
98.45,1.007459224136456
94.87,1.0069339849809247
91.29,1.0064271392884658
87.71,1.0059388040137824
84.13,1.0054690921846008
80.55,1.0050181128373936
76.97,1.0045859709551026
73.39,1.0041727674069287
69.81,1.0037785988902512
66.23,1.003403557874738
62.65,1.0030477325487068
59.07,1.0027112067677946
55.49,1.0023940600059902
51.91,1.002096367309084
48.33,1.0018181992505821
44.75,1.0015596218901386
41.17,1.0013206967345447
37.59,1.0011014807013234
34.01,1.0009020260849655
30.43,1.0007223805258454
26.85,1.000562586981854
23.27,1.000422683702775
19.69,1.0003027042074364
16.11,1.0002026772636627
12.53,1.0001226268710484
8.95,1.0000625722465728
5.37,1.0000225278130745
1.79,1.000002503190593
988.295,1.3020692432244054
959.67,1.2949988047946646
931.025,1.2876304775170067
902.375,1.2799599396011523
873.73,1.2719829968726892
845.085,1.2636926550524712
816.4350000000001,1.2550831926982933
787.785,1.246153674108431
759.14,1.2369056156417326
730.495,1.2273400274283293
701.845,1.2174608499070976
673.2,1.2072809045137138
644.555,1.1968121162227203
615.905,1.1860710620078807
587.26,1.1750854423446226
558.6150000000001,1.1638834529775821
529.965,1.1524998459875924
501.32,1.1409826162903216
472.675,1.1293815450246456
444.025,1.1177544462192492
415.38000000000005,1.1061734984113367
386.73500000000007,1.0947130110791652
358.085,1.08345529590065
329.44,1.072495831919862
300.795,1.0619304603305797
272.145,1.051860207916338
243.495,1.042392877567422
214.85,1.0336368247562655
186.205,1.0256956613758506
157.555,1.0186692972733786
128.91,1.0126540800456272
100.265,1.0077324996107782
71.615,1.0039749496182793
42.97,1.001438366593531
14.325,1.0001602655079942
778.15,1.243078664160557
746.3850000000001,1.2326852215747688
714.62,1.2219039916490049
682.86,1.210746956289019
651.1,1.1992286747561434
619.34,1.1873723953034958
587.58,1.1752094222545588
555.8199999999999,1.1627801632257062
524.06,1.150135145424294
492.3,1.1373359428221128
460.54,1.1244559415182025
428.775,1.1115788352253853
397.01,1.0988049100864377
365.25,1.0862466110809461
333.49,1.0740237443459275
301.73,1.0622680491136656
269.97,1.051118990786427
238.21,1.0407208413463833
206.45,1.031219054849645
174.69,1.0227560333908938
142.92499999999998,1.0154654022617728
111.16,1.0094706994843097
79.39999999999999,1.0048772377150605
47.63999999999999,1.0017668356928489
15.88,1.0001969336537095
587.35,1.1751203144325701
570.8050000000001,1.1686747558126565
554.26,1.1621636414802372
537.7149999999999,1.1555945410334423
521.1700000000001,1.1489758421707121
504.625,1.1423167819674005
488.08,1.1356274740120222
471.535,1.128918930451556
454.99,1.1222030779325154
438.445,1.1154927663742924
421.9,1.1088017694776162
405.355,1.1021447758582217
388.81,1.0955373697084891
372.26499999999993,1.088995999932436
355.72,1.0825379367762848
339.175,1.076181215091751
322.63,1.0699445635252194
306.085,1.0638473191251006
289.54,1.0579093271024131
272.995,1.0521508257648753
256.45,1.0465923169692632
239.905,1.041254422795095
223.36,1.036157729526967
206.815,1.0313226204328956
190.27,1.0267690992293326
173.72500000000002,1.0225166065157116
157.17999999999998,1.0185838318265867
140.63500000000002,1.0149885242709777
124.09,1.0117473049898065
107.545,1.008875484847565
91.0,1.0063868908698543
74.455,1.0042937049332672
57.91,1.0026063181011835
41.365,1.0013332037758558
24.82,1.0004808125061218
8.274999999999999,1.000053490858875
476.87,1.1310835179141911
453.605,1.1216409532236165
430.34,1.112211703389812
407.08,1.1028368009013476
383.8200000000001,1.0935567529541836
360.56,1.0844174807671942
337.30000000000007,1.075468044159655
314.035,1.0667584487054065
290.77,1.058344848843869
267.51000000000005,1.0502848945825232
244.25,1.0426337276003306
220.99,1.0354485965981295
197.725,1.0287847543527453
174.46,1.0226988693641297
151.2,1.0172445088976665
127.94,1.012469093214312
104.68,1.0084167519586134
81.41999999999999,1.0051259796432546
58.155,1.0026283016962256
34.89,1.0009492196148084
11.63,1.000105647125777
235.575,1.039896429374238
228.745,1.0377888490354543
221.915,1.0357247253752075
215.085,1.0337054849845193
208.26,1.031733970044644
201.435,1.0298100841742843
194.605,1.0279338547464238
187.775,1.0261080763789125
180.945,1.0243340962552017
174.11499999999998,1.0226132389219043
167.29,1.0209480037321044
160.465,1.0193383809795205
153.635,1.017784494536875
146.80499999999998,1.0162887554846927
139.975,1.014852341221355
133.14999999999998,1.0134773779086779
126.325,1.012163892724958
119.495,1.0109120526748747
112.665,1.009723862828802
105.835,1.0086002988422176
99.005,1.0075422899402193
92.18,1.0065514184361128
85.355,1.0056277147370434
78.52499999999999,1.0047713543803463
71.695,1.0039837644902023
64.865,1.0032656158400282
58.03999999999999,1.0026179715502006
51.215,1.002040836012749
44.385,1.0015343615265397
37.555,1.0010994349899223
30.725,1.0007364337502636
23.895,1.0004456735091245
17.07,1.0002275408562975
10.245,1.00008198657373
3.415,1.0000091109472595
553.045,1.1616831080237187
539.72,1.1563934309921502
526.395,1.1510708783134846
513.0649999999999,1.1457181641004917
499.74,1.140344397591115
486.415,1.1349530419131855
473.085,1.1295479145990275
459.76,1.1241393043776218
446.435,1.1187318060807978
433.105,1.1133304057567373
419.78,1.107946554996019
406.455,1.1025860061537984
393.13,1.0972569152894067
379.805,1.0919678036000993
366.475,1.0867255874471984
353.15000000000003,1.0815434084196258
339.82500000000005,1.0764288088937615
326.495,1.071389720025825
313.17,1.0664399886530354
299.845,1.0615879975570153
286.515,1.0568424636372595
273.19,1.0522175714548785
259.865,1.0477222418656602
246.535,1.0433656418924195
233.21,1.0391618158254952
219.885,1.0351198187258395
206.56,1.0312502519529896
193.235,1.0275635413289197
179.905,1.024068601191912
166.58,1.0207779425391799
153.255,1.0176997376445693
139.92499999999998,1.0148420473195985
126.6,1.012215614843986
113.275,1.009827368178288
99.945,1.007683978481568
86.62,1.0057938141732639
73.295,1.0041620613521385
59.97,1.0027939877343712
46.645,1.0016940502694058
33.315,1.0008655998321456
19.99,1.0003119927775856
6.665,1.0000347024545935
592.715,1.1771951718398908
567.49,1.167375192190367
542.27,1.157408397287976
517.05,1.1473210128033466
491.83,1.1371457311764221
466.605,1.1269179736112775
441.38,1.1166821391563613
416.16,1.1064876151735983
390.94,1.0963846577495953
365.72,1.0864303231487258
340.495,1.076684213627109
315.27,1.06721383675671
290.05,1.0580897893949497
264.83,1.0493814105219688
239.61,1.0411613749982147
214.39,1.033502584883534
189.165,1.0264754930144326
163.94,1.0201509055344127
138.72,1.014594945597549
113.5,1.0098656763911102
88.28,1.0060153120581916
63.055,1.0030870198877802
37.830000000000005,1.0011155593173944
12.61,1.0001241973454988
339.645,1.0763602259763807
329.79999999999995,1.072631331860799
319.955,1.068948796603207
310.11,1.0653167377505133
300.265,1.061739334551591
290.42,1.0582208194147742
280.57500000000005,1.0547654687148396
270.73,1.0513775929635776
260.88500000000005,1.0480615263638755
251.04000000000005,1.044821615773293
241.195,1.0416622091093446
231.35,1.0385876432350574
221.505,1.0356022313697602
211.66000000000005,1.032710250076424
201.82,1.029917319548881
191.975,1.0272247625124171
182.13,1.0246381085183724
172.28500000000005,1.0221613510979692
162.44,1.019798377937025
152.59499999999997,1.017552956730017
142.75,1.0154287211264843
132.905,1.0134291568599987
123.06,1.011557588151939
113.215,1.0098171644834226
103.37,1.008210847828901
93.525,1.006741400444074
83.68,1.0054113732989167
73.835,1.004223095243684
63.99,1.0031786629918067
54.145,1.002279931998627
44.3,1.0015285083089511
34.455,1.0009257414395376
24.61,1.0004727183548994
14.765,1.0001702585863104
4.92,1.0000189105347563
581.765,1.1729522903604233
563.295,1.1657269614431904
544.825,1.158424113401876
526.355,1.1510548558371234
507.8850000000001,1.1436315971119861
489.415,1.1361680941719836
470.95,1.1286815222622208
452.485,1.121186416425846
434.015,1.1136987354825483
415.545,1.1062399388349904
397.075,1.0988308706123318
378.605,1.0914937488984695
360.135,1.0842521027450864
341.67,1.0771325933852065
323.20500000000004,1.0701590854264464
304.735,1.0633565666277145
286.265,1.0567545653756616
267.795,1.050381294803068
249.325,1.0442653340844992
230.855,1.0384353741991745
212.385,1.0329199399979219
193.92,1.0277484436099906
175.455,1.0229466087821506
156.985,1.0185394583143543
138.515,1.0145530953558206
120.04500000000002,1.0110105166207584
101.575,1.0079326490002116
83.10500000000002,1.0053380524501017
64.64,1.0032431466629703
46.175,1.0016601961833966
27.705,1.0005989434113869
9.235,1.0000666202043451
246.715,1.0434234876845494
241.83,1.0418634767423054
236.945,1.04032428569018
232.055,1.038804900225506
227.17,1.0373089543123677
222.285,1.0358354075958411
217.4,1.0343847817390832
212.515,1.0329575954396002
207.63,1.0315543640202287
202.745,1.0301755990160109
197.86,1.0288218077574847
192.975,1.0274934929509287
188.09,1.0261911522561233
183.205,1.0249152778622033
178.32,1.0236663560621997
173.435,1.0224448668268786
168.545,1.0212500761522352
163.66,1.0200848938148444
158.775,1.0189485422271587
153.89,1.0178414718090012
149.005,1.0167641245385244
144.12,1.0157169335354108
139.235,1.014700322647991
134.35,1.0137147060449658
129.465,1.0127604878124281
124.58,1.01183806155688
119.695,1.0109478100149345
114.805,1.010089243570639
109.92,1.0092644781406572
105.035,1.0084729669764039
100.15,1.007715045576991
95.265,1.0069910367441228
90.38,1.0063012502462314
85.495,1.00564598249398
80.61,1.0050255162277562
75.725,1.004440120217755
70.84,1.0038900489772395
65.955,1.0033755424895352
61.07,1.002896825949304
56.185,1.002454109518607
51.295,1.002047190611869
46.41,1.001677080945794
41.525,1.0013435096318972
36.64,1.0010466245584613
31.755,1.0007865575992632
26.87,1.0005634244676265
21.985,1.000377324588045
17.099999999999998,1.0002283409856443
12.215,1.000116540193715
7.33,1.0000419721795015
2.4450000000000003,1.0000046702884076
167.14,1.0209120251176915
161.835,1.0196569634227157
156.53,1.018436102630849
151.225,1.0172500151639596
145.91500000000002,1.0160981936825326
140.61,1.0149833555451278
135.305,1.0139049339476363
130.0,1.012863449535698
124.695,1.0118594084868264
119.385,1.0108924094015068
114.08,1.0099647492162278
108.775,1.0090759586930798
103.465,1.008225698375293
98.16,1.0074159950439745
92.855,1.0066464368667198
87.55,1.0059174129144024
82.245,1.0052292934630542
76.935,1.0045818394240766
71.63,1.003976601680979
66.32499999999999,1.0034132622696503
61.02,1.0028921118653737
55.715,1.002413420260792
50.40500000000001,1.001977045319657
45.1,1.001584036023263
39.795,1.0012341664603555
34.49,1.0009276196728893
29.185,1.0006645563549552
23.875,1.0004449284317842
18.57,1.0002692649927196
13.265,1.0001374311407587
7.96,1.0000494963497377
2.655,1.0000055069901268
76.375,1.00451598118622
75.25999999999999,1.0043862341767398
73.39999999999999,1.0041738951398445
71.545,1.0039672444218017
69.69,1.0037657173519114
67.83,1.0035688042294661
65.97,1.003377067677105
64.11,1.0031905198741724
62.25,1.0030091726840251
60.395,1.0028335041365855
58.54,1.0026630308988453
56.68,1.002497325369652
54.82,1.0023368646541049
52.96,1.002181659010287
51.1,1.0020317183698055
49.245,1.001887434144581
47.39,1.0017484054062233
45.53,1.0016142875978788
43.67,1.0014854711783032
41.81,1.001361964425841
39.95,1.001243775283653
38.095000000000006,1.0011312076112209
36.24,1.0010239437752184
34.38,1.00092172302775
32.52,1.000824848252189
30.66,1.0007333256995874
28.8,1.0006471612789825
26.945,1.000566570568057
25.09,1.0004913199376868
23.23,1.0004212330293731
21.37,1.0003565244273902
19.51,1.000297198319378
17.65,1.0002432585460774
15.795,1.0001948318835112
13.94,1.0001517692307136
12.08,1.0001139790116456
10.22,1.000081586997451
8.36,1.000054595288058
6.500000000000001,1.0000330056336124
4.645,1.0000168557012827
2.79,1.000006081254161
0.93,1.000000675702212
239.18,1.0410258836037591
235.835,1.0399774987519195
232.49,1.0389391798046514
229.145,1.0379110957316966
225.8,1.0368934150353688
222.455,1.0358863056906324
219.105,1.0348884538627359
215.76,1.033903005159442
212.415,1.0329286282089447
209.07,1.0319654882659932
205.725,1.0310137497507927
202.38,1.0300735761863318
199.03500000000005,1.02914513013538
195.69,1.0282285731371927
192.345,1.0273240656439648
189.0,1.0264317669570726
185.655,1.025551835163146
182.31,1.0246844270700137
178.96499999999995,1.0238296981425632
175.62,1.0229878024385604
172.275,1.022158892544474
168.93,1.021343119511348
165.58499999999998,1.0205406327907702
162.24,1.0197515801709807
158.895,1.0189761077131692
155.54999999999998,1.0182143596880078
152.20499999999998,1.017466478512466
148.86,1.0167326046869583
145.515,1.0160128767328689
142.17000000000002,1.0153074311305073
138.82500000000002,1.0146164022575384
135.48,1.0139399223279397
132.135,1.0132781213315334
128.79000000000002,1.0126311269741408
125.445,1.011999064618412
122.1,1.011382057225376
118.755,1.0107802252967604
115.41,1.010193686818132
112.065,1.009622557202904
108.715,1.009066130405374
105.37,1.0085261776410483
102.025,1.0080019641599398
98.68,1.007493594541723
95.335,1.007001170528546
91.99,1.0065247909752322
88.645,1.006064551800672
85.3,1.0056205459404501
81.955,1.005192863300752
78.61,1.004781590713588
75.265,1.0043868118933799
71.92000000000002,1.004008607394948
68.575,1.003647054572937
65.23,1.0033022275427197
61.885000000000005,1.0029741971428132
58.53999999999999,1.0026630308988453
55.19499999999999,1.0023687929891016
51.85,1.00209154421169
48.505,1.0018313419533493
45.16,1.0015882401599356
41.815000000000005,1.0013622893086112
38.470000000000006,1.001153536381764
35.125,1.0009620248426854
31.78,1.0007877946130237
28.435,1.0006308820520402
25.09,1.0004913199376868
21.745,1.000369137449521
18.4,1.0002643601534789
15.055,1.0001770099885166
11.71,1.000107105255138
8.365,1.0000546606058143
5.0200000000000005,1.0000196870373106
1.675,1.0000021918849225
89.31,1.0061547593594067
87.92,1.0059669362838937
86.175,1.005735118088168
84.43,1.0055077358880515
82.69,1.0052854346426303
80.94999999999999,1.0050675686975206
79.21000000000001,1.0048541500388148
77.47000000000001,1.0046451904233973
75.72999999999999,1.0044407013773466
73.99,1.0042406941943671
72.25000000000001,1.0040451799342491
70.50999999999999,1.003854169421358
68.77,1.0036676732431533
67.025,1.0034851853715903
65.28,1.0033072584213658
63.54,1.003134392528124
61.8,1.0029660809763934
60.06,1.0028023331465397
58.32,1.0026431581737698
56.580000000000005,1.0024885649468662
54.84,1.0023385621069567
53.1,1.0021931580463141
51.36,1.0020523609071905
49.62,1.0019161785806847
47.875,1.001784247327728
46.13,1.0016569725791058
44.39,1.0015347061785835
42.65,1.0014170836608383
40.91,1.0013041116439174
39.17,1.0011957964886262
37.43000000000001,1.0010921442976368
35.69,1.0009931609146305
33.95,1.0008988519234778
32.21,1.000809222647453
30.47,1.0007242781484837
28.725,1.0006437993705344
26.98,1.000568041735676
25.24,1.0004972063295765
23.5,1.0004310733433532
21.76,1.0003696465207181
20.02,1.000312929340305
18.28,1.0002609250151788
16.54,1.0002136364923797
14.8,1.0001710664525065
13.06,1.0001332173093378
11.32,1.0001000912094877
9.575,1.0000716152293296
7.83,1.0000478929902086
6.09,1.000028973399112
4.35,1.0000147827660517
2.61,1.0000053218964793
0.87,1.0000005913274257
434.015,1.1136987354825483
415.545,1.1062399388349904
397.075,1.0988308706123318
378.605,1.0914937488984695
360.135,1.0842521027450864
341.67,1.0771325933852065
323.20500000000004,1.0701590854264464
304.735,1.0633565666277145
286.265,1.0567545653756616
267.795,1.050381294803068
249.325,1.0442653340844992
230.855,1.0384353741991745
212.385,1.0329199399979219
193.92,1.0277484436099906
175.455,1.0229466087821506
156.985,1.0185394583143543
138.515,1.0145530953558206
120.04500000000002,1.0110105166207584
101.575,1.0079326490002116
83.10500000000002,1.0053380524501017
64.64,1.0032431466629703
46.175,1.0016601961833966
27.705,1.0005989434113869
9.235,1.0000666202043451
628.01,1.190640889245548
620.99,1.1879962140204794
613.9749999999999,1.1853383298296054
606.9599999999999,1.182665747852842
599.94,1.1799769594931664
592.9250000000001,1.1772762293270298
585.9100000000001,1.174562104632156
578.89,1.1718331182481272
571.875,1.1690936632163595
564.86,1.1663423304192058
557.84,1.1635777021696325
550.825,1.1608042981056168
543.8100000000001,1.158020760390709
536.79,1.1552257290101955
529.77,1.1524218469249263
522.755,1.14961180986106
515.74,1.1467943403785608
508.7200000000001,1.143968168162322
501.705,1.1411380930022095
494.69,1.1383029066084334
487.67,1.1354614153383773
480.655,1.1326185283607566
473.64,1.129773113801797
466.62000000000006,1.1269240623762617
459.605,1.1240763832916516
452.59,1.1212290278571195
445.5700000000001,1.11838097827361
438.555,1.1155373321007214
431.54,1.112697129892904
424.52,1.1098594516919087
417.5,1.1070274543514802
410.485,1.1042043076944335
403.47,1.10138917908985
396.45,1.0985812871686091
389.435,1.0957858753573082
382.42,1.093002210449256
375.4,1.0902296194426622
368.385,1.087473375457929
361.37,1.0847328468487372
354.35,1.0820074711004946
347.335,1.0793025268878955
340.32,1.0766174846343477
333.30000000000007,1.07395189269808
326.285,1.0713110080034145
319.27,1.0686944017608513
312.25,1.066101731686294
305.235,1.0635382025200661
298.22,1.061003483063666
291.2,1.0584973368559358
284.18,1.056023132506748
277.165,1.0535841566699689
270.15,1.0511801998909445
263.13,1.0488111577326782
256.115,1.0464819784375077
249.1,1.0441925350103933
242.08,1.0419428125495505
235.065,1.0397375856181352
228.05,1.0375768000488694
221.03,1.035460520223952
214.015,1.0333933060559723
207.00000000000003,1.031375164933975
199.98,1.0294062285853915
192.965,1.0274908002515104
185.95,1.0256289362583562
178.92999999999998,1.023820822365133
171.91,1.0220692357266261
164.895,1.0203767639742485
157.88000000000002,1.0187435074438553
150.86,1.017169701612487
143.845,1.0156588874361778
136.83,1.0142111817589219
129.80999999999997,1.0128268400560967
122.795,1.0115090095663393
115.78,1.0102578096491983
108.76,1.0090735011496677
101.745,1.007958801009538
94.73,1.0069138178418982
87.71,1.0059388040137824
80.695,1.005036013420927
73.67999999999999,1.0042055319537007
66.66,1.0034475909964395
59.64,1.0027634925803772
52.625,1.0021542645507024
45.61,1.0016199470614446
38.59,1.0011607273572378
31.575,1.0007776796577326
24.56,1.0004708012745067
17.54,1.0002402373290646
10.525,1.0000865284800837
3.51,1.0000096248928443
668.435,1.2055590495315545
644.985,1.1969713183524933
621.53,1.1882001918081535
598.075,1.1792602797874348
574.62,1.1701670682670526
551.165,1.16093895693243
527.7149999999999,1.1515994767838418
504.25999999999993,1.1421694963040379
480.80500000000006,1.1326793467759397
457.35,1.123161006205923
433.895,1.1136501604806788
410.445,1.1041882317718745
386.99,1.0948142607558626
363.535,1.0855768820741576
340.08,1.0765259921866843
316.625,1.0677144223534365
293.17499999999995,1.0591992516573907
269.72,1.0510340181546893
246.265,1.0432789249167853
222.815,1.0359941814256157
199.36,1.0292348190280725
175.90499999999997,1.0230590295306237
152.45,1.0175207823493995
128.995,1.0126703500953107
105.545,1.0085540370372847
82.09,1.0052098068280315
58.635000000000005,1.0026716349416507
35.18,1.0009650341288985
11.725,1.0001073797662492
343.22,1.0777249757932295
336.14,1.0750276130190968
329.065,1.072354752271055
321.99,1.06970598930406
314.91,1.0670810064590754
307.835,1.0644850558987458
300.76000000000005,1.0619178335673325
293.68,1.0593791302974163
286.605,1.0568741172549225
279.53,1.05440258517941
272.45,1.0519644275436715
265.375,1.0495646976082436
258.29999999999995,1.0472032734260153
251.22,1.0448801430791697
244.145,1.042600202457779
237.07,1.0403634074403778
229.99,1.0381698306067308
222.915,1.0360241689539955
215.84,1.0339264448681031
208.76,1.031876803428523
201.685,1.0298796997936006
194.61,1.0279352099797094
187.53,1.0260435379762218
180.455,1.0242088534956268
173.37999999999997,1.022431272115801
166.3,1.020711041944389
159.225,1.0190520038556887
152.15,1.0174542981814032
145.06999999999996,1.0159182016300559
137.99499999999998,1.0144471840260327
130.92,1.0130413954330573
123.84,1.0117011254624972
116.765,1.010429432881766
109.69,1.009226462824876
102.61,1.0080925025180756
95.535,1.0070301629124172
88.46,1.0060395705068648
81.38000000000001,1.0051209958720404
74.305,1.0042765696483187
67.23,1.003506387537488
60.15,1.0028106907929228
53.075,1.0021911024595338
46.0,1.0016476773667062
38.92,1.0011806169392643
31.845,1.000791015375974
24.77,1.000478879113018
17.689999999999998,1.0002443618443084
10.615,1.0000880143674957
3.54,1.0000097901208034
761.7850000000001,1.2377729221600415
735.9599999999999,1.2291892797285322
710.14,1.2203527657995323
684.315,1.2112661301187406
658.49,1.201939927734037
632.6700000000001,1.192387946192487
606.8449999999999,1.182621814858176
581.02,1.1726624808629638
555.2,1.1625351975788925
529.375,1.1522638295379635
503.55000000000007,1.14188295357851
477.73,1.1314323489972238
451.905,1.1209510445249822
426.08,1.1104895961926946
400.26,1.1001040067494565
374.435,1.089849581669175
348.61,1.0797927215745242
322.79,1.0700042397084781
296.96500000000003,1.0605531714641774
271.14000000000004,1.0515172798578518
245.32,1.0429759053995225
219.5,1.0350055454221478
193.675,1.0276822521538977
167.85,1.0210825611422576
142.03,1.0152782191483063
116.205,1.0103316967061517
90.38,1.0063012502462314
64.56,1.003235175948984
38.735,1.0011694460552742
12.91,1.00013017555295
382.13,1.0928874055291424
361.475,1.0847737443608514
340.82,1.076808174055493
320.165,1.069026835263255
299.51,1.0614673653384865
278.85,1.0541668611816915
258.195,1.0471685241846647
237.54,1.040510630157627
216.885,1.0342332066720772
196.23,1.0283757260935171
175.57500000000002,1.0229765646706181
154.92000000000002,1.0180724389606153
134.26,1.0136968406371216
113.605,1.0098835775187078
92.95,1.0066598625297687
72.295,1.0040501796516985
51.64,1.0020747065649689
30.985,1.0007489313840277
10.33,1.0000833524305528
635.665,1.1935071380434434
616.6899999999999,1.1863687701633892
597.715,1.179121827427944
578.74,1.1717746691386197
559.7650000000001,1.164336904373139
540.79,1.156819467378063
521.8149999999999,1.1492346881617808
502.84,1.1415963562793208
483.865,1.1339197755669772
464.89,1.1262218073679346
445.915,1.1185208996023372
426.94,1.1108370988909957
407.965,1.1031920428572555
388.99,1.0956089297237308
370.015,1.0881124624074423
351.04,1.0807287645156733
332.065,1.0734852659711571
313.09,1.066410556461482
294.115,1.0595342055214538
275.14,1.0528865488197932
256.165,1.046498441126
237.19,1.0404009774630791
218.215,1.034625185080232
199.24,1.0292016900689482
180.265,1.0241603636483438
161.29,1.0195299543044865
142.315,1.01533771302102
123.34,1.0116090197191514
104.365,1.008367019670184
85.39,1.0056322789960723
66.415,1.0034224683874242
47.44,1.0017520838147862
28.465,1.0006322122790086
9.49,1.0000703495536127
448.96,1.119756086609951
432.02,1.1128913380116263
415.08,1.1060527078352211
398.135,1.0992543517203741
381.19000000000005,1.0925154335553124
364.25,1.0858559786664062
347.31,1.0792929217707319
330.37,1.0728460001123716
313.425,1.0665338272611513
296.48,1.060379408748288
279.54,1.0544060541303215
262.6,1.0486338302667986
245.66000000000005,1.043084840391216
228.715,1.0377796865383893
211.77,1.0327420310577438
194.83,1.0279948670043593
177.89,1.0235577269750953
160.95,1.0194509023756586
144.01,1.0156937034618436
127.06499999999998,1.012303303059284
110.12,1.0092975948621534
93.18,1.0066924205863639
76.24000000000001,1.0045001740145838
59.3,1.002732245447199
42.355,1.001397602794566
25.410000000000004,1.000503919820386
8.47,1.0000560412961672
