{
  "model_name": "SmoothShell",
  "parameters": {
    "G_shell1": 1.3759629651635006,
    "G_shell2": 3.350216152377892,
    "r1_frac": 0.7675330671691106,
    "r2_frac": 1.7477470149713796,
    "width1": 0.20375418952781862,
    "width2": 0.4705218416775562
  },
  "param_bounds": [
    [
      1.2,
      2.5
    ],
    [
      1.5,
      3.5
    ],
    [
      0.2,
      0.8
    ],
    [
      0.8,
      1.8
    ],
    [
      0.05,
      0.6
    ],
    [
      0.05,
      0.9
    ]
  ],
  "train_score": 0.4699384769676547,
  "test_score": 0.5327869034481549
}