{
  "params": {
    "xi_max": 2.1309353223008394,
    "lnR0_base": 0.012488149450991179,
    "width": 0.05,
    "alpha_M": -0.07635550284118882,
    "gate_R_kpc": 1.7445483501461023,
    "gate_width": 0.05
  },
  "summary": {
    "avg_mean_off": 25.313068898440815,
    "galaxies": 143,
    "outer_points": 1167
  }
}