{
  "params": {
    "xi_max": 2.241899345633562,
    "lnSigma_c": 1.4107657035798487,
    "width_sigma": 0.23786836282340296,
    "n_sigma": 1.8184506091784245,
    "lnR_gate_base": 1.8379406337582893,
    "width_gate": 0.4556610851203706,
    "alpha_gate_M": -0.37135367618734083
  },
  "summary": {
    "avg_mean_off": 36.07730059129616,
    "galaxies": 143,
    "outer_points": 1167
  }
}