{
  "alpha_hat": 25436.36767234549,
  "sigma": 2299.4248571168596
}