{
  "mode": "lens",
  "bands": [
    {
      "ell_min": 2,
      "ell_max": 200
    },
    {
      "ell_min": 200,
      "ell_max": 800
    },
    {
      "ell_min": 800,
      "ell_max": 2500
    }
  ],
  "A_hat": [
    0.7318263048123131,
    0.5647351468107513,
    0.5814146927520272
  ],
  "Cov_A": [
    [
      0.0003771821587946122,
      0.0,
      0.0
    ],
    [
      0.0,
      1.3741674294990523e-05,
      0.0
    ],
    [
      0.0,
      0.0,
      2.308531767670371e-05
    ]
  ],
  "covariance_used": "diag"
}