R_kpc,Vobs_kms,Vbar_kms,Vpred_pde_kms,percent_close
1.95,32.0,25.080169457162764,41.19584802002461,71.26297493742308
3.88,57.6,38.64239769993575,65.71844192942402,85.90548276141664
5.83,70.9,39.20726590824716,74.08539679945183,95.5071977440736
7.78,77.0,41.48395834536526,82.98909609677435,92.22195312107227
9.72,82.5,43.50092987511877,91.91504011131593,88.5878301681019
11.66,84.3,42.36628966525154,95.99184142743995,86.1306744632978
13.59,83.9,39.191024482654186,95.36350967842064,86.33669883382522
