{
  "params": {
    "xi_max": 1.7800889819026298,
    "lnSigma_c": 3.236273013972052,
    "width_sigma": 0.1777385180032779,
    "n_sigma": 2.461565531217326,
    "gate_R_kpc": 3.8228406257569874,
    "gate_width": 0.36035272528492435
  },
  "summary": {
    "avg_mean_off": 36.07730059129616,
    "avg_rmse": 42.064803871885836,
    "avg_pct_close_90": 9.3975918679476,
    "galaxies": 143,
    "outer_points": 1167
  }
}