fold,T_type,LogTail_test_median,MuPhi_test_median,n_points
4,5.0,92.22305912480624,88.75637127463357,85
4,6.0,83.51894659459245,85.04788169463617,357
4,7.0,91.96072838049393,88.98068648437186,148
4,9.0,91.10208203493085,78.43555142789171,147
