{
  "best_family": "ratio_curv_gbar",
  "params": [
    0.5458113926490655,
    0.2224877941704694,
    0.22739213737163552,
    0.04309146241123448
  ],
  "loss": 2.794617799252568,
  "objective": "huber",
  "summary": {
    "rmse_median": 81.16692129925872,
    "rmse_iqr": [
      43.07062538120664,
      197.66967463321194
    ],
    "mape_median": 0.389996573363877,
    "mape_iqr": [
      0.24937089575709476,
      0.6251929105462869
    ]
  }
}