{
  "family": "ratio",
  "params": [
    0.7491027746456101,
    0.0
  ],
  "loss": 3.024322477170756,
  "objective": "huber",
  "summary": {
    "rmse_median": 24.66550731352983,
    "rmse_iqr": [
      15.73440243203583,
      39.750682449727854
    ],
    "mape_median": 0.24681418335662306,
    "mape_iqr": [
      0.1452643658233823,
      0.37760754241376926
    ]
  }
}