{
  "family": "ratio_curv",
  "params": [
    0.9645739136007124,
    0.0,
    0.11834086153646758
  ],
  "loss": 2.9664611296079126,
  "objective": "huber",
  "summary": {
    "rmse_median": 25.089243700019765,
    "rmse_iqr": [
      15.736553833791689,
      40.89910410743281
    ],
    "mape_median": 0.2519557974324437,
    "mape_iqr": [
      0.14222963386112153,
      0.37260040460126254
    ]
  }
}