{
  "family": "exp_curv",
  "params": [
    0.15587889028786608,
    1.5804970538201129,
    3.0
  ],
  "loss": 2.9806601306171028,
  "objective": "huber",
  "summary": {
    "rmse_median": 25.27980533478785,
    "rmse_iqr": [
      15.528978797256407,
      41.15838534194495
    ],
    "mape_median": 0.24748689459046008,
    "mape_iqr": [
      0.1396826511868292,
      0.37333224231074746
    ]
  }
}