{
  "family": "exp",
  "params": [
    0.1901646960442964,
    5.0
  ],
  "loss": 3.058418746654145,
  "objective": "huber",
  "summary": {
    "rmse_median": 25.161279472052943,
    "rmse_iqr": [
      15.978755052978151,
      40.501667762877794
    ],
    "mape_median": 0.24668175586738317,
    "mape_iqr": [
      0.14405901656057823,
      0.3836723073356062
    ]
  }
}