{
  "a0_hat": 5e-11,
  "burkert_limit": 40,
  "all_outer": {
    "Shell": {
      "N": 1167,
      "mean": 75.51961610236596,
      "median": 79.19408325323643
    },
    "GR": {
      "N": 1167,
      "mean": 65.978380086115,
      "median": 63.85846481628307
    },
    "MOND": {
      "N": 1167,
      "mean": 87.10888979183277,
      "median": 89.8121383539843
    },
    "NFW": {
      "N": 268,
      "mean": 97.23991654410798,
      "median": 97.68867021449663,
      "N_gal_fit": 27
    }
  },
  "exclude_outliers": {
    "Shell": {
      "N": 1004,
      "mean": 78.52672027891501,
      "median": 81.33533901288916
    },
    "GR": {
      "N": 1004,
      "mean": 62.87024628911901,
      "median": 61.640411944953286
    },
    "MOND": {
      "N": 1004,
      "mean": 87.69819205002439,
      "median": 90.82042297279673
    },
    "NFW": {
      "N": 203,
      "mean": 97.05657563573682,
      "median": 97.52595472338366,
      "N_gal_fit": 19
    }
  }
}