{
  "a0_hat": 5e-11,
  "models": {
    "Shell": {
      "N": 1167,
      "mean": 75.51961610236596,
      "median": 79.19408325323643
    },
    "GR": {
      "N": 1167,
      "mean": 65.978380086115,
      "median": 63.85846481628307
    },
    "MOND": {
      "N": 1167,
      "mean": 87.10888979183277,
      "median": 89.8121383539843
    },
    "NFW": {
      "N": 268,
      "mean": 97.23991654410798,
      "median": 97.68867021449663,
      "N_gal_fit": 27
    },
    "RG-RunningG": {
      "N": 1167,
      "mean": 69.9150687127251,
      "median": 70.53945327682649,
      "nu": 0.25,
      "r0_kpc": 8.0,
      "rstar_kpc": 30.0
    },
    "MuPhi": {
      "N": 1167,
      "mean": 81.70359586145342,
      "median": 85.69057088482424,
      "eps": 1.5,
      "v_c_kms": 160.0,
      "p": 3.0
    },
    "SlipGate": {
      "N": 1167,
      "mean": 75.43616435319024,
      "median": 78.68411765538255,
      "eps": 1.0,
      "r0_kpc": 2.0,
      "delta_kpc": 1.0
    },
    "LogTail": {
      "N": 1167,
      "mean": 85.25269925652643,
      "median": 89.4699255094469,
      "v0_kms": 120.0,
      "r_c_kpc": 10.0,
      "r0_kpc": 3.0,
      "delta_kpc": 3.0
    },
    "OmegaGate": {
      "N": 1167,
      "mean": 74.88411948058979,
      "median": 79.06379110037724,
      "eps": 1.2,
      "p": 1.0,
      "omega_c_s-1": 1e-12
    },
    "JGate": {
      "N": 1167,
      "mean": 72.10844006150896,
      "median": 72.78801003858123,
      "eps": 0.9,
      "q": 1.0,
      "j0_kpc_kms": 960.0
    },
    "PGate": {
      "N": 1167,
      "mean": 66.50848317092488,
      "median": 65.20038928577459,
      "eps": 0.6,
      "q": 1.0,
      "P0_units": 300000.0
    },
    "SGate": {
      "N": 1167,
      "mean": 73.56031603265346,
      "median": 73.88362414953204,
      "eps": 0.9,
      "q": 2.0,
      "S0": 1.0
    },
    "DGate": {
      "N": 1167,
      "mean": 74.71670366461977,
      "median": 75.72026484298237,
      "eps": 0.9,
      "p": 2.0,
      "omega_c_s-1": 1e-12,
      "q": 2.0
    },
    "GMtoy": {
      "N": 1167,
      "mean": 65.87918272603615,
      "median": 63.98168042930408,
      "beta": 1e+22,
      "p": 2.0,
      "omega_c_s-1": 1e-12
    },
    "AntiYukawa": {
      "N": 1167,
      "mean": 73.83479686756404,
      "median": 77.84130428790891,
      "alpha": 1.5,
      "lambda_kpc": 3.0
    },
    "Linear+Newton": {
      "N": 1167,
      "mean": 69.43713806373216,
      "median": 67.36027353469962,
      "gamma_per_kpc": 1e-09
    },
    "DensityGated": {
      "N": 1167,
      "mean": 75.77613092832095,
      "median": 78.99180655123637,
      "eps": 1.5,
      "s_c": 1.0,
      "p": 3.0
    }
  }
}