{
  "n": 175,
  "form_Mb_vs_v": {
    "alpha": 3.6203183203106555,
    "beta": 2.446851605833839,
    "scatter_dex": 0.23180926326998083,
    "alpha_CI95": [
      3.451358585733484,
      3.818213391926828
    ]
  },
  "form_v_vs_Mb": {
    "beta": 0.2584886123268887,
    "gamma": -0.5025315286612613,
    "scatter_dex": 0.06194098612805658,
    "beta_CI95": [
      0.24519643980805583,
      0.2711917860234715
    ],
    "alpha_from_beta": 3.8686423784711437
  }
}