{
  "n": 143,
  "form_Mb_vs_v": {
    "alpha": -0.3501132610188699,
    "beta": 9.99473860931633,
    "scatter_dex": 0.2764860518562484,
    "alpha_CI95": [
      -0.5301709316690109,
      -0.18260308897492122
    ]
  },
  "form_v_vs_Mb": {
    "beta": -0.26177624912695335,
    "gamma": 4.357767778026255,
    "scatter_dex": 0.23907494633366186,
    "beta_CI95": [
      -0.3765390693079916,
      -0.13910836464643886
    ],
    "alpha_from_beta": -3.820056263068507
  }
}