{
  "n": 175,
  "form_Mb_vs_v": {
    "alpha": 3.1021106943905776,
    "beta": 3.585378290629128,
    "scatter_dex": 0.2871341403834349,
    "alpha_CI95": [
      2.9475314366072505,
      3.258565969433196
    ]
  },
  "form_v_vs_Mb": {
    "beta": 0.2906135510096523,
    "gamma": -0.8454139633535602,
    "scatter_dex": 0.08788487077584202,
    "beta_CI95": [
      0.2771617426418174,
      0.3054625201718859
    ],
    "alpha_from_beta": 3.440995770932879
  }
}