{
  "n": 143,
  "form_Mb_vs_v": {
    "alpha": -0.012865288091931807,
    "beta": 9.348863614125762,
    "scatter_dex": 0.2900889267964649,
    "alpha_CI95": [
      -0.2289576502837598,
      0.20072896925009823
    ]
  },
  "form_v_vs_Mb": {
    "beta": -0.00565000677699816,
    "gamma": 2.0209410016734184,
    "scatter_dex": 0.1922409384240773,
    "beta_CI95": [
      -0.0973677630395563,
      0.08751606082494759
    ],
    "alpha_from_beta": -176.99093814738723
  }
}