{
  "n": 111,
  "form_Mb_vs_v": {
    "alpha": 0.05178250699980863,
    "beta": 9.183687689407062,
    "scatter_dex": 0.2920804677131039,
    "alpha_CI95": [
      -0.24143097982616837,
      0.34284981763821865
    ]
  },
  "form_v_vs_Mb": {
    "beta": 0.018566338362728377,
    "gamma": 1.8141558406681049,
    "scatter_dex": 0.17489367742906523,
    "beta_CI95": [
      -0.08136416472263713,
      0.1187230488270478
    ],
    "alpha_from_beta": 53.86091648569132
  }
}