{
  "n": 135,
  "form_Mb_vs_v": {
    "alpha": 3.189204983649692,
    "beta": 3.3998393665741324,
    "scatter_dex": 0.2888278578283404,
    "alpha_CI95": [
      2.901819672680069,
      3.5049109038321435
    ]
  },
  "form_v_vs_Mb": {
    "beta": 0.2764402099101066,
    "gamma": -0.6952518447843098,
    "scatter_dex": 0.08503514746604028,
    "beta_CI95": [
      0.25899906997170263,
      0.2964206236908029
    ],
    "alpha_from_beta": 3.617418755126767
  }
}