{
  "n": 175,
  "alpha": -15.979001327670407,
  "beta": 39.032942547831155,
  "scatter_dex": 4.625924766365386
}