{
  "n": 175,
  "alpha": -14.851736612753987,
  "beta": 36.54261133641076,
  "scatter_dex": 5.026875946608539
}