{
  "n": 143,
  "form_Mb_vs_v": {
    "alpha": -0.3371491377254436,
    "beta": 9.98663235249958,
    "scatter_dex": 0.2822248696795413,
    "alpha_CI95": [
      -0.571682632612586,
      -0.13746313432431348
    ]
  },
  "form_v_vs_Mb": {
    "beta": -0.15883815676672883,
    "gamma": 3.447692845985059,
    "scatter_dex": 0.19371429657217312,
    "beta_CI95": [
      -0.2447250257612033,
      -0.07105233421387384
    ],
    "alpha_from_beta": -6.295716472387735
  }
}