{
  "pred_slope_loglog": -24.078909590119007,
  "pred_DeltaSigma_50kpc": 22850329.54499219,
  "pred_DeltaSigma_100kpc": 11429916.420096964
}