{
  "n": 3391,
  "scatter_dex_orth": 0.07980972598857151,
  "r2_vs_const": 0.9794609921339816
}