{
  "n": 3391,
  "scatter_dex_orth": 0.17177787358774266,
  "r2_vs_const": 0.8742485511513332
}