{
  "n": 3391,
  "scatter_dex_orth": 0.06862860752124401,
  "r2_vs_const": 0.9842461812090413
}