{
  "4.0": {
    "n": 875,
    "scatter_dex_orth": 0.07798282839173279,
    "r2_vs_const": 0.9833631083798305
  },
  "7.0": {
    "n": 258,
    "scatter_dex_orth": 0.08220357042451155,
    "r2_vs_const": 0.9806525670682499
  },
  "10.0": {
    "n": 2258,
    "scatter_dex_orth": 0.0751897524987697,
    "r2_vs_const": 0.9785346302976301
  }
}