{
  "4.0": {
    "LogTail_median": 83.74792184449996,
    "MuPhi_median": 81.97321133661166,
    "n_points": 999
  },
  "7.0": {
    "LogTail_median": 86.00306663353604,
    "MuPhi_median": 89.39876086724003,
    "n_points": 255
  },
  "10.0": {
    "LogTail_median": 90.83804955004594,
    "MuPhi_median": 83.99569039756494,
    "n_points": 2137
  }
}