{
  "4.0": {
    "LogTail_median": 83.74792184449996,
    "n_points": 999
  },
  "7.0": {
    "LogTail_median": 86.00306663353604,
    "n_points": 255
  },
  "10.0": {
    "LogTail_median": 90.83804955004594,
    "n_points": 2137
  }
}