R_kpc,Vobs_kms,Vbar_kms,Vpred_pde_kms,percent_close
1.26,21.7,12.745587471748802,20.42986109842815,94.14682533837858
2.51,40.3,20.2820832263355,33.01373780056411,81.91994491455114
3.78,57.7,24.17198791990431,37.44139822563433,64.88977162154995
5.03,68.5,25.94479716629136,39.75479049791398,58.036190507903626
6.29,73.5,29.6448663346624,46.84288290162998,63.73181347160541
7.54,78.5,32.127072695781045,52.43153495260561,66.79176427083517
8.8,83.1,32.922553060174415,52.60319634066909,63.30107862896402
