fold,T_type,LogTail_test_median,MuPhi_test_median,n_points
5,5.0,84.8481103997447,82.01456166268241,136
5,7.0,91.3538193117872,92.35646790788739,34
5,9.0,90.90524576570454,87.60437816588087,177
5,10.0,75.18624284145018,90.30025383114186,307
