{
  "fold": 5,
  "train": {
    "LogTail": {
      "median": 89.71217972768116,
      "params": {
        "v0_kms": 120,
        "rc_kpc": 15,
        "r0_kpc": 3,
        "delta_kpc": 4
      }
    },
    "MuPhi": {
      "median": 82.82017818478741,
      "params": {
        "eps": 2.0,
        "v_c_kms": 140,
        "p": 3.0
      }
    }
  },
  "test": {
    "LogTail": {
      "median": 81.45529239575725
    },
    "MuPhi": {
      "median": 88.0182063429566
    }
  },
  "rar_test": {
    "observed": {
      "n": 654,
      "scatter_dex_orth": 0.1676945294295421,
      "r2_vs_const": 0.8788429412545666
    },
    "model": {
      "n": 654,
      "scatter_dex_orth": 0.06959998056972318,
      "r2_vs_const": 0.9833589171747227
    }
  },
  "n_train_points": 2737,
  "n_test_points": 654
}