{
  "fold": 5,
  "train": {
    "LogTail": {
      "median": 90.13203669998775,
      "params": {
        "v0_kms": 140,
        "rc_kpc": 15,
        "r0_kpc": 3,
        "delta_kpc": 4
      }
    },
    "MuPhi": {
      "median": 85.48433377886586,
      "params": {
        "eps": 2.0,
        "v_c_kms": 140,
        "p": 2.0
      }
    }
  },
  "test": {
    "LogTail": {
      "median": 88.91411753950888
    },
    "MuPhi": {
      "median": 89.15448139538591
    }
  },
  "n_train_points": 2737,
  "n_test_points": 654
}