{
  "params": {
    "xi_max": 7.040848425992538,
    "lnSigma_c": 3.2013920457548264,
    "width_sigma": 0.6385178306469793,
    "n_sigma": 3.288436267666335,
    "lnR_gate_base": 0.5447559835630759,
    "width_gate": 0.7196307408803695,
    "alpha_gate_M": -0.7112938645221395
  },
  "summary": {
    "avg_mean_off": 36.07730059129616,
    "avg_rmse": 42.064803871885836,
    "avg_pct_close_90": 9.3975918679476,
    "galaxies": 143,
    "outer_points": 1167
  }
}