R_kpc,Vobs_kms,Vbar_kms,Vpred_pde_kms,percent_close
2.17,12.6,21.61,24.525032884128493,5.35688187199608
4.32,23.0,27.24,33.81167339113927,52.992724386350986
6.49,30.0,37.4080205303622,45.43742287773662,48.54192374087793
8.65,36.0,41.77841667655681,52.1616454851977,55.10654031889527
10.83,40.0,45.96402179966414,55.31225327684826,61.719366807879354
