R_kpc,Vobs_kms,Vbar_kms,Vpred_pde_kms,percent_close
0.96,22.9,15.40028895832802,28.072243147426512,77.41378538241696
1.92,33.5,22.09926695616848,43.92655403602508,68.87595810141767
2.88,37.2,21.86815264259878,48.94597121932192,68.4248085502099
3.83,35.9,21.64842950423887,50.7618656982403,58.60204540880139
