R_kpc,Vobs_kms,Vbar_kms,Vpred_pde_kms,percent_close
0.96,22.9,15.40028895832802,24.739258015383825,91.96830560967761
1.92,33.5,22.09926695616848,38.325098659041686,85.59672042077109
2.88,37.2,21.86815264259878,42.25827021199798,86.40249943011297
3.83,35.9,21.64842950423887,43.65535583902319,78.39733749575714
