r_kpc,kT_keV,kT_err_keV
1184.0,10.116,2.9178
1163.0500000000002,9.8517,2.7081
1142.1000000000001,9.5879,2.4985
1121.15,9.3241,2.2888
1100.2,9.0603,2.0792
1079.2,8.9078,1.9255
1058.2500000000002,9.1061,1.9484
1037.3000000000002,9.3045,1.9713
1016.3500000000001,9.5028,1.9942
995.41,9.7011,2.017
974.445,9.8995,2.0399
953.4899999999999,9.7241,1.925
932.5300000000001,9.5477,1.8096
911.575,9.3713,1.6943
890.62,9.195,1.579
869.6650000000001,9.2125,1.5406
848.71,9.3735,1.5591
827.75,9.5344,1.5776
806.7950000000001,9.6953,1.596
785.8400000000001,9.7523,1.5503
764.885,9.7808,1.487
743.93,9.8093,1.4237
722.975,10.575,1.6358
702.0200000000001,11.78,2.0127
681.06,12.987,2.3896
660.1049999999999,12.766,2.3376
639.15,12.505,2.2734
618.195,12.112,2.115
597.24,11.642,1.9023
576.285,11.987,1.9656
555.33,12.846,2.203
534.37,11.884,1.8978
513.415,11.567,1.8154
492.46000000000004,13.97,2.6284
471.505,12.87,2.1395
450.55,14.404,2.5168
429.595,13.243,2.1284
408.64,11.636,1.7138
387.68,10.996,1.4967
366.72499999999997,9.2182,1.0346
345.77000000000004,9.424,1.1495
324.81499999999994,10.072,1.2415
303.86,10.548,1.3749
282.9,11.856,1.7419
261.945,15.456,2.8689
240.99,11.611,1.6188
220.03499999999997,11.116,1.663
199.07999999999998,12.153,1.7903
178.12499999999997,12.874,2.0587
157.17,11.838,1.7097
136.21,11.424,1.5656
115.255,12.283,1.7789
94.3,11.201,1.4755
73.345,12.413,1.9925
52.39,12.605,2.031
31.435000000000006,12.072,1.783
10.48,11.98,1.74
148.41,4.5446,0.11156
145.15,4.5179,0.11293
141.89000000000001,4.4913,0.11429
138.63,4.4646,0.11566
135.365,4.4379,0.11703
132.1,4.4112,0.1184
128.84,4.3845,0.11977
125.58,4.3578,0.12114
122.32000000000001,4.3312,0.12251
119.06,4.3045,0.12387
115.79500000000002,4.2778,0.12524
112.52999999999999,4.2511,0.12661
109.27000000000001,4.2244,0.12798
106.00999999999999,4.1977,0.12935
102.75000000000001,4.171,0.13072
99.485,4.1443,0.13209
96.22,4.1176,0.13345
92.96,4.091,0.13482
89.7,4.0643,0.13619
86.43999999999998,4.0376,0.13756
83.18,4.0109,0.13893
79.915,3.9842,0.13961
76.64999999999999,3.9573,0.13782
73.39000000000001,3.9305,0.13604
70.13,3.9037,0.13425
66.87000000000002,3.8769,0.13246
63.605,3.85,0.13067
60.339999999999996,3.769,0.1271
57.08,3.6556,0.12247
53.82,3.5423,0.11785
50.56,3.4289,0.11322
47.300000000000004,3.32,0.10813
44.035000000000004,3.2212,0.10195
40.77,3.1223,0.095771
37.510000000000005,3.0201,0.089493
34.25,2.8668,0.081628
30.990000000000002,2.7134,0.073764
27.725,2.5432,0.067581
24.46,2.3579,0.062947
21.2,2.2043,0.058216
17.94,2.106,0.0533
14.680000000000001,2.0018,0.048876
11.42,1.8855,0.045457
8.155,1.7691,0.042032
4.890000000000001,1.7,0.04
1.63,1.7,0.04
571.4999999999999,4.8961,0.60992
566.92,4.8887,0.60891
559.8799999999999,4.8773,0.60736
552.84,4.8659,0.60581
545.7950000000001,4.8546,0.60426
538.7500000000001,4.8432,0.60271
531.71,4.8318,0.60116
524.67,4.8205,0.59961
517.625,4.8091,0.59806
510.58000000000004,4.7977,0.59651
503.53999999999996,4.7864,0.59496
496.5,4.775,0.59341
489.455,4.7637,0.59186
482.41,4.7523,0.59031
475.36999999999995,4.7409,0.58876
468.33000000000004,4.7296,0.58721
461.285,4.7182,0.58566
454.23999999999995,4.7068,0.58411
447.20000000000005,4.6955,0.58256
440.15999999999997,4.6841,0.58101
433.115,4.6727,0.57946
426.07,4.6614,0.57791
419.03000000000003,4.65,0.57636
411.98999999999995,4.6386,0.57481
404.945,4.6273,0.57326
397.90000000000003,4.6159,0.57171
390.86,4.6045,0.57017
383.82000000000005,4.5932,0.56861
376.77500000000003,4.5818,0.56707
369.73,4.5704,0.56551
362.68999999999994,4.5591,0.56397
355.65000000000003,4.5477,0.56242
348.605,4.5363,0.56087
341.56,4.5548,0.56474
334.52000000000004,4.6109,0.57547
327.48,4.667,0.5862
320.435,4.7232,0.59693
313.39,4.7793,0.60767
306.35,4.8354,0.6184
299.30999999999995,4.8916,0.62912
292.265,4.9477,0.63986
285.22,5.0039,0.65059
278.18,5.06,0.66132
271.14000000000004,5.1161,0.67205
264.095,5.1723,0.68278
257.05,5.2426,0.69376
250.00999999999996,5.3419,0.70522
242.97,5.4412,0.71667
235.92499999999998,5.5405,0.72814
228.88,5.6399,0.7396
221.83999999999997,5.7392,0.75106
214.79999999999998,5.8385,0.76252
207.755,5.9379,0.77398
200.71,6.0372,0.78545
193.67000000000002,6.1365,0.79691
186.63000000000002,6.2358,0.80836
179.585,6.2076,0.79895
172.54,6.1582,0.78606
165.5,6.1089,0.77318
158.45999999999998,6.0595,0.7603
151.415,6.0101,0.74741
144.37,5.9607,0.73452
137.33,5.9113,0.72164
130.29000000000002,5.8619,0.70876
123.24499999999999,5.8125,0.69587
116.2,5.7572,0.6804
109.16000000000001,5.6968,0.66277
102.11999999999999,5.6365,0.64514
95.07499999999999,5.5762,0.6275
88.03,5.5158,0.60986
80.99000000000001,5.4555,0.59223
73.95,5.3952,0.57461
66.905,5.3349,0.55696
59.86000000000001,5.2745,0.53932
52.82,5.2142,0.5217
45.78,5.1539,0.50407
38.735,5.14,0.5
31.689999999999998,5.14,0.5
24.65,5.14,0.5
17.61,5.14,0.5
10.565,5.14,0.5
219.61999999999998,2.8833,0.26945
213.065,2.8938,0.26771
206.51,2.9042,0.26596
199.95000000000002,2.9147,0.26422
193.395,2.9252,0.26247
186.84,2.9356,0.26073
180.285,2.9461,0.25899
173.73,2.9565,0.25724
167.17499999999998,2.967,0.2555
160.61999999999998,2.9775,0.25376
154.06,2.9879,0.25201
147.505,2.9984,0.25027
140.95,2.9764,0.24543
134.39499999999998,2.9485,0.24003
127.84,2.9206,0.23463
121.28,2.8927,0.22922
114.725,2.8648,0.22382
108.16999999999999,2.8369,0.21842
101.615,2.809,0.21302
95.06,2.7811,0.20762
88.505,2.7532,0.20222
81.94999999999999,2.7253,0.19682
75.39,2.6973,0.19142
68.835,2.6268,0.18151
62.279999999999994,2.541,0.16998
55.724999999999994,2.4552,0.15846
49.17,2.3694,0.14693
42.60999999999999,2.2835,0.1354
36.055,2.1977,0.12388
29.5,2.112,0.11235
22.945,2.0262,0.10083
16.39,2.02,0.1
9.835,2.02,0.1
3.28,2.02,0.1
391.15,7.4904,1.241
375.81,7.3839,1.1991
360.47,7.2964,1.162
345.135,7.2521,1.1356
329.79999999999995,7.2078,1.1093
314.46000000000004,7.1635,1.083
299.12,7.1191,1.0567
283.78000000000003,7.0748,1.0303
268.44,7.0304,1.004
253.1,6.9767,0.97619
237.76,6.8249,0.93283
222.42000000000002,6.6732,0.88947
207.07999999999998,6.5214,0.84611
191.74,6.3696,0.80275
176.4,6.2179,0.75939
161.05999999999997,6.0661,0.71603
145.72000000000003,5.7151,0.64401
130.38,5.2472,0.55516
115.045,4.7794,0.46634
99.71,4.3116,0.37752
84.37,3.8437,0.28867
69.03,3.5362,0.2354
53.690000000000005,3.3524,0.20956
38.349999999999994,3.1686,0.18371
23.009999999999998,3.0,0.16
7.67,3.0,0.16
480.495,6.3678,0.92381
451.37,6.2569,0.89716
422.25,6.146,0.87052
393.13,6.0351,0.84388
364.01,5.9242,0.81723
334.89000000000004,5.8133,0.79059
305.77,5.7024,0.76394
276.65000000000003,5.5915,0.7373
247.53,5.4806,0.71066
218.41,5.3697,0.68401
189.29000000000002,5.2588,0.65737
160.165,5.1479,0.63072
131.04,5.037,0.60407
101.92,4.6442,0.53485
72.8,4.2005,0.45796
43.68,3.7569,0.38106
14.56,3.52,0.34
265.16499999999996,3.0306,0.39763
256.75000000000006,3.0526,0.39175
248.32999999999998,3.0745,0.38586
239.91000000000003,3.0965,0.37997
231.49,3.1184,0.37408
223.07500000000002,3.1404,0.36819
214.66000000000003,3.1623,0.3623
206.23999999999998,3.1843,0.35641
197.82,3.2062,0.35053
189.4,3.2282,0.34464
180.985,3.2501,0.33875
172.57,3.2721,0.33286
164.15,3.294,0.32697
155.73,3.316,0.32108
147.31,3.3182,0.31262
138.89499999999998,3.3159,0.30357
130.48,3.3136,0.29453
122.06,3.3114,0.28548
113.63999999999999,3.3091,0.27643
105.22000000000001,3.3068,0.26738
96.805,3.3046,0.25834
88.39,3.3023,0.2493
79.97,3.3001,0.24025
71.55,3.2978,0.2312
63.135,3.2955,0.22216
54.720000000000006,3.2933,0.21312
46.300000000000004,3.291,0.20407
37.879999999999995,3.29,0.2
29.46,3.29,0.2
21.045,3.29,0.2
12.63,3.29,0.2
4.21,3.29,0.2
670.27,6.7745,1.8439
651.39,6.7005,1.788
632.51,6.6266,1.732
613.63,6.5526,1.676
594.75,6.4787,1.6201
575.87,6.4047,1.5641
556.99,6.3308,1.5082
538.11,6.2569,1.4522
519.23,6.1829,1.3962
500.345,6.1089,1.3403
481.46,6.035,1.2843
462.58,5.961,1.2284
443.7,5.8871,1.1724
424.82,5.8132,1.1164
405.94,5.7392,1.0605
387.06,5.6653,1.0045
368.18,5.5913,0.94856
349.3,5.5094,0.89345
330.42,5.4261,0.83849
311.53999999999996,5.3428,0.78354
292.655,5.2594,0.72856
273.77000000000004,5.1761,0.67359
254.89000000000001,5.1447,0.63609
236.01,5.3125,0.66553
217.13,5.4803,0.69497
198.25,5.6482,0.72442
179.37,5.6457,0.67861
160.48999999999998,5.6035,0.6152
141.61,5.3328,0.5474
122.73,4.7771,0.47412
103.845,4.7565,0.44003
84.96000000000001,4.6529,0.37116
66.08,4.4037,0.3137
47.2,4.0569,0.30073
28.32,3.0868,0.17946
9.440000000000001,2.91,0.15
469.065,7.848,1.0652
460.455,7.9224,1.167
451.84999999999997,7.9968,1.2687
443.245,8.0711,1.3704
434.635,8.1455,1.4722
426.03000000000003,8.2198,1.5739
417.425,8.2941,1.6756
408.815,8.3685,1.7774
400.21,8.4428,1.8791
391.60499999999996,8.5172,1.9809
382.99499999999995,8.5915,2.0826
374.39,8.6659,2.1844
365.785,8.7402,2.2861
357.175,8.8146,2.3878
348.57000000000005,8.8889,2.4896
339.96500000000003,8.9633,2.5913
331.355,9.0376,2.6931
322.75,8.7964,2.5286
314.145,8.4922,2.311
305.535,8.1878,2.0933
296.93,7.8836,1.8757
288.325,7.7112,1.7683
279.715,7.8055,1.8842
271.10999999999996,7.8998,2.0
262.505,7.9941,2.1159
253.89499999999998,8.3166,2.2098
245.29000000000002,8.7794,2.2903
236.685,9.2422,2.3708
228.075,9.3632,2.3063
219.47,9.2897,2.1595
210.865,9.2163,2.0127
202.255,8.7627,1.8777
193.64999999999998,8.2007,1.7463
185.04500000000002,7.6388,1.6148
176.435,7.4295,1.4916
167.83,7.3474,1.3716
159.225,7.2652,1.2515
150.615,7.3847,1.3032
142.01,7.6554,1.4836
133.405,7.926,1.664
124.79499999999999,7.8405,1.6347
116.19,7.3508,1.3673
107.585,6.8611,1.0999
98.97500000000001,6.4763,0.91315
90.37,6.2745,0.86702
81.765,6.0727,0.8209
73.155,5.8708,0.77475
64.55,5.9254,0.78228
55.94499999999999,6.0096,0.79598
47.335,6.0937,0.80968
38.730000000000004,6.1778,0.82337
30.125,6.262,0.83706
21.515,6.3461,0.85076
12.91,6.4302,0.86446
4.305,6.5144,0.87815
637.23,6.6063,2.2296
617.6250000000001,6.6928,2.2221
598.015,6.7792,2.2146
578.4050000000001,6.8657,2.2071
558.8,6.9521,2.1996
539.195,7.0385,2.1921
519.5849999999999,7.125,2.1846
499.97999999999996,7.2114,2.1771
480.375,7.2978,2.1696
460.765,7.3842,2.1621
441.15999999999997,7.4707,2.1546
421.555,7.5571,2.1471
401.945,7.6435,2.1396
382.335,7.73,2.1321
362.73,7.8164,2.1246
343.125,7.9028,2.1171
323.515,7.9893,2.1096
303.91,8.0757,2.1021
284.305,8.3054,2.1965
264.695,8.5912,2.3307
245.085,8.8769,2.465
225.48000000000002,9.1626,2.5992
205.875,9.4484,2.7335
186.26500000000001,9.7342,2.8677
166.66,10.02,3.0019
147.05499999999998,10.306,3.1362
127.44500000000001,10.591,3.2704
107.83999999999999,10.877,3.4047
88.23500000000001,11.163,3.5389
68.62499999999999,11.449,3.6732
49.015,11.734,3.8074
29.41,12.02,3.9417
9.805,12.306,4.0759
248.20999999999998,7.5053,0.42714
243.095,7.4575,0.43884
237.98,7.4096,0.45054
232.86,7.3617,0.46225
227.74,7.3268,0.46936
222.625,7.3173,0.46746
217.51,7.3078,0.46557
212.39,7.2984,0.46367
207.27,7.2889,0.46177
202.15,7.2748,0.45945
197.035,7.1971,0.45128
191.92,7.1195,0.4431
186.79999999999998,7.0418,0.43492
181.68,6.964,0.42674
176.56,6.8853,0.41768
171.44500000000002,6.8023,0.40457
166.33,6.7192,0.39145
161.21,6.6361,0.37833
156.09,6.5529,0.3652
150.975,6.4754,0.35424
145.85999999999999,6.4015,0.34471
140.74,6.3275,0.33516
135.62,6.2535,0.32561
130.5,6.1945,0.31897
125.38499999999999,6.1571,0.31647
120.26999999999998,6.1196,0.31397
115.15,6.0821,0.31147
110.02999999999999,5.9996,0.30461
104.915,5.8527,0.29149
99.8,5.7058,0.27838
94.67999999999999,5.5588,0.26525
89.56,5.5118,0.26
84.43999999999998,5.5315,0.26
79.325,5.5512,0.26
74.21,5.5672,0.25974
69.09000000000002,5.5036,0.25368
63.97,5.44,0.24762
58.855000000000004,5.3765,0.24157
53.74,5.258,0.23028
48.62,5.1201,0.21716
43.5,4.9823,0.20403
38.379999999999995,4.7383,0.18813
33.265,4.4475,0.17103
28.150000000000002,4.1567,0.15392
23.03,3.8792,0.13625
17.91,3.6058,0.11842
12.795000000000002,3.3326,0.1006
7.6800000000000015,3.17,0.09
2.56,3.17,0.09
489.99,3.7288,0.34782
484.205,3.8308,0.37294
475.63500000000005,3.9818,0.41015
467.065,4.1328,0.44736
458.495,4.2839,0.48457
449.925,4.4349,0.52178
441.355,4.5859,0.559
432.78499999999997,4.737,0.59621
424.21500000000003,4.888,0.63342
415.64500000000004,5.039,0.67063
407.075,5.19,0.70784
398.505,5.3411,0.74505
389.93500000000006,5.4921,0.78226
381.365,5.6431,0.81947
372.79499999999996,5.7942,0.85668
364.225,5.9452,0.89389
355.655,5.9989,0.88687
347.085,6.0335,0.87116
338.515,6.068,0.85545
329.94500000000005,6.1026,0.83974
321.37499999999994,6.1371,0.82403
312.805,6.1717,0.80832
304.235,6.1273,0.7906
295.66499999999996,5.994,0.7706
287.09499999999997,5.8606,0.7506
278.52500000000003,5.7273,0.7306
269.955,5.594,0.7106
261.385,5.4607,0.6906
252.815,5.4807,0.69784
244.24499999999998,5.6738,0.73579
235.675,5.8668,0.77373
227.105,6.0598,0.81168
218.53499999999997,6.2529,0.84963
209.965,6.4459,0.88758
201.39499999999998,6.5185,0.90381
192.82500000000002,6.4172,0.88868
184.255,6.3158,0.87355
175.68499999999997,6.2144,0.85842
167.115,6.113,0.84329
158.545,6.0117,0.82816
149.975,5.9103,0.81303
141.405,5.8693,0.79388
132.83499999999998,5.8434,0.77371
124.265,5.8174,0.75355
115.695,5.7915,0.73339
107.125,5.7656,0.71323
98.555,5.7397,0.69307
89.98500000000001,5.7138,0.67291
81.415,5.6878,0.65275
72.845,5.6619,0.63259
64.275,5.636,0.61243
55.705000000000005,5.62,0.6
47.135,5.62,0.6
38.565000000000005,5.62,0.6
29.995,5.62,0.6
21.425,5.62,0.6
12.854999999999999,5.62,0.6
4.285,5.62,0.6
135.62,4.5501,0.18325
130.5,4.5166,0.18144
125.38499999999999,4.4831,0.17963
120.26999999999998,4.4497,0.17782
115.15,4.4162,0.17601
110.02999999999999,4.3827,0.1742
104.915,4.3492,0.17239
99.8,4.3157,0.17058
94.67999999999999,4.2823,0.16877
89.56,4.2488,0.16696
84.43999999999998,4.2153,0.16515
79.325,4.1818,0.16334
74.21,4.1483,0.16153
69.09000000000002,4.0938,0.15858
63.97,3.924,0.14941
58.855000000000004,3.7544,0.14024
53.74,3.5848,0.13107
48.62,3.4151,0.1219
43.5,3.2453,0.11272
38.379999999999995,3.0755,0.10354
33.265,2.9211,0.096189
28.150000000000002,2.7761,0.089977
23.03,2.631,0.083759
17.91,2.4859,0.077541
12.795000000000002,2.341,0.071329
7.6800000000000015,2.31,0.07
2.56,2.31,0.07
1081.1000000000001,4.7957,0.25217
1062.95,4.8721,0.31497
1044.8,4.9484,0.37777
1026.6000000000001,5.0248,0.44056
1008.4300000000002,5.1011,0.50336
990.275,5.1775,0.56615
972.105,5.2538,0.62895
953.935,5.3302,0.69174
935.765,5.4065,0.75454
917.5899999999999,5.4829,0.81735
899.415,5.5593,0.88017
881.245,5.6357,0.94296
863.075,5.712,1.0058
844.905,5.7884,1.0686
826.735,5.8647,1.1314
808.5649999999999,5.9411,1.1942
790.395,6.0174,1.2569
772.2249999999999,6.0938,1.3197
754.0550000000001,6.1701,1.3825
735.885,6.2465,1.4453
717.715,6.3228,1.5081
699.545,6.3992,1.5709
681.3750000000001,6.4756,1.6337
663.205,6.5519,1.6965
645.0350000000001,6.6282,1.7593
626.865,6.7046,1.8221
608.6949999999999,6.781,1.8849
590.525,6.8573,1.9477
572.3549999999999,6.9337,2.0105
554.1850000000001,7.01,2.0733
536.015,7.0864,2.1361
517.845,7.1627,2.1989
499.67499999999995,7.2391,2.2617
481.505,7.3131,2.3171
463.335,7.357,2.2771
445.165,7.4008,2.2371
426.995,7.4446,2.1971
408.825,7.4885,2.1571
390.655,7.5323,2.117
372.485,7.5761,2.077
354.315,7.6199,2.037
336.14500000000004,7.6638,1.997
317.975,7.7076,1.957
299.805,7.7514,1.917
281.635,7.6778,1.8531
263.46500000000003,7.5177,1.7716
245.295,7.3577,1.6901
227.12500000000003,7.1976,1.6087
208.955,7.0376,1.5272
190.78499999999997,6.8775,1.4457
172.615,6.7175,1.3643
154.445,6.5574,1.2828
136.27499999999998,6.3974,1.2014
118.105,6.2374,1.1199
99.935,6.1,1.05
81.765,6.1,1.05
63.595,6.1,1.05
45.425,6.1,1.05
27.255,6.1,1.05
9.084999999999999,6.1,1.05
413.605,1.3911,0.10281
409.275,1.3981,0.1039
404.945,1.405,0.105
400.61500000000007,1.412,0.1061
396.28000000000003,1.4189,0.1072
391.945,1.4259,0.1083
387.61500000000007,1.4329,0.1094
383.28499999999997,1.4398,0.1105
378.95500000000004,1.4468,0.1116
374.625,1.4538,0.1127
370.295,1.4607,0.1138
365.965,1.4677,0.1149
361.63500000000005,1.4746,0.116
357.305,1.4816,0.1171
352.975,1.4886,0.1182
348.64,1.4955,0.1193
344.30499999999995,1.5025,0.1204
339.975,1.5095,0.12149
335.645,1.5164,0.12259
331.31500000000005,1.5234,0.12369
326.98499999999996,1.5303,0.12479
322.65500000000003,1.5373,0.12589
318.325,1.5443,0.12699
313.995,1.5512,0.12809
309.66499999999996,1.5582,0.12919
305.33500000000004,1.5652,0.13029
301.0,1.5721,0.13139
296.66499999999996,1.5791,0.13249
292.33500000000004,1.586,0.13359
288.00499999999994,1.593,0.13469
283.675,1.6,0.13578
279.34499999999997,1.6069,0.13688
275.015,1.6139,0.13798
270.68499999999995,1.6208,0.13908
266.355,1.6278,0.14018
262.025,1.6348,0.14128
257.695,1.6417,0.14238
253.36000000000004,1.6487,0.14348
249.025,1.6557,0.14458
244.695,1.6626,0.14568
240.365,1.6696,0.14678
236.035,1.6766,0.14788
231.70499999999998,1.6835,0.14898
227.375,1.6921,0.15018
223.045,1.7218,0.15274
218.715,1.7515,0.15531
214.385,1.7813,0.15787
210.05,1.8111,0.16044
205.715,1.8409,0.16301
201.38500000000002,1.8706,0.16557
197.055,1.9004,0.16813
192.725,1.9301,0.1707
188.395,1.9598,0.17326
184.065,1.9896,0.17583
179.735,2.0194,0.17839
175.405,2.0491,0.18096
171.07500000000002,2.0789,0.18352
166.745,2.1086,0.18609
162.41,2.1384,0.18865
158.075,2.1682,0.19122
153.745,2.1979,0.19378
149.415,2.2277,0.19635
145.08499999999998,2.2574,0.19891
140.755,2.2798,0.19972
136.42499999999998,2.2967,0.19924
132.095,2.3137,0.19875
127.76499999999999,2.3306,0.19827
123.43499999999999,2.3476,0.19778
119.105,2.3645,0.1973
114.77000000000001,2.3815,0.19682
110.435,2.3984,0.19633
106.105,2.4154,0.19585
101.775,2.4323,0.19536
97.44500000000001,2.4493,0.19488
93.11500000000001,2.4662,0.19439
88.785,2.4832,0.19391
84.455,2.5001,0.19343
80.125,2.5171,0.19294
75.795,2.534,0.19246
71.46,2.551,0.19197
67.125,2.5679,0.19149
62.795,2.5849,0.191
58.465,2.6018,0.19052
54.135000000000005,2.6188,0.19004
49.805,2.6357,0.18955
45.475,2.6526,0.18907
41.145,2.6696,0.18858
36.815,2.6865,0.1881
32.485,2.7035,0.18762
28.155,2.7204,0.18713
23.82,2.7374,0.18665
19.485,2.7544,0.18616
15.154999999999998,2.7713,0.18568
10.825,2.7883,0.18519
6.494999999999999,2.8052,0.18471
2.165,2.8222,0.18422
189.47,4.0855,0.54824
184.795,4.11,0.54334
180.12,4.1464,0.53524
175.44,4.1829,0.52712
170.76,4.2194,0.51901
166.08,4.2559,0.5109
161.39999999999998,4.1614,0.50014
156.725,4.0505,0.48905
152.05,3.9397,0.47797
147.37,3.8287,0.46687
142.69,3.8173,0.46434
138.01000000000002,3.9679,0.47575
133.33,4.1184,0.48715
128.655,4.2688,0.49855
123.97999999999999,4.4192,0.50994
119.29999999999998,4.4269,0.5192
114.62,4.4338,0.52846
109.94000000000001,4.4408,0.53771
105.25999999999999,4.4477,0.54696
100.58500000000001,4.4396,0.53512
95.91,4.4241,0.51295
91.23,4.4085,0.49075
86.54999999999998,4.393,0.46856
81.87,4.3754,0.44867
77.19000000000001,4.347,0.44056
72.515,4.3186,0.43246
67.84000000000002,4.2903,0.42436
63.16,4.2619,0.41625
58.480000000000004,4.263,0.41513
53.8,4.3628,0.43747
49.12,4.4627,0.45981
44.445,4.5624,0.48212
39.77,4.6622,0.50443
35.089999999999996,4.762,0.52677
30.41,4.8619,0.5491
25.730000000000004,4.9617,0.57144
21.05,5.0616,0.59377
16.375,5.1613,0.61609
11.700000000000001,5.2611,0.6384
7.0200000000000005,5.3609,0.66074
2.34,5.4608,0.68307
584.1350000000001,7.0612,1.2134
568.13,7.1316,1.2239
552.13,7.2019,1.2343
536.125,7.2723,1.2448
520.12,7.3427,1.2553
504.11499999999995,7.4131,1.2658
488.11,7.4835,1.2763
472.11,7.5538,1.2867
456.10499999999996,7.6242,1.2972
440.09999999999997,7.6946,1.3077
424.1,7.7094,1.3055
408.09499999999997,7.7085,1.2998
392.09,7.7077,1.2941
376.085,7.7069,1.2883
360.08,7.7061,1.2826
344.08,7.7053,1.2769
328.075,7.7044,1.2711
312.07,7.7036,1.2654
296.07,7.7028,1.2597
280.065,7.702,1.254
264.06,7.7012,1.2482
248.06,7.7004,1.2425
232.055,7.6828,1.2234
216.05,7.6525,1.194
200.045,7.6221,1.1647
184.04,7.5917,1.1353
168.04,7.5613,1.1059
152.03499999999997,7.5309,1.0766
136.02999999999997,7.5006,1.0472
120.03,7.4702,1.0178
104.025,7.4398,0.98846
88.01999999999998,7.4094,0.95909
72.015,7.4,0.95
56.01,7.4,0.95
40.01,7.4,0.95
24.005,7.4,0.95
8.0,7.4,0.95
698.095,4.0682,0.72024
681.665,4.0542,0.71536
665.24,4.0401,0.71048
648.8149999999999,4.0261,0.7056
632.39,4.0121,0.70072
615.965,3.998,0.69584
599.54,3.984,0.69096
583.115,3.97,0.68608
566.685,3.9559,0.6812
550.26,3.9419,0.67632
533.835,3.9279,0.67144
517.41,3.9139,0.66656
500.985,3.8998,0.66168
484.56,3.8858,0.6568
468.135,3.8718,0.65192
451.70500000000004,3.8577,0.64703
435.28,3.8437,0.64215
418.85499999999996,3.8297,0.63727
402.43,3.8156,0.63239
386.00500000000005,3.8016,0.62751
369.58000000000004,3.7876,0.62263
353.155,3.8069,0.61736
336.7250000000001,3.8653,0.61164
320.3,3.9237,0.60591
303.875,3.9821,0.60019
287.45,4.0405,0.59446
271.025,4.0989,0.58874
254.6,4.1573,0.58301
238.175,4.2157,0.57729
221.745,4.2741,0.57156
205.32,4.2823,0.56149
188.895,4.2718,0.54978
172.47,4.2613,0.53808
156.045,4.2507,0.52638
139.62,4.2402,0.51467
123.195,4.2297,0.50297
106.765,4.2191,0.49126
90.34,4.2086,0.47956
73.91499999999999,4.2,0.47
57.49,4.2,0.47
41.065,4.2,0.47
24.639999999999997,4.2,0.47
8.215,4.2,0.47
762.255,3.8922,1.1121
745.505,3.9764,1.1216
728.75,4.0607,1.1311
711.9949999999999,4.145,1.1406
695.245,4.2293,1.1501
678.49,4.3136,1.1597
661.735,4.3979,1.1692
644.985,4.4821,1.1787
628.235,4.5664,1.1882
611.48,4.6507,1.1977
594.7249999999999,4.735,1.2072
577.975,4.8193,1.2167
561.22,4.9035,1.2262
544.465,4.9878,1.2357
527.7149999999999,5.0721,1.2452
510.965,5.1564,1.2547
494.21,5.2406,1.2642
477.455,5.3249,1.2737
460.70500000000004,5.4092,1.2832
443.95,5.4935,1.2927
427.195,5.5778,1.3022
410.445,5.6621,1.3117
393.695,5.7463,1.3212
376.94,5.8306,1.3308
360.185,5.9149,1.3402
343.43500000000006,5.9992,1.3498
326.68,6.0835,1.3593
309.925,6.0092,1.3015
293.17499999999995,5.9217,1.2382
276.425,5.8341,1.1748
259.67,5.7465,1.1115
242.915,5.659,1.0481
226.165,5.5714,0.98471
209.41,5.4839,0.92134
192.655,5.3963,0.85796
175.905,5.3359,0.80758
159.155,5.36,0.79764
142.4,5.3842,0.7877
125.64500000000001,5.4083,0.77776
108.895,5.4325,0.76781
92.14,5.4566,0.75787
75.385,5.4808,0.74793
58.635,5.5049,0.73799
41.885,5.529,0.72805
25.13,5.5532,0.7181
8.375,5.5773,0.70816
81.32000000000001,2.5597,0.11246
79.675,2.5198,0.10748
78.03,2.48,0.1025
76.39,2.4452,0.097538
74.75,2.4154,0.092575
73.105,2.4547,0.10094
71.46,2.568,0.1236
69.82,2.4907,0.11381
68.18,2.3382,0.09122
66.53500000000001,2.38,0.1011
64.89,2.4241,0.10863
63.25,2.4411,0.10298
61.605,2.4524,0.1
59.96,2.4573,0.1
58.32,2.4627,0.10271
56.68,2.4686,0.10856
55.035000000000004,2.47,0.10146
53.39,2.47,0.090126
51.75000000000001,2.47,0.095584
50.105,2.4506,0.097413
48.46,2.3626,0.085678
46.82,2.3476,0.081453
45.18,2.4013,0.084277
43.535,2.4551,0.087109
41.88999999999999,2.5089,0.089942
40.25,2.4737,0.09
38.605000000000004,2.4365,0.09
36.96,2.3993,0.09
35.32000000000001,2.4112,0.085767
33.68,2.4394,0.08012
32.035000000000004,2.3826,0.085743
30.39,2.3454,0.088197
28.749999999999996,2.3651,0.081646
27.105,2.336,0.075754
25.46,2.2907,0.070089
23.82,2.3706,0.22544
22.18,2.4462,0.41376
20.534999999999997,2.5053,0.68318
18.889999999999997,2.431,0.64623
17.25,2.3182,0.5089
15.61,2.2227,0.37242
13.965,2.185,0.25976
12.32,2.1732,0.18317
10.68,2.1863,0.19628
9.035000000000002,2.0625,0.17548
7.390000000000001,1.881,0.136
5.75,1.6899,0.081409
4.11,1.6068,0.066074
2.4650000000000003,1.5521,0.061096
0.82,1.54,0.06
587.5200000000001,7.0935,2.6532
569.4399999999999,7.1721,2.6946
551.3600000000001,7.2508,2.7361
533.285,7.3294,2.7775
515.2099999999999,7.4081,2.819
497.13,7.5019,2.8016
479.04999999999995,7.5961,2.7828
460.975,7.6903,2.7639
442.90000000000003,7.7844,2.7451
424.82,7.8787,2.7263
406.74,7.9729,2.7074
388.665,8.067,2.6886
370.59,8.1612,2.6698
352.51,8.2554,2.6509
334.43,7.9292,2.4144
316.355,7.5816,2.1668
298.28,7.234,1.9192
280.2,6.8862,1.6715
262.12,6.5385,1.4238
244.04500000000002,6.1909,1.1762
225.97,6.2191,1.1299
207.89000000000001,6.3118,1.118
189.80999999999997,6.4045,1.1061
171.73499999999999,6.4972,1.0942
153.66000000000003,6.5385,1.0964
135.58,6.5516,1.1062
117.50000000000001,6.5647,1.116
99.425,6.5684,1.112
81.35000000000001,6.5657,1.0985
63.269999999999996,6.563,1.0851
45.19,6.5603,1.0716
27.115000000000002,6.56,1.07
9.04,6.56,1.07
570.795,8.1199,2.7254
553.23,8.0191,2.648
535.67,7.9184,2.5707
518.105,7.8177,2.4934
500.53999999999996,7.717,2.4161
482.97999999999996,7.6163,2.3388
465.42,7.5156,2.2615
447.855,7.4149,2.1841
430.29,7.3141,2.1068
412.72999999999996,7.2135,2.0295
395.16499999999996,7.1127,1.9522
377.59999999999997,7.012,1.8749
360.04,6.9113,1.7976
342.48,6.8106,1.7203
324.915,6.7099,1.6429
307.35,6.6092,1.5656
289.78999999999996,6.5085,1.4883
272.225,6.4077,1.411
254.66,6.307,1.3337
237.09999999999997,6.2063,1.2564
219.53499999999997,6.1056,1.179
201.96999999999997,6.0049,1.1017
184.41000000000003,5.9042,1.0244
166.85,5.8035,0.9471
149.285,5.7027,0.86978
131.72,5.6285,0.8285
114.16,5.5581,0.79246
96.595,5.4877,0.7564
79.03,5.4173,0.72035
61.470000000000006,5.347,0.6843
43.910000000000004,5.28,0.65
26.345,5.28,0.65
8.78,5.28,0.65
799.81,3.6723,-0.94051
780.6149999999999,3.9388,-0.7996
755.025,4.2941,-0.61174
729.4300000000001,4.6495,-0.42385
703.835,5.0049,-0.23596
678.24,5.3603,-0.048063
652.645,5.7157,0.13983
627.0550000000001,6.071,0.32769
601.46,6.4264,0.51558
575.865,6.7818,0.70347
550.27,7.1372,0.89137
524.675,7.4925,1.0793
499.085,7.8479,1.2671
473.48999999999995,8.2033,1.455
447.895,8.5586,1.6429
422.3,8.914,1.8308
396.705,9.2694,2.0187
371.11499999999995,9.6247,2.2066
345.52000000000004,9.9801,2.3944
319.925,10.335,2.5823
294.33,11.923,3.7626
268.735,13.563,4.9851
243.145,15.203,6.2073
217.54999999999998,15.741,6.6133
191.95499999999998,13.297,4.8092
166.36,10.854,3.0051
140.76500000000001,9.7946,2.1826
115.175,9.8759,2.169
89.58,9.9572,2.1555
63.985,10.039,2.1419
38.39,10.12,2.1284
12.795000000000002,10.201,2.1148
289.195,4.9848,0.51684
274.36499999999995,5.0646,0.54007
259.535,5.1445,0.56329
244.705,5.2244,0.58651
229.875,5.3043,0.60974
215.04000000000002,5.3842,0.63297
200.20499999999998,5.4641,0.6562
185.375,5.544,0.67942
170.54500000000002,5.6239,0.70264
155.715,5.7038,0.72587
140.885,5.7837,0.74909
126.055,5.8636,0.77231
111.225,5.6767,0.72718
96.39500000000001,5.3578,0.64822
81.565,5.039,0.56927
66.73499999999999,4.6479,0.48682
51.905,4.137,0.39857
37.074999999999996,3.6429,0.31421
22.245,3.2072,0.24343
7.415,2.94,0.2
499.76,6.085,0.55181
493.315,6.136,0.55973
486.865,6.1871,0.56765
480.415,6.2381,0.57557
473.965,6.2892,0.58349
467.515,6.3402,0.59141
461.065,6.3913,0.59933
454.62,6.4423,0.60725
448.175,6.4718,0.61555
441.725,6.4899,0.62407
435.275,6.508,0.63258
428.825,6.5261,0.6411
422.375,6.5442,0.64962
415.925,6.5623,0.65813
409.48,6.5804,0.66664
403.035,6.5984,0.67515
396.585,6.6166,0.68367
390.135,6.6346,0.68737
383.685,6.6525,0.67712
377.235,6.6705,0.66688
370.79,6.6884,0.65664
364.345,6.7063,0.6464
357.895,6.7242,0.63615
351.445,6.7422,0.6259
344.995,6.7601,0.61566
338.54499999999996,6.7587,0.60933
332.095,6.7334,0.60785
325.65,6.7082,0.60636
319.205,6.6829,0.60488
312.755,6.6577,0.60339
306.30500000000006,6.6324,0.60191
299.85499999999996,6.6071,0.60042
293.40500000000003,6.5564,0.58939
286.955,6.4957,0.57462
280.51,6.435,0.55986
274.065,6.3743,0.5451
267.61500000000007,6.3136,0.53033
261.16499999999996,6.2529,0.51556
254.71500000000003,6.2624,0.5154
248.26500000000001,6.3143,0.52405
241.82,6.3662,0.5327
235.375,6.4181,0.54135
228.92499999999998,6.4701,0.55001
222.475,6.522,0.55867
216.025,6.6307,0.56465
209.57500000000002,6.7498,0.57015
203.125,6.8689,0.57564
196.68,6.9879,0.58113
190.23499999999999,7.1069,0.58662
183.785,7.1539,0.58866
177.33499999999998,7.0864,0.5852
170.88500000000002,7.0189,0.58174
164.435,6.9514,0.57828
157.98499999999999,6.8839,0.57481
151.54000000000002,6.8164,0.57135
145.095,6.8453,0.57922
138.645,6.9362,0.59437
132.195,7.0271,0.60952
125.74499999999999,7.118,0.62466
119.29500000000002,7.2089,0.63981
112.845,7.2998,0.65496
106.39999999999999,7.3898,0.66997
99.95499999999998,7.3658,0.66495
93.50500000000001,7.3417,0.65994
87.05499999999999,7.3176,0.65492
80.605,7.2935,0.6499
74.155,7.2694,0.64488
67.71000000000001,7.2454,0.63987
61.265,7.2213,0.63486
54.815000000000005,7.1972,0.62984
48.364999999999995,7.1731,0.62482
41.915,7.15,0.62
35.464999999999996,7.15,0.62
29.015,7.15,0.62
22.57,7.15,0.62
16.125,7.15,0.62
9.674999999999999,7.15,0.62
3.225,7.15,0.62
241.82999999999998,1.9994,0.21948
239.445,2.0028,0.21412
237.06,2.0062,0.20876
234.68,2.0097,0.20341
232.3,2.013,0.19806
229.91500000000002,2.0165,0.1927
227.53,2.0199,0.18734
225.15,2.0233,0.18199
222.76999999999998,2.0267,0.17664
220.385,2.0301,0.17128
218.0,2.0335,0.16591
215.62,2.0369,0.16056
213.23999999999998,2.0403,0.15521
210.85500000000002,2.0437,0.14985
208.47,2.0471,0.14449
206.09,2.0522,0.14025
203.71,2.0661,0.14178
201.32500000000002,2.0799,0.14332
198.94,2.0938,0.14486
196.56,2.1076,0.1464
194.17999999999998,2.1214,0.14794
191.795,2.1353,0.14948
189.41,2.1492,0.15102
187.03,2.163,0.15255
184.65,2.1768,0.15409
182.26500000000001,2.1907,0.15563
179.88,2.2045,0.15717
177.5,2.2184,0.15871
175.12,2.2322,0.16024
172.735,2.246,0.16178
170.35,2.2599,0.16332
167.97,2.2737,0.16486
165.59,2.2876,0.1664
163.20499999999998,2.3014,0.16794
160.82,2.3153,0.16948
158.44,2.32,0.17
156.06,2.32,0.17
153.675,2.32,0.17
151.29000000000002,2.32,0.17
148.91,2.32,0.17
146.53,2.32,0.17
144.14499999999998,2.32,0.17
141.76,2.32,0.17
139.38,2.32,0.17
137.0,2.32,0.17
134.61499999999998,2.32,0.17
132.23000000000002,2.32,0.17
129.85,2.32,0.17
127.47,2.32,0.17
125.08500000000001,2.32,0.17
122.7,2.32,0.17
120.32000000000001,2.3212,0.17
117.935,2.325,0.17
115.55,2.3289,0.17
113.16999999999999,2.3327,0.17
110.79,2.3364,0.17
108.405,2.3403,0.17
106.02000000000001,2.3441,0.17
103.64000000000001,2.3479,0.17
101.26,2.3517,0.17
98.875,2.3554,0.17
96.49,2.3593,0.17
94.11,2.363,0.17
91.73,2.3668,0.17
89.34500000000001,2.3707,0.17
86.96000000000001,2.3745,0.17
84.58,2.3783,0.17
82.19999999999999,2.3825,0.1695
79.815,2.3872,0.16857
77.42999999999999,2.3918,0.16764
75.05000000000001,2.3964,0.16672
72.67,2.4011,0.16579
70.285,2.4057,0.16486
67.9,2.4103,0.16393
65.52,2.415,0.16301
63.14,2.4196,0.16208
60.755,2.4242,0.16115
58.370000000000005,2.4289,0.16023
55.989999999999995,2.4335,0.1593
53.61000000000001,2.4381,0.15837
51.225,2.4428,0.15745
48.839999999999996,2.4474,0.15652
46.46,2.452,0.15559
44.07999999999999,2.4567,0.15467
41.69499999999999,2.4613,0.15374
39.309999999999995,2.4659,0.15281
36.93000000000001,2.4706,0.15188
34.55,2.4752,0.15096
32.165,2.4798,0.15003
29.78,2.4845,0.1491
27.400000000000002,2.4891,0.14818
25.02,2.4937,0.14725
22.635,2.4984,0.14632
20.25,2.503,0.14539
17.87,2.5077,0.14447
15.49,2.5123,0.14354
13.105,2.5169,0.14261
10.72,2.5216,0.14169
8.34,2.5262,0.14076
498.215,10.49,1.9072
491.525,10.323,1.8435
484.84,10.156,1.7799
478.155,9.9889,1.7163
471.46500000000003,9.8218,1.6526
464.775,9.6547,1.5889
458.09,9.4877,1.5253
451.405,9.3207,1.4617
444.715,9.1535,1.398
438.03000000000003,8.9865,1.3344
431.34499999999997,8.8195,1.2708
424.65500000000003,8.6509,1.2071
417.96500000000003,8.4514,1.1434
411.28,8.2521,1.0797
404.595,8.0527,1.0161
397.90500000000003,7.8532,0.95237
391.215,7.6537,0.88867
384.53,7.4745,0.83156
377.84499999999997,7.5325,0.85147
371.15500000000003,7.5904,0.8714
364.46500000000003,7.6484,0.89132
357.78,7.7063,0.91123
351.09499999999997,7.7642,0.93114
344.405,7.8648,0.9537
337.715,7.9996,0.97839
331.03,8.1343,1.003
324.34499999999997,8.2691,1.0277
317.65500000000003,8.4039,1.0524
310.965,8.4251,1.0534
304.28,8.164,0.99561
297.59499999999997,7.9028,0.93781
290.905,7.6415,0.87996
284.215,7.3802,0.82211
277.53,7.2007,0.78237
270.845,7.2401,0.79112
264.15500000000003,7.2794,0.79988
257.465,7.3188,0.80863
250.78,7.3582,0.81738
244.095,7.4135,0.83003
237.40499999999997,7.4755,0.84435
230.715,7.5376,0.85868
224.03,7.5997,0.873
217.345,7.6086,0.86928
210.65499999999997,7.5665,0.84827
203.965,7.5245,0.82726
197.28,7.4825,0.80626
190.59500000000003,7.5504,0.8221
183.90499999999997,7.665,0.85362
177.215,7.7796,0.88514
170.53,7.8258,0.89957
163.84500000000003,7.6159,0.84999
157.155,7.4057,0.80038
150.465,7.1956,0.75077
143.78000000000003,7.2367,0.76967
137.09500000000003,7.3475,0.80758
130.405,7.4584,0.84551
123.715,7.6018,0.88098
117.03,7.8043,0.91191
110.345,8.0068,0.94284
103.655,8.2094,0.97379
96.96499999999999,8.032,0.92001
90.28,7.7596,0.84503
83.595,7.4872,0.77004
76.905,7.2145,0.695
70.215,7.1457,0.67762
63.53,7.1279,0.67465
56.845,7.1101,0.67168
50.155,7.0922,0.66871
43.465,7.0744,0.66573
36.78,7.0566,0.66276
30.094999999999995,7.04,0.66
23.405,7.04,0.66
16.715,7.04,0.66
10.030000000000001,7.04,0.66
3.3449999999999998,7.04,0.66
115.445,6.5781,0.07
113.655,6.5212,0.07
111.865,6.4642,0.07
110.075,6.4073,0.07
108.285,6.3504,0.07
106.495,6.2934,0.07
104.705,6.2365,0.07
102.915,6.1796,0.07
101.12499999999999,6.1227,0.07
99.33500000000001,6.0658,0.07
97.54499999999999,6.0025,0.068174
95.75500000000001,5.9369,0.065649
93.96499999999999,5.8713,0.063125
92.17500000000001,5.8056,0.060601
90.38499999999999,5.75,0.06
88.59500000000001,5.6975,0.06
86.80499999999999,5.645,0.06
85.015,5.5986,0.06
83.225,5.5545,0.06
81.435,5.5114,0.06
79.645,5.4712,0.06
77.855,5.4311,0.06
76.065,5.3665,0.06
74.275,5.2744,0.06
72.49,5.1826,0.06
70.70499999999998,5.1284,0.055704
68.915,5.0752,0.05127
67.12499999999999,4.9904,0.046836
65.33500000000001,4.8928,0.042401
63.54499999999999,4.8158,0.042687
61.754999999999995,4.7631,0.048547
59.964999999999996,4.6777,0.045745
58.175,4.5815,0.040087
56.385,4.4741,0.045571
54.595,4.3662,0.048515
52.805,4.2569,0.041679
51.015,4.1458,0.035048
49.225,4.0509,0.03
47.434999999999995,4.0115,0.03
45.644999999999996,3.9594,0.035801
43.855,3.902,0.035995
42.065,3.8618,0.03
40.275,3.8683,0.03
38.485,3.8467,0.03
36.695,3.8147,0.03
34.905,3.7778,0.032024
33.115,3.7294,0.039783
31.325,3.7059,0.031969
29.535,3.6509,0.03
27.744999999999997,3.5798,0.03
25.955,3.4897,0.029958
24.165,3.4429,0.022145
22.375,3.4157,0.02
20.585,3.4017,0.021655
18.794999999999998,3.4099,0.029859
17.005,3.3536,0.021937
15.215,3.2899,0.02
13.424999999999999,3.2353,0.021577
11.635,3.2156,0.02814
9.844999999999999,3.2038,0.06094
8.055,3.1952,0.10412
6.265,3.1865,0.1473
4.475,3.18,0.18
2.685,3.18,0.18
0.895,3.18,0.18
659.9150000000001,6.202,0.66205
655.03,6.1966,0.65665
646.895,6.1877,0.64766
638.76,6.1787,0.63866
630.62,6.1697,0.62967
622.4849999999999,6.1607,0.62067
614.3499999999999,6.1517,0.61168
606.21,6.1427,0.60268
598.075,6.1337,0.59369
589.94,6.1247,0.58469
581.8,6.1157,0.57569
573.6600000000001,6.1067,0.56669
565.5250000000001,6.0977,0.5577
557.3900000000001,6.0887,0.54871
549.25,6.0797,0.53971
541.115,6.0707,0.53071
532.98,6.0617,0.52172
524.8399999999999,6.0527,0.51272
516.6999999999999,6.0437,0.50372
508.56499999999994,6.0347,0.49473
500.42999999999995,6.0257,0.48573
492.29,6.0167,0.47673
484.15500000000003,6.0077,0.46774
476.02,5.9988,0.45875
467.87999999999994,5.9897,0.44975
459.74499999999995,5.9808,0.44075
451.60999999999996,5.9718,0.43176
443.47,5.9628,0.42276
435.33,5.9538,0.41376
427.195,5.9448,0.40477
419.06,5.9619,0.40425
410.92,6.0087,0.4133
402.785,6.0554,0.42234
394.65,6.1021,0.43138
386.51000000000005,6.1489,0.44043
378.37,6.1956,0.44948
370.23499999999996,6.2424,0.45852
362.09999999999997,6.3437,0.47458
353.96,6.4558,0.49202
345.825,6.5678,0.50944
337.69000000000005,6.6798,0.52686
329.55,6.7608,0.53793
321.415,6.8349,0.54759
313.28000000000003,6.909,0.55726
305.14,6.7965,0.55477
297.00000000000006,6.6102,0.54746
288.86500000000007,6.424,0.54016
280.73,6.5928,0.54402
272.59,6.7695,0.54813
264.455,7.0235,0.59207
256.32,7.3424,0.66938
248.17999999999998,7.307,0.66576
240.04,6.8796,0.57261
231.905,6.8331,0.56208
223.77,6.9917,0.59607
215.63,6.7919,0.56085
207.49499999999998,6.633,0.53864
199.35999999999999,6.6758,0.56721
191.22,6.6395,0.54977
183.085,7.0276,0.60485
174.95,7.2217,0.6294
166.81,6.5833,0.52459
158.67,6.5598,0.55058
150.53499999999997,7.0627,0.606
142.4,6.8773,0.59599
134.26,7.2841,0.64305
126.12499999999999,6.8488,0.60756
117.99,6.906,0.55701
109.85000000000001,6.6884,0.52893
101.71,6.8793,0.58655
93.575,6.3795,0.52977
85.44,6.1751,0.4648
77.30000000000001,6.3,0.50195
69.165,6.1609,0.44197
61.03,5.91,0.44417
52.89,5.7008,0.4019
44.755,5.4954,0.34371
36.62,5.9583,0.44698
28.48,5.054,0.31781
20.34,4.6779,0.26564
12.205,3.6527,0.15747
4.069999999999999,3.14,0.13
78.795,5.9637,0.74027
75.705,5.5652,0.64652
72.615,5.1668,0.55277
69.525,4.9102,0.50675
66.43499999999999,4.699,0.47604
63.345,4.5323,0.45129
60.255,4.6131,0.4598
57.165,4.6939,0.4683
54.074999999999996,4.5516,0.4376
50.985,4.3537,0.39713
47.895,4.1846,0.36932
44.805,4.0365,0.35081
41.715,3.925,0.3323
38.625,3.8648,0.31378
35.535,3.7823,0.29874
32.445,3.6347,0.29383
29.355,3.485,0.28417
26.265,3.3277,0.25794
23.175,3.167,0.23337
20.084999999999997,2.9991,0.21239
16.995,2.8556,0.2
13.905000000000001,2.747,0.2
10.815,2.549,0.1817
7.7250000000000005,2.2827,0.14942
4.635,2.04,0.12
1.545,2.04,0.12
762.58,5.657,0.69923
747.79,5.7698,0.72823
731.355,5.8951,0.76046
714.92,6.0205,0.7927
698.485,6.1458,0.82493
682.0500000000001,6.2712,0.85716
665.6150000000001,6.3965,0.88939
649.18,6.5219,0.92163
632.745,6.6472,0.95386
616.3100000000001,6.7726,0.98609
599.8749999999999,6.8979,1.0183
583.4399999999999,7.0233,1.0506
567.005,7.1486,1.0828
550.57,7.274,1.115
534.135,7.3993,1.1473
517.7,7.3514,1.1416
501.2650000000001,7.2873,1.1325
484.83,7.2233,1.1233
468.395,7.1592,1.1142
451.96000000000004,7.2446,1.1382
435.52500000000003,7.455,1.1901
419.09000000000003,7.6655,1.242
402.655,7.7609,1.2523
386.22,7.539,1.148
369.785,7.3171,1.0438
353.35,7.207,0.99186
336.91499999999996,7.368,1.0667
320.47999999999996,7.529,1.1416
304.045,7.409,1.1097
287.61,7.1175,1.0125
271.17500000000007,6.969,0.95149
254.74,7.2408,0.9968
238.30499999999998,7.5126,1.0421
221.87,7.1843,0.95932
205.435,6.7293,0.84949
189.0,6.452,0.78393
172.565,6.6403,0.83436
156.13,6.8285,0.88479
139.69500000000002,6.9669,0.92289
123.26,6.9899,0.93247
106.825,7.0129,0.94205
90.39,7.0359,0.95163
73.95500000000001,7.0589,0.9612
57.52,7.0819,0.97078
41.084999999999994,7.1049,0.98036
24.650000000000002,7.1278,0.98994
8.215,7.1508,0.99952
791.09,8.768,2.1183
771.555,8.6135,2.0371
752.025,8.4591,1.956
732.4900000000001,8.3046,1.8748
712.955,8.1502,1.7936
693.425,7.9957,1.7125
673.895,7.8413,1.6314
654.36,7.6868,1.5502
634.8249999999999,7.5324,1.469
615.295,7.3992,1.4032
595.7600000000001,7.3226,1.3781
576.225,7.2461,1.353
556.6949999999999,7.1696,1.328
537.1600000000001,7.0931,1.3029
517.625,7.0165,1.2778
498.09499999999997,6.94,1.2528
478.56,6.8635,1.2277
459.02500000000003,6.9562,1.2423
439.49499999999995,7.1238,1.2745
419.96500000000003,7.2913,1.3067
400.43,7.459,1.3388
380.895,7.6266,1.371
361.36500000000007,7.7942,1.4032
341.83000000000004,7.9618,1.4354
322.295,8.0663,1.45
302.76499999999993,7.9654,1.4073
283.22999999999996,7.8645,1.3646
263.695,7.7636,1.3219
244.165,7.6627,1.2792
224.63,7.5618,1.2365
205.095,7.4609,1.1938
185.565,7.36,1.1512
166.03,7.2591,1.1085
146.49499999999998,7.1582,1.0658
126.96499999999999,7.0573,1.0231
107.435,7.05,1.02
87.9,7.05,1.02
68.36500000000001,7.05,1.02
48.835,7.05,1.02
29.3,7.05,1.02
9.764999999999999,7.05,1.02
313.28999999999996,1.9406,0.20946
311.3,1.967,0.21371
308.45500000000004,2.0047,0.21979
305.61000000000007,2.0424,0.22588
302.77,2.0801,0.23195
299.925,2.1178,0.23803
297.08,2.1555,0.24411
294.24,2.1932,0.25018
291.4,2.2308,0.25626
288.555,2.2685,0.26234
285.71000000000004,2.3062,0.26842
282.86999999999995,2.3439,0.27449
280.025,2.3816,0.28058
277.18,2.4193,0.28666
274.34000000000003,2.4407,0.28793
271.49999999999994,2.4422,0.28334
268.655,2.4438,0.27873
265.81,2.4453,0.27413
262.97,2.4468,0.26953
260.125,2.4484,0.26493
257.28,2.4499,0.26032
254.44,2.4623,0.26
251.60000000000005,2.4756,0.26
248.755,2.4888,0.26
245.91000000000003,2.5021,0.26
243.07000000000002,2.5154,0.26
240.22500000000002,2.5286,0.26
237.38,2.539,0.26
234.54,2.5491,0.26
231.695,2.5591,0.26
228.85,2.5692,0.26
226.01,2.5792,0.26
223.17000000000002,2.5892,0.26
220.325,2.5993,0.25845
217.48000000000002,2.6094,0.25678
214.64,2.6194,0.2551
211.79500000000002,2.6294,0.25343
208.95,2.6395,0.25175
206.11,2.6495,0.25008
203.27,2.6683,0.25166
200.425,2.6875,0.25341
197.58,2.7067,0.25516
194.74,2.7259,0.2569
191.89499999999998,2.7451,0.25865
189.04999999999998,2.7721,0.26216
186.20999999999998,2.8255,0.27169
183.37,2.8788,0.28122
180.52499999999998,2.9323,0.29077
177.68,2.9858,0.30031
174.84,3.0391,0.30985
171.995,2.9648,0.29309
169.15,2.8884,0.2759
166.31,2.8122,0.25875
163.47,2.7359,0.24159
160.62500000000003,2.6596,0.2244
157.78,2.6355,0.22447
154.94,2.6295,0.23047
152.09499999999997,2.6235,0.23648
149.25,2.6175,0.24248
146.41,2.6115,0.24848
143.57,2.7089,0.25471
140.725,2.8415,0.26103
137.88,2.9742,0.26734
135.04,3.1066,0.27365
132.195,3.2392,0.27996
129.35,3.2233,0.27791
126.51,3.2064,0.27581
123.66499999999999,3.1896,0.2737
120.82000000000001,3.1728,0.27159
117.98,3.1541,0.26786
115.13999999999999,3.1297,0.259
112.295,3.1053,0.25012
109.44999999999999,3.0809,0.24124
106.61000000000001,3.0566,0.23238
103.765,3.0484,0.23162
100.92000000000002,3.0462,0.23384
98.08,3.0439,0.23606
95.24,3.0417,0.23827
92.39500000000001,3.039,0.24
89.55,3.0346,0.24
86.71000000000001,3.0301,0.24
83.865,3.0257,0.24
81.02000000000001,3.0213,0.24
78.17999999999999,3.0358,0.24158
75.33999999999999,3.058,0.2438
72.495,3.0802,0.24602
69.64999999999999,3.1024,0.24824
66.81,3.1264,0.25
63.964999999999996,3.158,0.25
61.12,3.1896,0.25
58.28,3.2211,0.25
55.440000000000005,3.2526,0.25
52.595000000000006,3.27,0.25
49.75,3.27,0.25
46.910000000000004,3.27,0.25
44.065,3.27,0.25
41.22,3.27,0.25
38.379999999999995,3.27,0.25
35.535,3.2359,0.24295
32.69,3.2006,0.23565
29.85,3.1654,0.22836
27.009999999999998,3.1302,0.22107
24.165,3.0949,0.21377
21.32,3.0596,0.20648
18.48,3.0244,0.19919
15.635,2.9891,0.19189
12.79,2.98,0.19
9.950000000000001,2.98,0.19
7.11,2.98,0.19
4.265,2.98,0.19
1.42,2.98,0.19
329.9,2.8813,1.1527
321.49499999999995,2.9521,1.1425
311.605,3.0355,1.1306
301.71000000000004,3.1189,1.1187
291.81500000000005,3.2024,1.1068
281.92499999999995,3.2857,1.0949
272.035,3.3691,1.083
262.14,3.3223,1.0123
252.245,3.232,0.92196
242.355,3.1417,0.83167
232.465,3.0514,0.74138
222.575,2.974,0.67027
212.67999999999998,2.9136,0.62448
202.785,2.8533,0.57868
192.89499999999998,2.7929,0.53291
183.005,2.7326,0.48713
173.11499999999998,2.7516,0.47
163.21999999999997,2.8181,0.47
153.325,2.8846,0.47
143.435,2.9511,0.47
133.545,3.0176,0.47
123.65499999999999,3.0833,0.46864
113.76,3.1463,0.46221
103.865,3.2093,0.45579
93.97500000000001,3.2722,0.44937
84.085,3.3351,0.44295
74.19000000000001,3.3981,0.43653
64.29499999999999,3.461,0.4301
54.404999999999994,3.5239,0.42368
44.515,3.5869,0.41726
34.625,3.6498,0.41084
24.73,3.7127,0.40442
14.834999999999999,3.7757,0.39799
4.944999999999999,3.8386,0.39157
177.915,3.9802,0.077856
174.72,3.9883,0.085367
170.96,3.9979,0.094206
167.20000000000002,4.0075,0.10305
163.445,4.017,0.11187
159.69,4.0266,0.1207
155.93,4.0362,0.12954
152.17,4.0457,0.13838
148.41500000000002,4.0553,0.14721
144.66000000000003,4.0649,0.15603
140.9,4.0744,0.16487
137.14,4.084,0.17371
133.38499999999996,4.0936,0.18254
129.63,4.1031,0.19137
125.87,4.1127,0.2002
122.115,4.1223,0.20903
118.36,4.1319,0.21786
114.60000000000001,4.1414,0.2267
110.83999999999999,4.151,0.23554
107.085,4.1606,0.24436
103.33,4.1701,0.25319
99.57,4.1797,0.26203
95.81,4.1893,0.27087
92.05499999999999,4.1988,0.2797
88.29999999999998,4.2084,0.28852
84.54,4.2376,0.29126
80.77999999999999,4.2708,0.29276
77.02499999999999,4.3039,0.29427
73.27,4.337,0.29577
69.50999999999999,4.3701,0.29728
65.75,4.4033,0.29879
61.995,4.43,0.29867
58.24,4.43,0.29176
54.480000000000004,4.43,0.28484
50.725,4.43,0.27794
46.97,4.43,0.27103
43.21,4.43,0.26411
39.449999999999996,4.4015,0.25941
35.69500000000001,4.3312,0.25794
31.940000000000005,4.2608,0.25648
28.18,4.1905,0.25501
24.42,4.1201,0.25354
20.665000000000003,4.0498,0.25208
16.91,3.9794,0.25061
13.15,3.95,0.25
9.39,3.95,0.25
5.635000000000001,3.95,0.25
1.88,3.95,0.25
323.58,6.3154,0.92805
309.20000000000005,6.3626,0.90256
294.82,6.4098,0.87707
280.44,6.4571,0.85159
266.05999999999995,6.5023,0.84799
251.68,6.5474,0.84584
237.29500000000002,6.5925,0.84369
222.91,6.6376,0.84154
208.53,6.6827,0.8394
194.14999999999998,6.7278,0.83725
179.76999999999998,6.7728,0.8351
165.39000000000001,6.8179,0.83296
151.01000000000002,6.863,0.83081
136.625,6.9081,0.82866
122.23999999999998,6.9532,0.82651
107.86,6.9983,0.82437
93.48,7.0434,0.82222
79.10000000000001,7.0885,0.82007
64.72,7.1336,0.81792
50.335,7.1787,0.81578
35.949999999999996,7.2238,0.81363
21.57,7.2689,0.81148
7.19,7.314,0.80933
675.2249999999999,10.559,2.7151
653.7900000000001,10.394,2.6361
632.355,10.229,2.5571
610.92,10.064,2.4781
589.48,9.8987,2.3991
568.0450000000001,9.7337,2.3201
546.61,9.5686,2.2411
525.175,9.4036,2.1622
503.74000000000007,9.2386,2.0831
482.305,9.0735,2.0042
460.87,8.9085,1.9252
439.43,8.7434,1.8462
417.995,8.5784,1.7672
396.56,8.4133,1.6882
375.12500000000006,8.2483,1.6092
353.69,8.0832,1.5302
332.255,7.9182,1.4512
310.82,7.7532,1.3722
289.38,7.5881,1.2932
267.945,7.423,1.2142
246.51000000000002,7.258,1.1352
225.075,7.093,1.0562
203.64,7.0165,1.0365
182.205,6.9475,1.0219
160.77,6.8786,1.0073
139.33,6.8096,0.99265
117.895,6.7577,0.97745
96.46,6.8145,0.95851
75.025,6.8713,0.93957
53.589999999999996,6.9281,0.92063
32.155,6.9849,0.90169
10.72,7.0418,0.88275
508.46999999999997,5.6126,0.57466
502.55499999999995,5.7434,0.59335
495.985,5.8887,0.61411
489.415,6.0341,0.63487
482.84499999999997,6.1794,0.65563
476.275,6.3247,0.67639
469.70500000000004,6.47,0.69715
463.14,6.6152,0.71789
456.575,6.7604,0.73863
450.005,6.9058,0.75939
443.435,7.0511,0.78015
436.865,7.1964,0.80091
430.29499999999996,7.3417,0.82167
423.725,7.487,0.84243
417.155,7.6323,0.86319
410.585,7.7777,0.88395
404.015,7.923,0.90471
397.445,8.0311,0.91807
390.875,8.1265,0.92889
384.305,8.2219,0.93971
377.73500000000007,8.3174,0.95053
371.16499999999996,8.4128,0.96135
364.595,8.5082,0.97217
358.03000000000003,8.6035,0.98298
351.46500000000003,8.6989,0.99379
344.895,8.7943,1.0046
338.325,8.8897,1.0154
331.755,8.9239,1.0223
325.185,8.9134,1.0262
318.615,8.9029,1.0302
312.045,8.8924,1.0341
305.475,8.8819,1.038
298.905,8.8714,1.042
292.33500000000004,8.8608,1.0459
285.765,8.8503,1.0499
279.195,8.752,1.0163
272.625,8.6507,0.9814
266.05500000000006,8.5495,0.94656
259.49,8.4484,0.91174
252.925,8.3472,0.87692
246.355,8.246,0.84207
239.785,8.137,0.81977
233.215,8.0275,0.79825
226.64499999999998,7.918,0.77674
220.07500000000002,7.8084,0.75523
213.505,7.6989,0.73372
206.93499999999997,7.6407,0.72642
200.365,7.5931,0.7221
193.795,7.5456,0.71778
187.225,7.498,0.71345
180.655,7.4801,0.71309
174.08499999999998,7.5802,0.72849
167.515,7.6803,0.74389
160.945,7.7804,0.75929
154.38000000000002,7.8951,0.78056
147.815,8.0435,0.81529
141.245,8.192,0.85004
134.67499999999998,8.3118,0.87518
128.105,8.2524,0.84023
121.53500000000001,8.193,0.80528
114.965,8.1531,0.77897
108.395,8.1643,0.77523
101.825,8.1755,0.7715
95.25500000000001,8.063,0.74426
88.685,7.8674,0.70124
82.115,7.6627,0.65755
75.545,7.2457,0.59858
68.97500000000001,6.8287,0.53961
62.405,6.7523,0.52498
55.834999999999994,6.8456,0.53245
49.27,6.9389,0.53991
42.705,7.0518,0.56192
36.135,7.165,0.58412
29.565,7.2782,0.60632
22.995,7.3914,0.62852
16.424999999999997,7.5047,0.65072
9.855,7.6179,0.67292
3.285,7.7311,0.69512
863.675,9.5299,2.0449
850.87,9.4546,2.0122
835.81,9.366,1.9737
820.7500000000001,9.2774,1.9352
805.69,9.1888,1.8967
790.63,9.1002,1.8582
775.575,9.0116,1.8198
760.5200000000001,8.923,1.7813
745.46,8.8344,1.7428
730.4,8.7458,1.7044
715.34,8.6572,1.6659
700.28,8.5686,1.6274
685.2199999999999,8.48,1.5889
670.1600000000001,8.3914,1.5504
655.1,8.3028,1.5119
640.04,8.2142,1.4735
624.9800000000001,8.1256,1.435
609.9200000000001,8.037,1.3965
594.8599999999999,7.9484,1.358
579.8,7.8758,1.3239
564.74,7.8074,1.291
549.68,7.739,1.258
534.62,7.6706,1.2251
519.5600000000001,7.6022,1.1922
504.49999999999994,7.5338,1.1593
489.44,7.4654,1.1263
474.38,7.397,1.0934
459.32,7.4699,1.1153
444.26,7.5589,1.1435
429.20000000000005,7.6479,1.1717
414.14,7.7369,1.1999
399.08,7.8259,1.228
384.02000000000004,7.9149,1.2562
368.96,7.9704,1.2738
353.9,7.8452,1.2344
338.84000000000003,7.72,1.1949
323.78,7.5948,1.1555
308.71999999999997,7.4696,1.116
293.66,7.3443,1.0766
278.59999999999997,7.2491,1.0468
263.545,7.2158,1.037
248.49,7.1825,1.0272
233.43,7.1492,1.0174
218.37,7.1158,1.0076
203.31,7.1115,1.0
188.25,7.2074,1.0
173.19,7.3033,1.0
158.13,7.3992,1.0
143.07,7.4951,1.0
128.01000000000002,7.5515,1.0
112.94999999999999,7.555,1.0
97.89,7.5586,1.0
82.83,7.5621,1.0
67.77,7.5657,1.0
52.71,7.5692,1.0
37.650000000000006,7.5728,1.0
22.59,7.5763,1.0
7.53,7.5798,1.0
799.8499999999999,9.1073,3.0495
779.6050000000001,9.1276,2.959
759.355,9.1481,2.8684
739.1049999999999,9.1685,2.7778
718.855,9.1889,2.6873
698.6049999999999,9.2093,2.5967
678.355,9.2297,2.5061
658.1049999999999,9.2501,2.4155
637.855,9.2705,2.325
617.6049999999999,9.2909,2.2344
597.3550000000001,9.3113,2.1438
577.105,9.3317,2.0533
556.8550000000001,9.3521,1.9627
536.605,9.3725,1.8721
516.3549999999999,9.3929,1.7816
496.105,9.4524,1.762
475.86,9.5327,1.7804
455.615,9.6131,1.7988
435.365,9.6935,1.8173
415.115,9.7738,1.8357
394.865,9.8542,1.8541
374.615,9.9346,1.8725
354.365,10.015,1.8909
334.115,10.095,1.9094
313.865,10.176,1.9278
293.615,10.256,1.9462
273.36499999999995,10.337,1.9646
253.11499999999998,10.338,1.9377
232.86499999999998,10.306,1.8919
212.615,10.274,1.8462
192.365,10.243,1.8005
172.115,10.211,1.7548
151.87,10.179,1.7091
131.625,10.148,1.6634
111.375,10.116,1.6177
91.12500000000001,10.09,1.58
70.875,10.09,1.58
50.625,10.09,1.58
30.375,10.09,1.58
10.125,10.09,1.58
215.35999999999999,3.8116,1.2463
208.51999999999998,3.8344,1.2324
201.685,3.8191,1.1842
194.85,3.8038,1.1359
188.01000000000002,3.7885,1.0876
181.175,3.7732,1.0394
174.34,3.7579,0.99115
167.49999999999997,3.7425,0.94287
160.665,3.7272,0.89462
153.82999999999998,3.7119,0.84637
146.99,3.6966,0.79809
140.155,3.6813,0.74984
133.32,3.666,0.70159
126.47999999999998,3.6507,0.65331
119.645,3.6354,0.60506
112.80999999999999,3.62,0.55682
105.97000000000001,3.6047,0.50853
99.135,3.5894,0.46029
92.3,3.5741,0.41204
85.46000000000001,3.5588,0.36376
78.61999999999999,3.5435,0.31548
71.785,3.5282,0.26723
64.95,3.5129,0.21898
58.11,3.51,0.21
51.275,3.51,0.21
44.44,3.51,0.21
37.6,3.51,0.21
30.765,3.51,0.21
23.93,3.51,0.21
17.09,3.51,0.21
10.255,3.51,0.21
3.42,3.51,0.21
392.79999999999995,9.2047,0.92695
387.6,8.8706,0.95626
382.40000000000003,8.5365,0.98557
377.195,8.2021,1.0149
371.99,7.8677,1.0442
366.79,7.5336,1.0735
361.59,7.5589,1.0887
356.38499999999993,7.6858,1.0999
351.18,7.8203,1.1149
345.98,8.0217,1.1634
340.77500000000003,8.2233,1.2119
335.57000000000005,8.0502,1.1692
330.37,7.3624,1.0012
325.17,6.6747,0.83314
319.965,7.1602,0.95842
314.76,7.8329,1.1305
309.56,8.2909,1.2307
304.35999999999996,8.2611,1.1673
299.155,8.2312,1.1038
293.95,8.1447,1.0823
288.75,8.0243,1.0859
283.54999999999995,7.904,1.0896
278.34499999999997,8.1805,1.1937
273.14,8.509,1.3111
267.94,8.6084,1.3325
262.735,8.2357,1.1562
257.53,7.8631,0.97987
252.33,8.0434,1.0506
247.13000000000002,8.3364,1.1717
241.925,8.499,1.2324
236.72,8.3112,1.1306
231.52,8.1236,1.0291
226.32000000000002,7.7045,0.94141
221.115,7.1921,0.85927
215.91,6.7612,0.78571
210.71,6.769,0.75836
205.505,6.7769,0.73098
200.29999999999998,6.9862,0.78559
195.1,7.33,0.895
189.9,7.6616,1.0
184.695,7.7007,1.0
179.48999999999998,7.7398,1.0
174.29,7.7672,0.98198
169.09000000000003,7.7821,0.94468
163.885,7.7971,0.90735
158.67999999999998,7.5991,0.86701
153.48000000000002,7.3492,0.82599
148.28,7.1997,0.81109
143.07500000000002,7.7672,0.98283
137.87,8.3347,1.1546
132.67000000000002,8.4656,1.1896
127.46499999999999,8.0496,1.0533
122.26,7.6337,0.91694
117.06,7.4619,0.86195
111.86,7.4653,0.8653
106.655,7.4687,0.86865
101.45,7.5481,0.87401
96.25,7.6787,0.88071
91.05,7.8094,0.8874
85.845,7.7996,0.89403
80.63999999999999,7.701,0.9006
75.44000000000001,7.6026,0.90716
70.23499999999999,7.5109,0.88216
65.03,7.4244,0.83317
59.83,7.338,0.78422
54.629999999999995,7.2758,0.74369
49.425,7.4401,0.78197
44.22,7.6044,0.82025
39.019999999999996,7.7685,0.85849
33.82,7.9326,0.89673
28.615000000000002,8.0969,0.935
23.41,8.2612,0.97328
18.21,8.4253,1.0115
13.010000000000002,8.5894,1.0498
7.805000000000001,8.7537,1.088
2.6,8.9179,1.1263
999.225,9.875,10.015
981.8599999999999,9.8072,9.7032
964.48,9.7394,9.3911
947.1050000000001,9.6716,9.0792
929.7299999999999,9.6037,8.7673
912.35,9.5359,8.4552
894.97,9.4681,8.1432
877.59,9.4002,7.8311
860.2149999999999,9.3324,7.5192
842.84,9.2646,7.2072
825.4599999999999,9.1968,6.8952
808.08,9.1289,6.5832
790.6999999999999,9.0611,6.2711
773.325,8.9933,5.9592
755.95,8.9255,5.6472
738.5699999999999,8.8576,5.3352
721.19,8.7898,5.0232
703.8100000000001,8.722,4.7111
686.43,8.6541,4.3991
669.055,8.5863,4.0871
651.6800000000001,8.5185,3.7752
634.3,8.4507,3.4631
616.9200000000001,8.3828,3.1511
599.54,8.315,2.8391
582.1650000000001,8.2472,2.5271
564.79,8.1794,2.2152
547.41,8.1115,1.9031
530.03,8.0437,1.5911
512.6500000000001,7.9824,1.3817
495.27500000000003,7.9328,1.3582
477.9,7.8832,1.3348
460.52000000000004,7.8337,1.3113
443.14,7.7841,1.2879
425.76000000000005,7.7345,1.2644
408.385,7.6849,1.241
391.01,7.6354,1.2175
373.63,7.5858,1.1941
356.24999999999994,7.5362,1.1706
338.87,7.4867,1.1472
321.49499999999995,7.4371,1.1238
304.12,7.3875,1.1003
286.74,7.338,1.0769
269.36000000000007,7.2884,1.0534
251.98,7.3284,1.0546
234.6,7.4881,1.0888
217.225,7.6479,1.1229
199.85,7.8076,1.1571
182.47,7.9674,1.1913
165.09,8.1272,1.2254
147.71,8.287,1.2596
130.335,8.4467,1.2938
112.96000000000001,8.6065,1.3279
95.58,8.7663,1.3621
78.19999999999999,8.9261,1.3963
60.82,9.0858,1.4304
43.445,9.2456,1.4646
26.07,9.4053,1.4988
8.69,9.5651,1.5329
805.6399999999999,5.9945,1.833
792.5400000000001,5.9211,1.7485
779.4399999999999,5.8477,1.664
766.34,5.7743,1.5795
753.2399999999999,5.7009,1.495
740.14,5.6275,1.4105
727.04,5.5541,1.326
713.94,5.4808,1.2415
700.8399999999999,5.4074,1.157
687.74,5.334,1.0725
674.6399999999999,5.2606,0.98796
661.54,5.1872,0.90345
648.4399999999999,5.1138,0.81894
635.34,5.0901,0.78434
622.2399999999999,5.1089,0.79239
609.14,5.1277,0.80044
596.0399999999998,5.1465,0.80849
582.94,5.1653,0.81654
569.8399999999999,5.184,0.82459
556.74,5.2028,0.83264
543.6399999999999,5.2216,0.84069
530.54,5.2404,0.84874
517.4399999999999,5.2592,0.85678
504.34000000000003,5.2779,0.86483
491.24,5.321,0.8705
478.14,5.4074,0.87189
465.04,5.4939,0.87329
451.94,5.5804,0.87468
438.84000000000003,5.6668,0.87608
425.74,5.7533,0.87747
412.64,5.8398,0.87887
399.54,5.9251,0.87774
386.44,6.0053,0.8657
373.34000000000003,6.0856,0.85366
360.24,6.1659,0.84162
347.14,6.2462,0.82957
334.04,6.2814,0.81234
320.94,6.1418,0.77493
307.84,6.0021,0.73753
294.74,5.8625,0.70013
281.64500000000004,5.736,0.66489
268.55,5.6636,0.63857
255.45000000000002,5.5912,0.61224
242.35000000000002,5.6029,0.59561
229.25,6.0725,0.63173
216.15,6.5421,0.66786
203.05,6.304,0.67659
189.95000000000002,5.7074,0.67144
176.85,5.8762,0.75523
163.75,6.2605,0.83024
150.65,6.3132,0.7315
137.55,6.0218,0.72802
124.45,5.6344,0.63122
111.35000000000001,5.4883,0.49101
98.25,5.8409,0.69476
85.15,5.2087,0.47365
72.05,6.051,0.64394
58.95,5.0634,0.42078
45.85,4.9154,0.51065
32.75,4.6811,0.35578
19.650000000000002,3.9222,0.2402
6.550000000000001,3.59,0.21
617.41,5.6281,0.36737
608.245,5.6593,0.37706
591.58,5.716,0.39469
574.9150000000001,5.7727,0.41232
558.2499999999999,5.8294,0.42994
541.585,5.8861,0.44757
524.9200000000001,5.9428,0.46519
508.25999999999993,5.9995,0.48281
491.595,6.0562,0.50044
474.93,6.1129,0.51806
458.26500000000004,6.1696,0.53569
441.59999999999997,6.2263,0.55332
424.935,6.283,0.57094
408.27000000000004,6.3397,0.58857
391.61,6.3964,0.60619
374.945,6.4531,0.62381
358.28,6.5099,0.64144
341.615,6.5666,0.65907
324.95,6.6233,0.67669
308.29,6.68,0.69431
291.625,6.7367,0.71194
274.96,6.7934,0.72956
258.295,6.8501,0.74719
241.63000000000002,6.9068,0.76481
224.965,6.9635,0.78244
208.29999999999998,7.0203,0.80017
191.64000000000001,7.1001,0.8465
174.975,7.1799,0.89284
158.31,7.2597,0.93917
141.645,7.3286,0.9772
124.98,7.3168,0.95366
108.32,7.3051,0.93013
91.655,7.5318,0.96968
74.99,7.9389,1.0569
58.325,7.7639,1.0085
41.660000000000004,7.0204,0.82767
24.995,6.29,0.65
8.33,6.29,0.65
55.730000000000004,3.0517,0.20151
54.720000000000006,3.0864,0.21191
53.46,3.1296,0.22488
52.205,3.1727,0.2378
50.949999999999996,3.2157,0.25072
49.69,3.259,0.2637
48.43,3.3022,0.27667
47.17,3.3455,0.28964
45.915,3.3518,0.29686
44.66,3.2092,0.28102
43.4,3.1974,0.27593
42.13999999999999,3.4826,0.29526
40.88,3.6409,0.30331
39.625,3.3931,0.27526
38.370000000000005,3.1887,0.25233
37.11000000000001,3.3765,0.27581
35.85,3.5642,0.29928
34.595,3.4554,0.27797
33.34,3.3372,0.25524
32.08,3.4229,0.26711
30.82,3.5694,0.28931
29.560000000000002,3.566,0.28655
28.305,3.4239,0.26071
27.049999999999997,3.3394,0.24635
25.79,3.4876,0.27841
24.53,3.6359,0.31047
23.27,3.6441,0.30717
22.015,3.5932,0.28899
20.76,3.5423,0.2708
19.5,3.5683,0.27
18.24,3.5979,0.27
16.98,3.6274,0.27
15.725,3.5802,0.26502
14.47,3.5257,0.25957
13.209999999999999,3.4709,0.25409
11.95,3.4141,0.24914
10.69,3.3514,0.24575
9.434999999999999,3.289,0.24238
8.18,3.2266,0.239
6.92,3.1639,0.23562
5.66,3.1012,0.23223
4.3999999999999995,3.06,0.23
3.145,3.06,0.23
1.8900000000000001,3.06,0.23
0.63,3.06,0.23
999.255,13.932,5.3628
974.5749999999999,13.854,5.2402
949.9,13.777,5.1174
925.2249999999999,13.7,4.9947
900.555,13.622,4.8721
875.885,13.545,4.7494
851.21,13.468,4.6267
826.535,13.39,4.504
801.865,13.313,4.3813
777.19,13.236,4.2586
752.5150000000001,13.159,4.1359
727.8449999999999,13.081,4.0132
703.175,13.004,3.8905
678.5,12.927,3.7678
653.825,12.849,3.6451
629.155,12.772,3.5225
604.4849999999999,12.695,3.3998
579.81,12.617,3.2771
555.135,12.54,3.1544
530.4649999999999,12.463,3.0317
505.78999999999996,12.385,2.909
481.11499999999995,12.308,2.7863
456.445,12.241,2.6948
431.77500000000003,12.191,2.6548
407.1,12.141,2.6147
382.425,12.091,2.5747
357.755,12.041,2.5346
333.085,11.991,2.4945
308.40999999999997,12.098,2.4835
283.73499999999996,12.455,2.5183
259.065,12.812,2.5531
234.39,13.168,2.5879
209.71499999999997,12.974,2.6354
185.04500000000002,12.745,2.6838
160.375,12.017,2.4691
135.7,10.699,1.9431
111.025,10.406,1.7161
86.355,11.306,1.8375
61.685,12.207,1.9589
37.01,13.107,2.0803
12.335,14.008,2.2017
446.77,5.9097,0.38006
437.77,5.8913,0.38339
425.77500000000003,5.8669,0.38784
413.78499999999997,5.8424,0.39228
401.78999999999996,5.818,0.39673
389.795,5.7935,0.40118
377.80499999999995,5.7691,0.40562
365.80999999999995,5.7446,0.41007
353.815,5.7202,0.41452
341.82,5.6957,0.41896
329.82500000000005,5.6712,0.42341
317.835,5.6468,0.42785
305.84,5.6223,0.4323
293.845,5.5979,0.43675
281.85499999999996,5.5735,0.44119
269.86,5.549,0.44564
257.865,5.5245,0.45008
245.86999999999998,5.5001,0.45453
233.875,5.4756,0.45898
221.885,5.4512,0.46342
209.89,5.4267,0.46787
197.89499999999998,5.4023,0.47232
185.90499999999997,5.3778,0.47676
173.91,5.3534,0.48121
161.915,5.3289,0.48565
149.92,5.3045,0.4901
137.92499999999998,5.28,0.49455
125.93499999999999,5.2556,0.49899
113.94,5.1039,0.48106
101.945,4.9148,0.45655
89.95500000000001,4.7259,0.43206
77.96000000000001,4.3065,0.3668
65.96499999999999,3.8783,0.29979
53.970000000000006,3.8257,0.29321
41.975,3.6583,0.26702
29.985,3.3486,0.22681
17.99,2.9075,0.20766
5.995,2.76,0.18
473.155,5.0479,1.198
462.485,5.0672,1.1707
448.25499999999994,5.0931,1.1342
434.025,5.119,1.0978
419.795,5.1449,1.0613
405.565,5.1707,1.0249
391.335,5.1966,0.98843
377.105,5.2225,0.95198
362.875,5.2483,0.91553
348.645,5.2742,0.87908
334.415,5.3001,0.84263
320.18,5.3259,0.80616
305.94500000000005,5.3518,0.7697
291.715,5.3777,0.73325
277.48499999999996,5.562,0.77807
263.255,5.7618,0.83085
249.025,5.9616,0.88363
234.795,6.1614,0.93641
220.565,6.3612,0.98919
206.33499999999998,6.561,1.042
192.105,6.7608,1.0947
177.875,6.9606,1.1475
163.64499999999998,6.764,1.0805
149.41500000000002,6.5479,1.0076
135.185,6.3317,0.93477
120.955,6.1156,0.86188
106.725,5.8994,0.789
92.49499999999999,5.6833,0.71611
78.265,5.4672,0.64323
64.03500000000001,5.251,0.57035
49.805,5.25,0.57
35.574999999999996,5.25,0.57
21.345,5.25,0.57
7.115,5.25,0.57
337.22,3.4012,0.43825
323.46,3.4387,0.42918
309.695,3.4762,0.42011
295.93,3.5137,0.41104
282.165,3.5512,0.40196
268.4,3.5887,0.39289
254.635,3.6262,0.38382
240.87,3.6637,0.37474
227.11,3.7012,0.36567
213.345,3.7387,0.3566
199.58,3.7762,0.34753
185.815,3.8137,0.33846
172.05,3.8512,0.32938
158.29,3.8887,0.32031
144.525,3.8386,0.30877
130.76000000000002,3.7855,0.29714
116.995,3.7323,0.2855
103.23,3.6791,0.27387
89.465,3.6259,0.26224
75.7,3.5728,0.25061
61.940000000000005,3.5887,0.24252
48.175,3.6084,0.23463
34.41,3.5438,0.22347
20.645,3.3596,0.20768
6.88,3.27,0.2
819.595,3.3817,0.87903
806.05,3.4729,0.90467
792.505,3.5641,0.93031
778.955,3.6554,0.95596
765.41,3.7466,0.9816
751.865,3.8378,1.0072
738.315,3.9291,1.0329
724.765,4.0203,1.0585
711.2199999999999,4.1116,1.0842
697.6750000000001,4.2028,1.1098
684.125,4.2941,1.1355
670.5799999999999,4.3853,1.1611
657.0350000000001,4.4765,1.1867
643.485,4.5678,1.2124
629.9350000000001,4.659,1.238
616.39,4.7502,1.2637
602.845,4.8415,1.2893
589.295,4.9327,1.315
575.75,5.0239,1.3406
562.205,5.1152,1.3662
548.655,5.2064,1.3919
535.11,5.2976,1.4175
521.565,5.3889,1.4431
508.015,5.4801,1.4688
494.46500000000003,5.4699,1.4499
480.92,5.381,1.3966
467.375,5.292,1.3432
453.82500000000005,5.203,1.2898
440.28000000000003,5.1141,1.2364
426.73499999999996,5.0251,1.1831
413.185,4.9361,1.1297
399.635,4.8471,1.0763
386.09,4.7582,1.0229
372.545,4.6692,0.96954
358.99499999999995,4.5803,0.91615
345.45,4.5161,0.87712
331.90500000000003,4.504,0.86819
318.355,4.4919,0.85926
304.81,4.4797,0.85033
291.265,4.4676,0.8414
277.71500000000003,4.4555,0.83247
264.16499999999996,4.4434,0.82353
250.62,4.4313,0.8146
237.07500000000002,4.4191,0.80567
223.525,4.407,0.79674
209.98,4.3949,0.78781
196.435,4.3828,0.77888
182.885,4.3706,0.76995
169.335,4.3585,0.76101
155.79000000000002,4.3464,0.75209
142.245,4.3343,0.74316
128.695,4.33,0.74
115.15,4.33,0.74
101.605,4.33,0.74
88.05499999999999,4.33,0.74
74.50999999999999,4.33,0.74
60.964999999999996,4.33,0.74
47.415,4.33,0.74
33.865,4.33,0.74
20.319999999999997,4.33,0.74
6.7749999999999995,4.33,0.74
151.49,4.1066,0.7297
141.04500000000002,4.0027,0.69127
130.59500000000003,3.8988,0.65282
120.145,3.7948,0.61438
109.69999999999999,3.6909,0.57595
99.25500000000001,3.587,0.53752
88.80499999999999,3.483,0.49907
78.355,3.3791,0.46062
67.91,3.2752,0.42219
57.465,3.1713,0.38376
47.015,3.08,0.35
36.565,3.08,0.35
26.119999999999997,3.08,0.35
15.674999999999997,3.08,0.35
5.225,3.08,0.35
373.62,7.9916,1.1578
361.75500000000005,7.5045,1.1088
349.89000000000004,7.0175,1.0599
338.03,6.8131,0.9874
326.17,6.8016,0.8989
314.31,6.79,0.8104
302.45,7.1615,0.95554
290.59000000000003,7.5347,1.1018
278.73,7.6634,1.1559
266.87,7.4196,1.0698
255.01000000000002,7.1764,0.97997
243.14999999999998,6.9349,0.88138
231.29,6.8471,0.91626
219.425,7.1627,1.3013
207.56000000000003,7.1726,1.2016
195.7,7.0169,0.92777
183.84,6.616,1.0001
171.98000000000002,6.7089,0.94865
160.11999999999998,7.1515,0.81088
148.26,8.3568,1.4987
136.40000000000003,8.8054,1.7398
124.53999999999999,7.7499,1.2244
112.68,7.2815,0.93921
100.82,8.0431,1.1072
88.96000000000001,7.5671,0.94527
77.095,7.0303,0.83683
65.22999999999999,6.454,0.71843
53.37,6.5867,0.86812
41.510000000000005,7.0081,0.83045
29.650000000000002,6.5444,0.66313
17.79,6.12,0.51
5.930000000000001,6.12,0.51
847.915,4.5469,1.7684
830.785,4.611,1.7564
813.655,4.6751,1.7443
796.525,4.7391,1.7323
779.4,4.8032,1.7202
762.2750000000001,4.8673,1.7082
745.145,4.9314,1.6961
728.0150000000001,4.9954,1.6841
710.885,5.0595,1.6721
693.755,5.1236,1.66
676.625,5.1877,1.648
659.4949999999999,5.2518,1.6359
642.3650000000001,5.3158,1.6239
625.235,5.3799,1.6118
608.105,5.444,1.5998
590.975,5.5081,1.5877
573.8449999999999,5.5722,1.5757
556.715,5.6363,1.5636
539.585,5.7003,1.5516
522.455,5.7644,1.5395
505.32500000000005,5.8285,1.5275
488.195,5.8926,1.5154
471.065,5.9567,1.5034
453.935,6.0207,1.4914
436.805,6.0848,1.4793
419.675,6.1489,1.4673
402.54499999999996,6.213,1.4552
385.415,6.2771,1.4432
368.28499999999997,6.3412,1.4311
351.155,6.4052,1.4191
334.02500000000003,6.4693,1.407
316.89500000000004,6.5334,1.395
299.765,6.5087,1.3648
282.635,6.4209,1.3216
265.51000000000005,6.3331,1.2786
248.38500000000002,6.2454,1.2354
231.255,6.1576,1.1923
214.125,6.0698,1.1492
196.99499999999998,5.982,1.1061
179.865,5.8942,1.063
162.735,5.8064,1.0198
145.605,5.7187,0.97671
128.475,5.6309,0.93359
111.345,5.5431,0.89047
94.21499999999999,5.4553,0.84735
77.085,5.42,0.83
59.95499999999999,5.42,0.83
42.825,5.42,0.83
25.695,5.42,0.83
8.565,5.42,0.83
529.7199999999999,4.6558,2.3026
520.345,4.5799,2.1942
510.9699999999999,4.5041,2.0858
501.595,4.4282,1.9774
492.21999999999997,4.3523,1.869
482.84499999999997,4.2765,1.7607
473.46999999999997,4.2006,1.6523
464.09499999999997,4.1247,1.5439
454.72,4.1119,1.4728
445.34,4.1897,1.4551
435.965,4.2675,1.4374
426.59000000000003,4.3453,1.4197
417.215,4.423,1.402
407.84,4.5008,1.3844
398.46500000000003,4.3963,1.2727
389.09000000000003,4.2319,1.1301
379.71,4.0674,0.9874
370.335,3.903,0.84482
360.9599999999999,3.7387,0.70223
351.585,3.8388,0.70808
342.21000000000004,4.0501,0.77639
332.835,4.2614,0.8447
323.46,4.4727,0.91301
314.085,4.673,0.97787
304.71000000000004,4.3135,0.86743
295.33,3.9537,0.75693
285.95500000000004,3.5942,0.6465
276.58000000000004,3.2892,0.54728
267.20500000000004,3.3619,0.52572
257.83,3.4347,0.50416
248.45499999999998,3.5074,0.48261
239.07999999999998,3.6246,0.48386
229.7,3.8045,0.51726
220.325,3.9843,0.55065
210.95,4.1641,0.58404
201.57500000000002,4.2688,0.59866
192.20000000000002,4.3047,0.59609
182.82500000000002,4.3407,0.59352
173.45,4.3766,0.59096
164.075,4.3803,0.57709
154.70000000000002,4.3649,0.55654
145.32,4.3495,0.53599
135.945,4.3341,0.51544
126.57,4.2687,0.49774
117.195,4.1853,0.48106
107.82,4.1019,0.46439
98.44500000000001,4.0186,0.44771
89.07,4.0395,0.44612
79.69,4.1502,0.45752
70.31499999999998,4.2609,0.46891
60.94,4.3715,0.48031
51.565,4.4822,0.4917
42.19,4.5929,0.50309
32.815,4.7035,0.51448
23.439999999999998,4.8142,0.52587
14.065,4.9249,0.53727
4.6899999999999995,5.0355,0.54866
416.745,2.5018,0.71494
409.85499999999996,2.4586,0.68152
402.96500000000003,2.4155,0.6481
396.07499999999993,2.3723,0.61468
389.19,2.3292,0.58129
382.305,2.286,0.54789
375.415,2.2506,0.51842
368.525,2.254,0.50888
361.63500000000005,2.2574,0.49933
354.745,2.2608,0.48979
347.86,2.2642,0.48025
340.975,2.2676,0.47071
334.085,2.271,0.46116
327.195,2.2744,0.45162
320.30499999999995,2.2778,0.44207
313.415,2.2812,0.43253
306.53000000000003,2.2847,0.42299
299.64500000000004,2.2881,0.41345
292.755,2.2915,0.40391
285.865,2.2949,0.39436
278.97499999999997,2.2983,0.38482
272.08500000000004,2.304,0.3764
265.2,2.3119,0.36913
258.31499999999994,2.3199,0.36187
251.425,2.3279,0.3546
244.535,2.3359,0.34733
237.64499999999998,2.3439,0.34006
230.755,2.3519,0.33279
223.87,2.3599,0.32552
216.98499999999999,2.3679,0.31826
210.095,2.3759,0.31099
203.20499999999998,2.3839,0.30372
196.31500000000003,2.3919,0.29645
189.425,2.3999,0.28918
182.54000000000002,2.4079,0.28191
175.655,2.435,0.27911
168.765,2.469,0.27789
161.875,2.5029,0.27668
154.98499999999999,2.5369,0.27547
148.095,2.5708,0.27426
141.21,2.6048,0.27304
134.325,2.6387,0.27183
127.43499999999999,2.6726,0.27062
120.545,2.7066,0.26941
113.655,2.7405,0.2682
106.765,2.7745,0.26698
99.88,2.8084,0.26577
92.99499999999999,2.8424,0.26456
86.105,2.8763,0.26335
79.215,2.9103,0.26213
72.325,2.9442,0.26092
65.43499999999999,2.9782,0.25971
58.550000000000004,3.0121,0.2585
51.665,3.046,0.25728
44.775,3.08,0.25607
37.885000000000005,3.1139,0.25486
30.995,3.1479,0.25365
24.105,3.1818,0.25243
17.22,3.2158,0.25122
10.335,3.2497,0.25001
3.4450000000000003,3.2837,0.2488
1037.35,4.3579,2.4721
1016.4,4.5656,2.5219
995.425,4.7733,2.5717
974.4699999999999,4.981,2.6215
953.5100000000001,5.1888,2.6713
932.5550000000001,5.3965,2.7211
911.5999999999999,5.6042,2.771
890.645,5.8119,2.8208
869.69,6.0196,2.8706
848.73,6.2273,2.9204
827.7750000000001,6.435,2.9702
806.82,6.6427,3.02
785.86,6.8505,3.0699
764.905,7.0582,3.1197
743.95,7.2659,3.1695
722.99,7.4736,3.2193
702.035,7.6813,3.2691
681.0799999999999,7.889,3.3189
660.125,8.0967,3.3687
639.1700000000001,8.3044,3.4185
618.2099999999999,8.5122,3.4684
597.255,8.7199,3.5182
576.3000000000001,8.9276,3.568
555.3399999999999,9.1353,3.6178
534.385,9.343,3.6676
513.4300000000001,9.5507,3.7174
492.475,9.7584,3.7673
471.52,9.9661,3.8171
450.56,9.9797,3.7641
429.605,9.9253,3.6751
408.65000000000003,9.871,3.5861
387.69,9.8166,3.4971
366.735,9.7622,3.4081
345.78,9.7078,3.3191
324.82,9.6534,3.2301
303.865,9.599,3.1411
282.90999999999997,9.5446,3.0521
261.955,9.4902,2.9631
241.0,9.4359,2.8741
220.04000000000002,9.3815,2.7851
199.085,9.3271,2.6961
178.13000000000002,9.2727,2.6071
157.17,9.2183,2.5181
136.21499999999997,9.1639,2.4291
115.26,9.14,2.39
94.305,9.14,2.39
73.35,9.14,2.39
52.39,9.14,2.39
31.435000000000006,9.14,2.39
10.48,9.14,2.39
292.385,5.2856,0.79036
288.97499999999997,5.1697,0.76197
284.42,5.0149,0.72405
279.865,4.86,0.68612
275.315,4.7053,0.64824
270.76500000000004,4.6325,0.62155
266.215,4.7997,0.62763
261.665,4.9669,0.63371
257.115,5.1341,0.63979
252.56500000000003,4.9105,0.60445
248.015,4.6727,0.5676
243.46499999999997,4.4349,0.53075
238.915,4.3992,0.51289
234.36499999999998,4.3678,0.49543
229.815,4.3619,0.48203
225.265,4.5505,0.49949
220.71,4.7393,0.51697
216.15499999999997,4.8657,0.53307
211.605,4.8096,0.54508
207.05499999999998,4.7536,0.55709
202.505,5.0429,0.63014
197.95499999999998,5.4427,0.72273
193.405,5.5867,0.7563
188.855,5.3161,0.69419
184.305,5.0828,0.63491
179.755,5.105,0.59498
175.205,5.1272,0.55505
170.655,4.9982,0.55775
166.105,4.8474,0.56662
161.555,4.9365,0.58196
157.0,5.1734,0.60129
152.445,5.1561,0.58935
147.895,4.931,0.55183
143.345,4.7549,0.51431
138.79500000000002,4.647,0.4768
134.245,4.6086,0.45966
129.695,4.7438,0.49345
125.14500000000001,4.8055,0.51379
120.595,4.5979,0.48482
116.045,4.4348,0.46134
111.49499999999999,4.538,0.47072
106.945,4.6375,0.47922
102.395,4.4113,0.40824
97.845,4.185,0.33725
93.28999999999999,4.3028,0.36839
88.735,4.5311,0.43229
84.185,4.4867,0.4308
79.63499999999999,4.2334,0.37921
75.085,4.0412,0.34593
70.535,3.9286,0.33655
65.985,3.8166,0.31796
61.435,3.7056,0.27803
56.885,3.6072,0.241
52.335,3.7587,0.26204
47.785000000000004,3.9102,0.28309
43.235,3.8632,0.28193
38.684999999999995,3.7191,0.26992
34.135,3.5546,0.25546
29.580000000000002,3.2932,0.22932
25.025,3.0318,0.20318
20.475,2.7749,0.17749
15.925000000000002,2.5223,0.15223
11.375,2.2698,0.12698
6.825,2.1,0.11
2.275,2.1,0.11
276.25500000000005,5.0276,0.22499
269.22999999999996,5.1103,0.26475
261.43,5.2021,0.3089
253.625,5.294,0.35308
245.82,5.3859,0.39725
238.01500000000001,5.4778,0.44143
230.21000000000004,5.5697,0.48561
222.41,5.6615,0.52976
214.605,5.7534,0.57393
206.79999999999998,5.8453,0.61811
198.995,5.9809,0.6531
191.19000000000003,6.1326,0.6847
183.39,6.2842,0.71628
175.58499999999998,6.3162,0.72366
167.77999999999997,6.2564,0.71245
159.98000000000002,6.1967,0.70126
152.175,6.3031,0.74377
144.37,6.4304,0.79307
136.565,6.4482,0.80964
128.76,6.3341,0.78682
120.96,6.1748,0.75747
113.155,5.8886,0.70976
105.35,5.8624,0.72195
97.55,6.2671,0.83339
89.74499999999999,6.2732,0.82503
81.94,6.1016,0.76236
74.135,6.5056,0.84453
66.33,6.546,0.82721
58.53,6.3312,0.75754
50.725,6.2191,0.80236
42.92,5.8097,0.6613
35.12,5.4962,0.62705
27.314999999999998,5.3461,0.73652
19.509999999999998,5.2146,0.61913
11.705,5.0832,0.50175
3.9,5.07,0.49
294.63,6.0208,0.69864
287.17,6.1714,0.7334
279.71000000000004,6.322,0.76816
272.25,6.4726,0.80292
264.795,6.6232,0.83765
257.34000000000003,6.7737,0.87239
249.88,6.9243,0.90715
242.42000000000002,7.0749,0.94191
234.96,7.2256,0.97667
227.49999999999997,7.3762,1.0114
220.04000000000002,7.5268,1.0462
212.57999999999998,7.5831,1.0574
205.12000000000003,7.4341,1.0175
197.66,7.2852,0.97755
190.205,7.1364,0.93764
182.75000000000003,6.9875,0.89774
175.29,6.8386,0.8578
167.82999999999998,6.6896,0.81787
160.37,6.5407,0.77793
152.91,6.3917,0.738
145.45000000000002,6.2534,0.70172
137.99,6.3243,0.73717
130.52999999999997,6.3953,0.77263
123.07,6.4662,0.80808
115.615,6.537,0.84352
108.16000000000001,6.6079,0.87895
100.7,6.6788,0.9144
93.24000000000001,6.7497,0.94986
85.78,6.7849,0.95875
78.32000000000001,6.7732,0.93271
70.86,6.7615,0.90666
63.4,6.7498,0.88061
55.940000000000005,6.7381,0.85457
48.48,6.7263,0.82852
41.025,6.7146,0.80249
33.57,6.7029,0.77646
26.110000000000003,6.7,0.77
18.65,6.7,0.77
11.189999999999998,6.7,0.77
3.73,6.7,0.77
399.46000000000004,5.3904,1.49
388.20500000000004,5.3538,1.4326
376.955,5.4951,1.4759
365.705,5.6365,1.5191
354.45000000000005,5.778,1.5612
343.19500000000005,5.9212,1.5825
331.945,6.0643,1.6038
320.695,6.2074,1.6252
309.44000000000005,6.0094,1.437
298.18500000000006,5.7108,1.1872
286.935,5.4124,0.93752
275.685,5.13,0.79453
264.435,4.8644,0.7629
253.17999999999995,4.5987,0.73127
241.925,4.5487,0.7287
230.675,4.9414,0.78575
219.42499999999998,5.334,0.8428
208.17,5.5522,0.87219
196.91500000000002,5.4438,0.84975
185.665,5.3354,0.82733
174.415,5.3775,0.81447
163.16,5.4926,0.80624
151.905,5.6075,0.78982
140.655,5.7213,0.74766
129.405,5.8352,0.7055
118.15,5.4082,0.62847
106.895,4.9001,0.54621
95.64500000000001,4.6064,0.464
84.395,4.3652,0.38178
73.14000000000001,3.7548,0.29631
61.885,3.2824,0.24112
50.635,2.9752,0.24997
39.385000000000005,2.8463,0.21969
28.13,2.7629,0.19
16.875,2.3992,0.15636
5.625,2.14,0.13
909.1700000000001,6.7562,1.7645
893.8900000000001,6.8627,1.765
878.61,6.9692,1.7655
863.3299999999999,7.0757,1.766
848.05,7.1822,1.7665
832.77,7.2888,1.7671
817.49,7.3953,1.7676
802.2099999999999,7.5018,1.7681
786.9300000000001,7.6083,1.7686
771.65,7.7149,1.7691
756.37,7.8214,1.7696
741.09,7.8932,1.7528
725.8100000000001,7.8671,1.6872
710.53,7.841,1.6217
695.25,7.8149,1.5561
679.9699999999999,7.7889,1.4905
664.69,7.7628,1.4249
649.4100000000001,7.7367,1.3594
634.13,7.7106,1.2938
618.85,7.6845,1.2282
603.5699999999999,7.6585,1.1627
588.29,7.6324,1.0971
573.01,7.6063,1.0315
557.73,7.5802,0.96595
542.4499999999999,7.5541,0.90038
527.1700000000001,7.7575,0.93337
511.88999999999993,8.0039,0.98491
496.61,8.2503,1.0364
481.33000000000004,8.4968,1.088
466.04499999999996,8.7433,1.1395
450.76,8.9899,1.1911
435.47999999999996,9.2363,1.2426
420.20000000000005,9.4828,1.2941
404.92,9.7292,1.3457
389.64,9.7734,1.3412
374.36,9.799,1.3316
359.0799999999999,9.8246,1.322
343.8,9.8502,1.3124
328.52000000000004,9.8758,1.3029
313.23999999999995,9.9013,1.2933
297.96,10.109,1.3547
282.68000000000006,10.409,1.4526
267.4,10.709,1.5505
252.12,11.01,1.6485
236.84,11.193,1.7045
221.55999999999997,10.792,1.5523
206.28000000000003,10.391,1.4
191.0,9.9905,1.2478
175.72,9.904,1.2261
160.44,9.8345,1.2115
145.16000000000003,9.7852,1.1887
129.88,9.8093,1.1365
114.60000000000001,9.8334,1.0843
99.32,10.75,1.4071
84.04,12.002,1.8712
68.76,10.447,1.4547
53.48,8.5831,0.8941
38.199999999999996,8.8591,0.87185
22.919999999999998,9.135,0.8496
7.64,9.4109,0.82734
268.66499999999996,2.8261,0.28755
262.035,2.8379,0.28285
255.4,2.8497,0.27814
248.76500000000001,2.8614,0.27343
242.135,2.8732,0.26873
235.5,2.8849,0.26402
228.86499999999998,2.8967,0.25931
222.23,2.9085,0.25461
215.59499999999997,2.9203,0.2499
208.965,2.932,0.2452
202.33,2.9438,0.24049
195.69500000000002,2.9555,0.23578
189.06499999999997,2.9673,0.23108
182.42999999999998,3.0045,0.23531
175.795,3.0493,0.2422
169.15999999999997,3.0941,0.24909
162.52499999999998,3.1388,0.25597
155.895,3.1836,0.26286
149.26,3.2283,0.26974
142.625,3.2731,0.27663
135.99499999999998,3.3178,0.28351
129.36,3.3608,0.29
122.725,3.375,0.29
116.09,3.3892,0.29
109.455,3.4034,0.29
102.825,3.4176,0.29
96.19,3.4318,0.29
89.55499999999999,3.446,0.29
82.925,3.4602,0.29
76.28999999999999,3.4744,0.29
69.655,3.4886,0.29
63.019999999999996,3.5028,0.29
56.385000000000005,3.517,0.29
49.755,3.5312,0.29
43.120000000000005,3.5454,0.29
36.48500000000001,3.5596,0.29
29.855,3.5738,0.29
23.220000000000002,3.588,0.29
16.585,3.6022,0.29
9.950000000000001,3.6164,0.29
3.315,3.6306,0.29
693.635,26.893,11.21
673.53,25.701,10.712
653.425,24.51,10.213
633.32,23.318,9.7151
613.215,22.126,9.2168
593.11,20.934,8.7186
573.005,19.743,8.2203
552.9,18.551,7.7221
532.7950000000001,17.359,7.2238
512.6899999999999,16.167,6.7256
492.585,14.976,6.2273
472.47499999999997,13.783,5.7289
452.37,12.592,5.2307
432.265,12.789,5.3743
412.15999999999997,12.989,5.5187
392.05500000000006,13.125,5.5977
371.95,12.638,5.0262
351.84499999999997,12.15,4.4546
331.73999999999995,11.663,3.883
311.635,11.508,3.7051
291.53000000000003,11.356,3.5293
271.425,11.204,3.3535
251.32,10.96,3.1302
231.215,10.652,2.8727
211.105,10.344,2.6152
191.0,10.035,2.3578
170.895,9.6987,2.1652
150.79000000000002,9.3574,1.9839
130.685,9.016,1.8026
110.58,8.6746,1.6212
90.475,8.3333,1.4399
70.37,8.07,1.3
50.265,8.07,1.3
30.16,8.07,1.3
10.055,8.07,1.3
993.1000000000001,4.57,1.6927
979.985,4.6544,1.683
964.5550000000001,4.7537,1.6715
949.12,4.853,1.66
933.685,4.9523,1.6486
918.255,5.0515,1.6371
902.8199999999999,5.1508,1.6257
887.385,5.2501,1.6142
871.955,5.3494,1.6028
856.525,5.4487,1.5913
841.09,5.548,1.5798
825.655,5.6473,1.5684
810.225,5.7466,1.5569
794.795,5.8458,1.5455
779.36,5.9451,1.534
763.925,6.0444,1.5226
748.495,6.1437,1.5111
733.0600000000001,6.243,1.4996
717.625,6.3423,1.4882
702.195,6.4416,1.4767
686.7650000000001,6.5408,1.4653
671.3299999999999,6.6401,1.4538
655.895,6.7394,1.4424
640.465,6.8387,1.4309
625.03,6.938,1.4195
609.595,7.0373,1.408
594.1650000000001,7.1366,1.3965
578.735,7.2359,1.3851
563.3,7.3352,1.3736
547.865,7.4345,1.3622
532.435,7.5337,1.3507
516.9999999999999,7.633,1.3393
501.56500000000005,7.7323,1.3278
486.135,7.7957,1.319
470.70500000000004,7.782,1.3157
455.27,7.7684,1.3125
439.835,7.7548,1.3092
424.40500000000003,7.7412,1.306
408.97,7.7276,1.3028
393.53499999999997,7.714,1.2995
378.105,7.7004,1.2963
362.67499999999995,7.6867,1.293
347.24,7.6731,1.2898
331.805,7.6595,1.2866
316.37499999999994,7.6459,1.2833
300.94,7.6323,1.2801
285.505,7.6187,1.2768
270.07499999999993,7.6051,1.2736
254.645,7.5914,1.2703
239.21,7.6432,1.2561
223.775,7.7027,1.2405
208.345,7.7622,1.225
192.91,7.8216,1.2094
177.475,7.8811,1.1939
162.045,7.9406,1.1783
146.615,8.0,1.1628
131.17999999999998,8.0595,1.1472
115.745,8.119,1.1317
100.315,8.1784,1.1161
84.88000000000001,8.2379,1.1005
69.44500000000001,8.2974,1.085
54.015,8.3569,1.0694
38.585,8.4163,1.0539
23.150000000000002,8.4758,1.0383
7.715,8.5353,1.0228
376.575,6.6689,0.66104
370.91,6.7781,0.67057
365.25,6.8872,0.68009
359.58500000000004,6.9964,0.68962
353.92,7.1056,0.69915
348.26,7.2147,0.70867
342.6,7.17,0.70094
336.935,7.1001,0.6904
331.27,7.0303,0.67985
325.61,6.9605,0.66932
319.94500000000005,6.8906,0.65878
314.28000000000003,6.8208,0.64823
308.62,6.751,0.6377
302.96,6.7088,0.6311
297.29499999999996,6.7414,0.63517
291.63,6.774,0.63924
285.97,6.8065,0.64331
280.31,6.8391,0.64738
274.64500000000004,6.875,0.65936
268.98,6.9168,0.6855
263.32,6.9586,0.71161
257.655,7.0004,0.73776
251.98999999999998,6.8705,0.71539
246.32999999999998,6.5897,0.65034
240.67,6.3088,0.5853
235.005,6.0774,0.53473
229.33999999999997,6.1261,0.56609
223.67999999999998,6.1749,0.59743
218.01500000000001,6.2332,0.62579
212.35000000000002,6.3157,0.64643
206.69000000000003,6.3982,0.66705
201.02999999999997,6.4826,0.64823
195.365,6.5674,0.62279
189.70000000000002,6.5619,0.61
184.04000000000002,6.4651,0.61
178.38000000000002,6.3606,0.60144
172.715,6.2404,0.5753
167.05,6.1678,0.55783
161.39000000000001,6.1626,0.55261
155.725,6.3649,0.58087
150.06,6.7738,0.64249
144.4,6.6442,0.6255
138.74,6.3285,0.58106
133.075,6.479,0.59988
127.41,6.56,0.62208
121.75,6.56,0.6482
116.09,6.2085,0.57704
110.425,6.0424,0.51931
104.76,5.9689,0.47416
99.1,5.6085,0.41148
93.43499999999999,5.4979,0.43553
87.77,5.6176,0.44
82.11,5.4884,0.41254
76.45,5.5328,0.43231
70.785,5.4463,0.41659
65.11999999999999,5.3471,0.4
59.46,5.121,0.38096
53.794999999999995,4.9867,0.34524
48.13,4.7981,0.31604
42.47,4.5696,0.29597
36.81,4.1927,0.25024
31.145,4.3272,0.26012
25.48,3.994,0.24301
19.82,3.8003,0.21577
14.16,3.4546,0.20015
8.495,3.3692,0.17981
2.83,3.33,0.17
589.835,12.408,2.6903
571.11,12.332,2.6639
552.3849999999999,12.256,2.6376
533.66,12.181,2.6112
514.935,12.105,2.5848
496.21,12.03,2.5585
477.485,11.954,2.5321
458.76,11.878,2.5058
440.035,11.803,2.4794
421.30999999999995,11.727,2.453
402.585,11.651,2.4267
383.85999999999996,11.575,2.4003
365.135,11.5,2.374
346.40999999999997,11.424,2.3476
327.685,11.348,2.3213
308.96000000000004,11.273,2.2949
290.235,10.952,2.1702
271.51000000000005,10.312,1.9176
252.78499999999997,9.6725,1.6651
234.06,9.0329,1.4125
215.335,8.6917,1.2727
196.61,9.5579,1.589
177.88500000000002,10.424,1.9053
159.16,10.445,1.9338
140.43499999999997,9.2785,1.5582
121.71,8.5849,1.3176
102.985,8.6228,1.286
84.26,8.63,1.3717
65.535,8.5535,1.4396
46.809999999999995,7.0688,1.0193
28.084999999999997,4.9553,0.44767
9.36,4.29,0.35
490.03,8.4379,1.4718
476.225,8.5031,1.4664
462.42,8.5683,1.461
448.62,8.5987,1.4711
434.815,8.6216,1.4846
421.01,8.6444,1.4981
407.21,8.6673,1.5116
393.40500000000003,8.6901,1.5251
379.59999999999997,8.713,1.5386
365.79499999999996,8.7358,1.5521
351.99,8.7587,1.5656
338.19,8.7815,1.5791
324.385,8.8665,1.6166
310.58,9.2142,1.7557
296.78000000000003,9.5618,1.8947
282.97499999999997,9.9095,2.0338
269.17,10.257,2.1729
255.36999999999998,10.605,2.3119
241.565,10.693,2.3249
227.76000000000002,10.743,2.3191
213.955,10.793,2.3132
200.15,10.95,2.3409
186.35000000000002,11.238,2.4095
172.54500000000002,11.526,2.4781
158.73999999999998,11.809,2.5608
144.94000000000003,12.086,2.6555
131.135,12.363,2.7502
117.32999999999998,12.015,2.6382
103.53,11.38,2.4313
89.725,10.745,2.2243
75.92,10.247,1.9805
62.115,9.7759,1.7294
48.31,9.3048,1.4784
34.51,8.8339,1.2274
20.705000000000002,8.82,1.22
6.8999999999999995,8.82,1.22
988.315,0.49523,-0.014135
970.505,0.57655,0.0030132
952.695,0.65786,0.020161
934.89,0.73915,0.037305
917.0849999999999,0.82045,0.054448
899.2750000000001,0.90176,0.071596
881.4649999999999,0.98308,0.088744
863.66,1.0644,0.10589
845.855,1.1457,0.12303
828.045,1.227,0.14018
810.235,1.3083,0.15733
792.43,1.3896,0.17447
774.6249999999999,1.4709,0.19161
756.815,1.5522,0.20876
739.0049999999999,1.6335,0.22591
721.2,1.7148,0.24305
703.395,1.7961,0.2602
685.585,1.8774,0.27734
667.775,1.9587,0.29449
649.9699999999999,2.04,0.31164
632.1650000000001,2.1213,0.32878
614.355,2.2026,0.34593
596.5450000000001,2.2839,0.36307
578.74,2.3652,0.38022
560.935,2.4465,0.39736
543.1250000000001,2.5278,0.41451
525.32,2.6091,0.43165
507.51499999999993,2.6904,0.4488
489.705,2.7717,0.46595
471.895,2.8531,0.48309
454.09,2.9343,0.50024
436.28499999999997,3.0156,0.51738
418.47499999999997,3.097,0.53453
400.665,3.1783,0.55168
382.85999999999996,3.2596,0.56882
365.055,3.3409,0.58596
347.245,3.5283,0.61732
329.435,3.7485,0.65305
311.62999999999994,3.9686,0.68878
293.825,4.1887,0.72451
276.015,4.4089,0.76024
258.20500000000004,4.6291,0.79598
240.4,4.8492,0.8317
222.595,5.0693,0.86743
204.785,5.2775,0.90012
186.975,5.3619,0.90144
169.17,5.4462,0.90275
151.365,5.5306,0.90407
133.555,5.615,0.90539
115.745,5.6994,0.90671
97.94,5.7838,0.90803
80.13499999999999,5.8682,0.90935
62.325,5.9526,0.91067
44.515,6.037,0.91198
26.71,6.1213,0.9133
8.905,6.2057,0.91462
197.08999999999997,2.64,0.1125
191.69,2.64,0.11432
186.29000000000002,2.64,0.11613
180.89,2.64,0.11795
175.48999999999998,2.64,0.11976
170.09000000000003,2.64,0.12157
164.69,2.64,0.12339
159.29,2.64,0.1252
153.89,2.64,0.12702
148.49,2.64,0.12883
143.09,2.64,0.13065
137.68999999999997,2.64,0.13246
132.29000000000002,2.64,0.13428
126.89,2.64,0.13609
121.49,2.64,0.1379
116.09,2.64,0.13972
110.69000000000001,2.64,0.14153
105.28999999999999,2.64,0.14335
99.89,2.64,0.14516
94.49,2.64,0.14698
89.09500000000001,2.64,0.14879
83.7,2.6512,0.1515
78.30000000000001,2.685,0.156
72.89999999999999,2.7187,0.16049
67.5,2.7525,0.16499
62.1,2.7862,0.16949
56.7,2.7267,0.16683
51.3,2.6553,0.16326
45.9,2.5836,0.15957
40.5,2.5089,0.1546
35.1,2.4316,0.1486
29.699999999999996,2.3221,0.13035
24.3,2.1919,0.11112
18.9,2.0346,0.090595
13.5,1.7473,0.068256
8.1,1.3605,0.046477
2.7,1.02,0.03
977.3149999999999,2.005,0.55402
954.32,2.1962,0.60369
931.3249999999999,2.3874,0.65336
908.33,2.5786,0.70303
885.335,2.7699,0.75269
862.34,2.9611,0.80236
839.3399999999999,3.1524,0.85204
816.345,3.3436,0.90171
793.35,3.5348,0.95137
770.355,3.726,1.001
747.36,3.9172,1.0507
724.3649999999999,4.1085,1.1004
701.37,4.2997,1.1501
678.3699999999999,4.4909,1.1997
655.375,4.6822,1.2494
632.38,4.8734,1.2991
609.3850000000001,5.0646,1.3487
586.39,5.2558,1.3984
563.395,5.447,1.4481
540.4,5.6383,1.4977
517.4000000000001,5.8295,1.5474
494.405,6.0207,1.5971
471.40999999999997,6.212,1.6467
448.415,6.4032,1.6964
425.42,6.5944,1.7461
402.425,6.7856,1.7957
379.43,6.9768,1.8454
356.43,7.1404,1.8732
333.43500000000006,7.2405,1.8506
310.44,7.3406,1.8281
287.44499999999994,7.4407,1.8056
264.45,7.5686,1.789
241.455,7.7591,1.7858
218.45999999999998,7.9497,1.7827
195.465,8.0817,1.759
172.47,7.9033,1.6269
149.47,7.7249,1.4948
126.47500000000001,7.6696,1.4325
103.48,8.4281,1.8328
80.485,9.1867,2.2331
57.49,9.9452,2.6334
34.495,10.704,3.0336
11.5,11.462,3.4339
496.71999999999997,8.7117,0.68017
489.865,8.6744,0.68208
483.015,8.6372,0.68399
476.165,8.6,0.6859
469.31500000000005,8.5627,0.68781
462.46500000000003,8.5255,0.68972
455.615,8.4907,0.6914
448.765,8.4562,0.69304
441.91,8.4217,0.69468
435.05499999999995,8.3872,0.69632
428.205,8.3528,0.69796
421.355,8.3184,0.6996
414.505,8.4294,0.72185
407.655,8.5869,0.75069
400.80499999999995,8.7444,0.77953
393.95000000000005,8.902,0.80839
387.09499999999997,9.0053,0.8234
380.245,8.947,0.79715
373.39500000000004,8.8887,0.7709
366.545,8.8303,0.74465
359.695,8.651,0.70901
352.84499999999997,8.4455,0.67135
345.995,8.2401,0.63368
339.14,8.2339,0.63347
332.285,8.2492,0.63731
325.435,8.3048,0.64623
318.585,8.4541,0.66695
311.73499999999996,8.6033,0.68768
304.88499999999993,8.7107,0.71645
298.03499999999997,8.8129,0.74625
291.185,8.6273,0.71637
284.33,8.195,0.63531
277.475,7.9094,0.57531
270.625,7.9389,0.56054
263.775,8.075,0.56554
256.925,8.4769,0.61985
250.075,8.4197,0.60329
243.22500000000002,7.7897,0.49829
236.37000000000003,7.9301,0.5143
229.51500000000001,8.2896,0.56787
222.665,7.9155,0.54162
215.81499999999997,8.0287,0.56436
208.965,8.4863,0.61791
202.11499999999998,8.5507,0.59644
195.26500000000001,8.6698,0.61101
188.415,8.7435,0.62174
181.56,8.6869,0.59886
174.705,8.3053,0.56568
167.855,7.9171,0.50504
161.005,7.9606,0.52902
154.15499999999997,8.0978,0.53445
147.305,8.1182,0.49742
140.45499999999998,8.3921,0.56054
133.6,8.6653,0.61735
126.74499999999999,8.2895,0.51931
119.895,8.2056,0.50443
113.045,7.9615,0.48384
106.195,7.6318,0.46638
99.345,7.63,0.42394
92.49499999999999,7.5723,0.44556
85.645,7.8329,0.44
78.78999999999999,7.4869,0.4208
71.935,7.6212,0.44841
65.08500000000001,7.0673,0.36346
58.23499999999999,7.1653,0.3918
51.385,7.1845,0.37799
44.535000000000004,6.9555,0.35133
37.684999999999995,6.995,0.34844
30.835,6.3879,0.32578
23.98,6.2461,0.28386
17.125,5.75,0.22875
10.274999999999999,5.3873,0.22047
3.4250000000000003,4.18,0.11
867.7349999999999,3.6064,0.34353
828.8899999999999,3.8625,0.37709
804.125,4.0258,0.39849
780.82,4.1795,0.41862
757.515,4.3332,0.43876
734.205,4.4869,0.4589
712.35,4.631,0.47778
691.9550000000002,4.7654,0.4954
671.5649999999999,4.8999,0.51302
649.715,5.0439,0.5319
629.3199999999999,5.1784,0.54952
611.8399999999999,5.2937,0.56462
594.355,5.409,0.57973
576.87,5.5243,0.59484
560.85,5.6299,0.60868
544.825,5.7081,0.61239
528.8,5.7834,0.61503
514.235,5.8518,0.61743
499.665,5.9202,0.61983
485.09499999999997,5.9886,0.62223
471.985,6.0502,0.62439
460.33500000000004,6.1049,0.62631
448.68,6.1597,0.62823
437.025,6.2185,0.63127
425.37,6.3238,0.64692
413.715,6.4291,0.66256
403.52,6.5212,0.67625
393.32500000000005,6.6132,0.68994
383.13,6.7053,0.70363
374.39,6.7843,0.71536
365.645,6.8633,0.72711
356.9,6.9422,0.73885
348.16,6.9767,0.73016
339.42,7.0063,0.71924
332.14,7.031,0.71015
326.315,7.0508,0.70288
320.485,7.0705,0.6956
314.65500000000003,7.0903,0.68832
308.83000000000004,7.11,0.68104
303.00500000000005,7.1298,0.67377
297.175,7.1682,0.67781
291.35,7.2267,0.69398
285.525,7.2852,0.71016
279.69500000000005,7.3437,0.72635
273.87,7.4022,0.74252
268.04499999999996,7.4607,0.7587
262.215,7.5192,0.77489
256.385,7.5777,0.79108
250.56,7.5945,0.79542
244.735,7.56,0.78519
238.905,7.5255,0.77496
233.08,7.491,0.76474
227.25500000000002,7.4565,0.75452
221.425,7.422,0.74428
215.60000000000002,7.3875,0.73406
209.77499999999998,7.3529,0.72384
203.945,7.332,0.716
198.11499999999998,7.3192,0.70961
192.29000000000002,7.3064,0.70322
186.465,7.2937,0.69683
180.635,7.2809,0.69044
174.81,7.2681,0.68405
168.98499999999999,7.2553,0.67766
163.155,7.2425,0.67126
157.32999999999998,7.2928,0.67961
151.505,7.3587,0.69158
145.675,7.4246,0.70356
139.845,7.4905,0.71554
134.02,7.5563,0.72751
128.195,7.6221,0.73948
122.365,7.688,0.75146
116.54,7.7539,0.76343
110.715,7.7753,0.76774
104.885,7.7426,0.76271
99.06,7.71,0.75769
93.235,7.6773,0.75267
87.405,7.6447,0.74764
81.57499999999999,7.612,0.74262
74.28999999999999,7.5712,0.73634
65.55,7.5222,0.7288
56.81,7.4733,0.72127
48.07,7.4243,0.71374
39.330000000000005,7.4,0.71
29.135,7.4,0.71
11.655000000000001,7.4,0.71
122.24,3.5531,0.1538
119.29999999999998,3.5461,0.16775
115.84,3.5595,0.18278
112.385,3.5717,0.17955
108.92999999999999,3.5,0.16373
105.47000000000001,3.5822,0.17457
102.00999999999999,3.4742,0.16824
98.55,3.3641,0.16
95.095,3.3717,0.16
91.64,3.3302,0.15003
88.18,3.4352,0.16
84.71999999999998,3.4728,0.16
81.26,3.3827,0.15284
77.80499999999999,3.3796,0.15
74.35,3.5046,0.14761
70.89000000000001,3.3198,0.14
67.42999999999999,3.3215,0.14829
63.97,3.4032,0.15
60.515,3.3863,0.14205
57.06,3.3506,0.14528
53.599999999999994,3.2914,0.13
50.14,3.165,0.13
46.68,3.3427,0.1387
43.225,3.15,0.12
39.77,3.0157,0.1116
36.309999999999995,3.0401,0.1
32.849999999999994,2.9204,0.10991
29.39,2.9867,0.10834
25.935,2.9036,0.1
22.48,2.6499,0.082876
19.020000000000003,2.2523,0.072128
15.56,1.7483,0.04
12.1,1.5911,0.04
8.645,1.6299,0.04
5.19,1.5755,0.04
1.73,1.55,0.04
287.16999999999996,4.1748,0.44816
283.73499999999996,4.1284,0.44096
280.3,4.082,0.43376
276.86,4.0356,0.42655
273.42,3.9891,0.41935
269.98,3.9427,0.41214
266.54,3.8962,0.40493
263.1,3.8498,0.39772
259.66,3.8033,0.39052
256.22,3.7569,0.38331
252.78,3.7104,0.3761
249.34,3.664,0.36889
245.9,3.6175,0.36169
242.46,3.5711,0.35448
239.02499999999998,3.5247,0.34728
235.59,3.4783,0.34009
232.15,3.4319,0.33288
228.71,3.3854,0.32567
225.27,3.339,0.31846
221.83,3.2925,0.31126
218.39000000000001,3.2461,0.30405
214.95,3.2787,0.3082
211.51,3.4126,0.32692
208.07,3.5465,0.34564
204.63,3.6804,0.36436
201.19,3.8144,0.38309
197.75,3.9483,0.40181
194.31500000000003,4.082,0.4205
190.88,4.1294,0.42344
187.44,4.0874,0.41008
184.0,4.0454,0.39671
180.56,4.0034,0.38335
177.12,3.9614,0.36999
173.68,3.959,0.36
170.24,4.0739,0.36
166.8,4.1889,0.36
163.36,4.3038,0.36
159.92000000000002,4.4187,0.36
156.48000000000002,4.3273,0.35768
153.045,4.2336,0.35534
149.60999999999999,4.1399,0.353
146.17,4.0461,0.35065
142.73,3.9828,0.34492
139.29,3.9312,0.33789
135.85,3.8796,0.33085
132.41,3.828,0.32381
128.97,3.8604,0.32739
125.53,3.9922,0.34354
122.09,4.1241,0.35969
118.65,4.256,0.37583
115.21000000000001,4.2041,0.36602
111.77,4.0884,0.34718
108.335,3.9728,0.32837
104.89999999999999,3.859,0.30988
101.46,3.8142,0.30491
98.02,3.7694,0.29993
94.58,3.7246,0.29496
91.14,3.6801,0.29001
87.7,3.7249,0.2925
84.26,3.7697,0.29498
80.82000000000001,3.8145,0.29747
77.38000000000001,3.8592,0.29996
73.94000000000001,3.8784,0.28848
70.5,3.8972,0.27675
67.05999999999999,3.916,0.26502
63.625,3.9347,0.25331
60.19,3.9417,0.25168
56.75,3.944,0.25403
53.309999999999995,3.9464,0.25637
49.87,3.9487,0.25872
46.43,3.9012,0.2547
42.99,3.7934,0.24297
39.550000000000004,3.6855,0.23125
36.11000000000001,3.5776,0.21952
32.669999999999995,3.4909,0.20937
29.23,3.496,0.20602
25.79,3.501,0.20267
22.355,3.506,0.19932
18.919999999999998,3.511,0.19598
15.48,3.5161,0.19263
12.04,3.5211,0.18928
8.6,3.5261,0.18593
5.159999999999999,3.5311,0.18258
1.72,3.5362,0.17923
537.365,8.255,2.025
530.515,7.9438,1.8878
523.67,7.6328,1.7506
516.8249999999999,7.3219,1.6135
509.97999999999996,7.0109,1.4763
503.135,6.6999,1.3392
496.29,6.3889,1.202
489.445,6.0779,1.0649
482.6,5.7669,0.92773
475.75500000000005,5.5009,0.8089
468.91,5.5071,0.80116
462.065,5.5133,0.79341
455.21999999999997,5.5195,0.78566
448.37499999999994,5.5257,0.77791
441.525,5.5319,0.77016
434.67999999999995,5.5381,0.76241
427.835,5.5766,0.76457
420.98999999999995,5.6297,0.77121
414.145,5.6828,0.77785
407.3,5.7359,0.78448
400.455,5.789,0.79112
393.61,5.8421,0.79776
386.76500000000004,5.8436,0.78714
379.92,5.8189,0.76771
373.075,5.7942,0.74828
366.23,5.7694,0.72885
359.385,5.7447,0.70942
352.53499999999997,5.7199,0.68998
345.69,5.6467,0.67613
338.845,5.5735,0.66228
331.99999999999994,5.5003,0.64843
325.155,5.427,0.63457
318.31,5.3538,0.62072
311.465,5.6041,0.68148
304.62,5.8721,0.74632
297.77500000000003,6.1401,0.81116
290.93,6.4081,0.876
284.08500000000004,6.5441,0.90766
277.24000000000007,6.4012,0.86926
270.395,6.2582,0.83087
263.545,6.1152,0.79244
256.70000000000005,5.9723,0.75404
249.855,5.9186,0.73718
243.01,5.9164,0.73274
236.16500000000002,5.9142,0.7283
229.32,5.9119,0.72387
222.47499999999997,5.9298,0.72449
215.63,6.0824,0.75919
208.785,6.2351,0.79389
201.94,6.3878,0.8286
195.09500000000003,6.5405,0.8633
188.25,6.4682,0.84695
181.40499999999997,6.342,0.81838
174.555,6.2158,0.78979
167.71,6.0896,0.76123
160.86499999999998,6.1413,0.77288
154.01999999999998,6.3083,0.81058
147.175,6.4752,0.84828
140.33,6.6422,0.88598
133.485,6.3099,0.81277
126.64,5.918,0.72631
119.795,5.526,0.63986
112.94999999999999,5.3316,0.58368
106.105,5.4063,0.56875
99.25999999999999,5.4809,0.55381
92.41499999999999,5.5512,0.54
85.565,5.5673,0.54
78.72000000000001,5.5834,0.54
71.875,5.5995,0.54
65.03,5.3217,0.50873
58.185,5.0351,0.47652
51.339999999999996,4.7484,0.44432
44.495,4.6158,0.42078
37.650000000000006,4.507,0.39858
30.805,4.3983,0.37638
23.96,4.2895,0.35418
17.115,4.22,0.34
10.270000000000001,4.22,0.34
3.4250000000000003,4.22,0.34
492.2,6.5912,1.2526
481.83500000000004,6.6449,1.28
471.47,6.572,1.2319
461.11,6.4991,1.1838
450.75,6.4262,1.1358
440.39,6.3533,1.0877
430.025,6.2803,1.0396
419.66,6.2074,0.99149
409.3,6.2854,1.0097
398.93999999999994,6.4107,1.0488
388.58000000000004,6.5361,1.0879
378.215,6.6614,1.1269
367.85,6.7868,1.166
357.48999999999995,6.9122,1.2051
347.13,6.9267,1.2017
336.77000000000004,6.8727,1.1721
326.405,6.8188,1.1425
316.03999999999996,6.7648,1.113
305.68,6.7109,1.0834
295.32000000000005,6.657,1.0538
284.96,6.603,1.0242
274.59499999999997,6.5491,0.99466
264.22999999999996,6.4951,0.96507
253.86999999999998,6.4412,0.93549
243.51,6.3873,0.90592
233.15,6.3434,0.87925
222.78500000000003,6.3705,0.87322
212.42,6.3977,0.86718
202.06000000000003,6.4248,0.86115
191.7,6.452,0.85512
181.335,6.4791,0.84908
170.97,6.5063,0.84305
160.61,6.5058,0.83949
150.25,6.477,0.83846
139.89000000000001,6.4482,0.83744
129.525,6.4194,0.83641
119.16,6.3906,0.83538
108.80000000000001,6.3619,0.83435
98.44,6.3331,0.83333
88.08,6.3043,0.8323
77.715,6.2756,0.83127
67.35,6.2468,0.83024
56.99,6.24,0.83
46.63,6.24,0.83
36.269999999999996,6.24,0.83
25.904999999999998,6.24,0.83
15.54,6.24,0.83
5.18,6.24,0.83
337.77000000000004,8.6513,2.1461
325.02500000000003,8.0885,1.8183
312.275,7.5097,1.4824
299.53,7.3534,1.3376
286.78499999999997,7.5922,1.3717
274.04,7.7304,1.383
261.295,7.3832,1.2838
248.545,7.0359,1.1845
235.8,8.342,1.6269
223.055,9.7277,2.0954
210.31,9.1358,1.7053
197.565,8.3863,1.2467
184.815,8.8821,1.6547
172.07,9.4892,2.1233
159.325,9.6412,2.0122
146.57999999999998,10.049,2.0927
133.83499999999998,10.933,2.5293
121.085,11.137,2.5917
108.34,10.505,2.1945
95.595,10.209,2.0769
82.85000000000001,10.125,2.1372
70.105,9.8728,2.0942
57.355,9.4186,1.928
44.61,8.9646,1.7619
31.865000000000006,8.5106,1.5958
19.119999999999997,8.44,1.57
6.375,8.44,1.57
249.92999999999998,3.9522,0.49709
245.93,3.9105,0.48145
241.93,3.8688,0.46581
237.935,3.8272,0.45019
233.94,3.7855,0.43458
229.94,3.7438,0.41894
225.94,3.7021,0.4033
221.94,3.6604,0.38766
217.94,3.6638,0.37923
213.94,3.7105,0.37772
209.94000000000003,3.7572,0.37622
205.94,3.8039,0.37471
201.945,3.8506,0.37321
197.95000000000002,3.8972,0.3717
193.95000000000002,3.9439,0.3702
189.95000000000002,3.956,0.37297
185.95000000000002,3.9628,0.37639
181.95,3.9696,0.37982
177.95,3.9765,0.38323
173.95,3.9833,0.38666
169.95,3.9909,0.39
165.95499999999998,4.0304,0.39
161.95999999999998,4.0699,0.39
157.95999999999998,4.1095,0.39
153.95999999999998,4.149,0.39
149.96,4.1886,0.39
145.96,4.1333,0.37826
141.96,4.0745,0.3661
137.96,4.0157,0.35394
133.96,3.9569,0.34177
129.95999999999998,3.9017,0.3304
125.96499999999999,3.9557,0.34285
121.97,4.0097,0.35531
117.96999999999998,4.0637,0.36778
113.97,4.1178,0.38025
109.97,4.1779,0.39141
105.97000000000001,4.26,0.3979
101.97,4.3421,0.40438
97.97,4.4242,0.41086
93.97,4.5063,0.41734
89.975,4.5997,0.4289
85.98,4.7012,0.444
81.98,4.8027,0.45913
77.97999999999999,4.9042,0.47425
73.98,5.0058,0.48937
69.98,4.9343,0.47606
65.98,4.8553,0.46151
61.98,4.7763,0.44696
57.980000000000004,4.6974,0.43241
53.98500000000001,4.6315,0.4197
49.99,4.6419,0.41762
45.99,4.6523,0.41554
41.99,4.6627,0.41346
37.989999999999995,4.6731,0.41139
33.99,4.6271,0.39857
29.99,4.4683,0.36429
25.99,4.3095,0.33001
21.990000000000002,4.1507,0.29572
17.995,3.9921,0.26148
14.0,3.8335,0.22724
10.0,3.8,0.22
6.0,3.8,0.22
2.0,3.8,0.22
826.735,5.5197,1.9832
808.5649999999999,5.5878,1.9898
790.395,5.6558,1.9964
772.2249999999999,5.7239,2.003
754.0550000000001,5.792,2.0097
735.885,5.86,2.0163
717.715,5.9281,2.0229
699.545,5.9961,2.0296
681.3750000000001,6.0642,2.0362
663.205,6.1322,2.0428
645.0350000000001,6.2003,2.0494
626.865,6.2684,2.0561
608.6949999999999,6.3364,2.0627
590.525,6.4045,2.0693
572.3549999999999,6.4725,2.076
554.1850000000001,6.5406,2.0826
536.015,6.6086,2.0892
517.845,6.6767,2.0958
499.67499999999995,6.7448,2.1025
481.505,6.8128,2.1091
463.335,6.8809,2.1157
445.165,6.9489,2.1224
426.995,7.017,2.129
408.825,7.085,2.1356
390.655,7.1314,2.1349
372.485,7.1355,2.1197
354.315,7.1397,2.1045
336.14500000000004,7.1438,2.0893
317.975,7.148,2.0742
299.805,7.1521,2.059
281.635,7.1562,2.0438
263.46500000000003,7.1604,2.0286
245.295,7.1645,2.0135
227.12500000000003,7.1687,1.9983
208.955,7.1728,1.9831
190.78499999999997,7.1769,1.9679
172.615,7.1811,1.9528
154.445,7.1852,1.9376
136.27499999999998,7.1893,1.9224
118.105,7.1935,1.9072
99.935,7.1976,1.8921
81.765,7.2017,1.8769
63.595,7.2059,1.8617
45.425,7.21,1.8466
27.255,7.2142,1.8314
9.084999999999999,7.2183,1.8162
146.2,4.8268,0.87467
139.98,4.6861,0.83558
133.76,4.5453,0.79648
127.53999999999999,4.5122,0.78787
121.32,4.7051,0.84324
115.10000000000001,4.8979,0.89861
108.875,5.0909,0.95403
102.65,5.2839,1.0094
96.43,5.4495,1.0559
90.21,5.3283,1.009
83.99,5.2071,0.96209
77.77000000000001,5.0859,0.91517
71.55,4.9647,0.86825
65.32499999999999,4.8434,0.8213
59.1,4.8038,0.80643
52.879999999999995,4.7666,0.79249
46.66,4.7295,0.77855
40.440000000000005,4.6923,0.76461
34.22,4.6551,0.75067
27.999999999999996,4.6179,0.73672
21.775,4.6,0.73
15.549999999999999,4.6,0.73
9.33,4.6,0.73
3.11,4.6,0.73
775.28,1.2164,0.71176
756.135,1.2438,0.69165
736.99,1.2711,0.67154
717.85,1.2985,0.65143
698.7099999999999,1.3258,0.63132
679.5649999999999,1.3532,0.61121
660.42,1.3805,0.5911
641.2800000000001,1.4079,0.57099
622.135,1.4352,0.55088
602.9899999999999,1.4626,0.53077
583.85,1.4899,0.51066
564.71,1.5172,0.49055
545.5649999999999,1.5446,0.47044
526.42,1.5719,0.45033
507.28,1.5993,0.43022
488.14000000000004,1.6266,0.41012
468.995,1.654,0.39
449.84999999999997,1.6814,0.36989
430.71000000000004,1.7087,0.34979
411.57,1.736,0.32968
392.425,1.7634,0.30957
373.28,1.7927,0.29014
354.14,1.8905,0.29541
334.995,1.9884,0.30068
315.84999999999997,2.0863,0.30596
296.71000000000004,2.1842,0.31123
277.57,2.2821,0.3165
258.425,2.38,0.32177
239.28,2.4779,0.32704
220.14000000000001,2.5757,0.33231
201.0,2.6736,0.33758
181.855,2.7715,0.34285
162.70999999999998,2.8694,0.34812
143.57,2.9673,0.35339
124.43,3.0652,0.35866
105.285,3.163,0.36393
86.14,3.2609,0.36921
67.0,3.3588,0.37448
47.86,3.4567,0.37974
28.714999999999996,3.5546,0.38502
9.57,3.6525,0.39029
398.07000000000005,10.902,1.5802
394.10999999999996,10.905,1.5915
390.145,10.908,1.6028
386.17999999999995,10.86,1.6019
382.22,10.72,1.5791
378.26000000000005,10.58,1.5564
374.29999999999995,10.44,1.5336
370.34,10.3,1.5108
366.38000000000005,10.16,1.4881
362.41999999999996,10.251,1.4998
358.46,10.47,1.5306
354.50000000000006,10.689,1.5613
350.53999999999996,10.908,1.592
346.58,11.127,1.6228
342.615,11.035,1.5705
338.65000000000003,10.546,1.4128
334.69000000000005,10.058,1.2552
330.72999999999996,9.5701,1.0977
326.77,9.0822,0.94014
322.81000000000006,8.7018,0.81635
318.84999999999997,8.6672,0.80098
314.89,8.6326,0.78561
310.93000000000006,8.598,0.77024
306.96999999999997,8.5635,0.75487
303.01,8.5339,0.74118
299.045,8.6555,0.77741
295.08,8.7769,0.81365
291.12000000000006,8.8983,0.84985
287.15999999999997,9.0197,0.88604
283.2,9.1936,0.93258
279.24000000000007,9.4705,0.99942
275.28,9.7474,1.0663
271.32,10.024,1.1331
267.36,10.203,1.1811
263.4,9.817,1.1214
259.44,9.4313,1.0616
255.48000000000005,9.0456,1.0018
251.515,8.7781,0.93706
247.54999999999998,8.6457,0.86664
243.59,8.5135,0.79631
239.63,8.3812,0.72598
235.67,8.452,0.74983
231.71,8.5417,0.78242
227.75,8.6313,0.81502
223.79,8.6715,0.82985
219.82999999999998,8.5492,0.78639
215.87,8.427,0.74293
211.91,8.3048,0.69947
207.95,8.1599,0.67223
203.985,7.9966,0.65815
200.02,7.8332,0.64407
196.06,7.67,0.63
192.1,8.0796,0.68671
188.14000000000001,8.4892,0.74343
184.18,8.8988,0.80014
180.22,8.6758,0.75793
176.26,8.3198,0.69491
172.3,7.9637,0.6319
168.34,7.8807,0.61643
164.38,7.9431,0.62627
160.41499999999996,8.0055,0.63613
156.45,7.9188,0.62083
152.49,7.7361,0.58932
148.53,7.5533,0.55782
144.57,7.4777,0.56282
140.61,7.5415,0.61533
136.65,7.6052,0.66785
132.69,7.6987,0.65275
128.73000000000002,7.8011,0.61731
124.77,7.8483,0.58472
120.81,7.7105,0.56175
116.85000000000001,7.5726,0.53877
112.885,7.4443,0.5171
108.91999999999999,7.3591,0.50133
104.96,7.2741,0.48557
101.0,7.1897,0.47035
97.04,7.1672,0.50036
93.08,7.1447,0.53037
89.12,7.1831,0.54319
85.16,7.3367,0.5235
81.19999999999999,7.4903,0.50381
77.24000000000001,7.1737,0.48094
73.28,6.7443,0.4573
69.315,6.4633,0.43495
65.35,6.5873,0.41618
61.39,6.711,0.39742
57.42999999999999,6.6217,0.39227
53.470000000000006,6.3929,0.39602
49.51,6.1641,0.39977
45.55,6.3348,0.41109
41.59,6.5317,0.4229
37.629999999999995,6.6213,0.42161
33.67000000000001,6.5496,0.4006
29.71,6.4778,0.3796
25.750000000000004,6.406,0.35859
21.785,6.3342,0.33756
17.820000000000004,6.2623,0.31653
13.860000000000001,6.24,0.31
9.899999999999999,6.24,0.31
3.96,6.24,0.31
196.965,4.0223,0.43626
193.48,4.0653,0.44026
189.995,4.1083,0.44427
186.51000000000002,4.1514,0.44827
183.025,4.1481,0.44408
179.535,4.1094,0.43361
176.04999999999998,4.0707,0.42316
172.565,4.032,0.41271
169.08,3.9933,0.40226
165.595,3.9547,0.39181
162.105,3.916,0.38134
158.61999999999998,3.8773,0.37089
155.135,3.8386,0.36044
151.645,3.8001,0.35001
148.16000000000003,3.8398,0.35323
144.675,3.8795,0.35644
141.18999999999997,3.9191,0.35966
137.70499999999998,3.9588,0.36288
134.215,3.9985,0.3661
130.73000000000002,4.0382,0.36932
127.24499999999999,4.0779,0.37253
123.76,4.1176,0.37575
120.27499999999999,4.1573,0.37897
116.785,4.1693,0.38
113.30000000000001,4.1683,0.38
109.815,4.1673,0.38
106.325,4.1662,0.38
102.84,4.1652,0.38
99.355,4.1642,0.38
95.87,4.1631,0.38
92.38499999999999,4.1621,0.38
88.895,4.1611,0.38
85.41,4.1601,0.38
81.925,4.1784,0.38254
78.44000000000001,4.1981,0.38526
74.955,4.2179,0.38798
71.465,4.2377,0.39071
67.98,4.2574,0.39343
64.49499999999999,4.2771,0.39616
61.005,4.2969,0.39888
57.52,4.3167,0.40161
54.035,4.3364,0.40433
50.55,4.3562,0.40706
47.065,4.3759,0.40978
43.575,4.3957,0.41251
40.09,4.4154,0.41523
36.605,4.4352,0.41795
33.12,4.4549,0.42068
29.635,4.4746,0.4234
26.145000000000003,4.4944,0.42613
22.66,4.5141,0.42885
19.175,4.5339,0.43157
15.685,4.5537,0.4343
12.2,4.5734,0.43702
8.715,4.5932,0.43975
5.23,4.6129,0.44247
1.745,4.6326,0.44519
73.39,2.4738,0.17845
69.81,2.4648,0.17352
66.23,2.4558,0.1686
62.65,2.4467,0.16367
59.07,2.4356,0.15931
55.489999999999995,2.4185,0.15661
51.91,2.4014,0.1539
48.33,2.3842,0.1512
44.75,2.3671,0.14849
41.17,2.35,0.14578
37.589999999999996,2.3328,0.14308
34.01,2.3157,0.14037
30.43,2.2986,0.13767
26.849999999999998,2.2814,0.13496
23.27,2.2643,0.13226
19.689999999999998,2.25,0.13
16.11,2.25,0.13
12.53,2.25,0.13
8.95,2.25,0.13
5.37,2.25,0.13
1.79,2.25,0.13
592.555,21.285,6.6513
578.28,22.127,7.6924
564.0,22.97,8.7338
549.72,22.709,8.319
535.4399999999999,21.77,7.0101
521.1600000000001,20.704,5.8191
506.88500000000005,19.093,5.1304
492.61,17.481,4.4418
478.33000000000004,20.528,7.0879
464.04999999999995,24.202,10.183
449.77,23.017,9.3266
435.49000000000007,20.261,7.1909
421.21,19.318,6.3514
406.935,19.441,6.2743
392.66,18.313,5.4329
378.38,16.61,4.2407
364.09999999999997,17.41,5.1416
349.82,18.695,6.0912
335.54,20.684,6.7292
321.26500000000004,22.934,7.7239
306.99,22.998,7.6537
292.71000000000004,20.812,6.4807
278.42999999999995,19.22,5.9234
264.15,20.247,8.1036
249.87,19.414,7.1351
235.595,15.946,5.1443
221.32000000000002,17.196,4.9554
207.04,18.272,4.9559
192.76,16.884,4.5685
178.48,17.586,4.5029
164.20000000000002,14.421,3.2351
149.92,12.831,2.9502
135.645,14.473,3.7197
121.37,15.945,4.8082
107.08999999999999,15.523,4.1591
92.81,15.367,4.6698
78.52999999999999,16.406,4.9737
64.25,16.122,4.0598
49.97500000000001,15.967,5.3163
35.7,15.934,7.5958
21.419999999999998,15.91,9.28
7.14,15.91,9.28
403.16,7.7936,2.7023
387.945,7.8603,2.6845
372.73,7.927,2.6668
357.51500000000004,7.9852,2.6448
342.30499999999995,7.8994,2.5522
327.09,7.8135,2.4595
311.875,7.7276,2.3668
296.66499999999996,7.6418,2.2741
281.45,7.556,2.1814
266.235,7.4701,2.0888
251.025,7.3843,1.9961
235.81,7.2984,1.9034
220.595,7.2126,1.8107
205.38500000000002,7.1267,1.7181
190.17000000000002,7.0036,1.6254
174.955,6.8715,1.5326
159.745,6.7394,1.44
144.53,6.6073,1.3472
129.315,6.4752,1.2545
114.10000000000001,6.3431,1.1618
98.885,6.211,1.0691
83.675,6.0789,0.9764
68.46,5.97,0.9
53.245,5.97,0.9
38.035,5.97,0.9
22.82,5.97,0.9
7.6049999999999995,5.97,0.9
103.945,4.9312,0.18126
102.02,4.9042,0.18512
99.065,4.8627,0.19105
96.11,4.8212,0.19697
93.15,4.7796,0.20291
90.195,4.7381,0.20884
87.24,4.6966,0.21477
84.27999999999999,4.6551,0.2207
81.32000000000001,4.6135,0.22664
78.365,4.5888,0.23
75.41000000000001,4.586,0.23
72.45,4.5831,0.23
69.49,4.5803,0.23
66.53500000000001,4.5132,0.22443
63.58,4.4389,0.21824
60.62,4.3645,0.21204
57.66499999999999,4.34,0.21
54.709999999999994,4.34,0.21
51.75000000000001,4.34,0.21
48.79,4.3613,0.21
45.835,4.3898,0.21
42.88,4.4183,0.21
39.919999999999995,4.3427,0.21
36.964999999999996,4.2607,0.21
34.01,4.1768,0.20613
31.05,4.0872,0.1912
28.09,3.9976,0.17626
25.135,3.8986,0.16406
22.18,3.7927,0.15381
19.220000000000002,3.6866,0.14354
16.264999999999997,3.4983,0.13318
13.309999999999999,3.2667,0.12277
10.35,3.0346,0.11234
7.39,2.8025,0.10191
4.435,2.76,0.1
1.48,2.76,0.1
1039.75,2.7965,0.85549
1026.65,2.931,0.8326
1013.55,3.0655,0.8097
1000.475,3.2,0.7868
987.41,3.3346,0.7639
974.33,3.4691,0.74101
961.255,3.6036,0.71812
948.1800000000001,3.738,0.69523
935.1,3.8726,0.67233
922.0200000000001,4.0071,0.64943
908.9399999999999,4.1416,0.62653
895.8649999999999,4.2757,0.63977
882.79,4.4097,0.66743
869.71,4.5437,0.6951
856.63,4.6777,0.72278
843.5500000000001,4.8117,0.75045
830.47,4.9456,0.77812
817.3950000000001,5.0796,0.80579
804.32,5.1972,0.81845
791.2399999999999,5.3119,0.82843
778.16,5.4266,0.8384
765.0799999999999,5.5413,0.84838
752.0,5.656,0.85835
738.9250000000001,5.7707,0.86832
725.85,6.0207,0.96069
712.77,6.2982,1.0698
699.69,6.5757,1.1788
686.6099999999999,6.8532,1.2879
673.53,7.1307,1.397
660.455,7.2264,1.3977
647.38,7.2038,1.3278
634.3,7.1813,1.2579
621.22,7.1587,1.188
608.14,7.1704,1.1393
595.0600000000001,7.3493,1.1942
581.985,7.5281,1.249
568.9100000000001,7.7069,1.3038
555.83,7.8858,1.3587
542.75,7.7619,1.2922
529.67,7.6308,1.2228
516.59,7.4996,1.1533
503.51499999999993,7.4203,1.0971
490.44,7.8804,1.178
477.36,8.3407,1.2588
464.28000000000003,8.8009,1.3397
451.2,8.9849,1.365
438.12,8.8951,1.3351
425.045,8.8054,1.3051
411.97,8.8158,1.3052
398.89,9.3533,1.4631
385.81,9.8907,1.621
372.73,10.313,1.7432
359.65000000000003,10.219,1.7058
346.575,10.126,1.6684
333.5,10.304,1.7107
320.41999999999996,10.744,1.83
307.34,11.076,1.9151
294.26,10.133,1.5956
281.18,9.203,1.2797
268.105,9.4526,1.257
255.02999999999997,9.8132,1.2977
241.95,10.508,1.5294
228.87,10.748,1.5439
215.79,10.665,1.4515
202.71,10.276,1.6909
189.635,10.636,1.6718
176.56,10.322,1.5043
163.48000000000002,9.671,1.2433
150.39999999999998,9.0089,1.0004
137.32,9.4407,1.1719
124.24000000000001,9.8733,1.4061
111.165,10.112,1.1329
98.09,9.9306,1.3466
85.01,9.5761,1.1578
71.92999999999999,9.3707,1.0251
58.85,9.1886,1.2089
45.77,6.4952,0.59071
32.695,5.808,0.40967
19.619999999999997,4.1379,0.17687
6.54,3.47,0.13923
770.51,6.1627,2.515
756.11,6.4424,2.7117
741.71,6.7221,2.9084
727.305,7.0018,3.1052
712.9,7.2816,3.302
698.5,7.5613,3.4987
684.0999999999999,7.5735,3.4078
669.6999999999999,7.5146,3.2405
655.295,7.4557,3.0732
640.89,7.3968,2.9058
626.49,7.3379,2.7386
612.09,7.279,2.5713
597.69,7.2201,2.404
583.2850000000001,7.139,2.246
568.8800000000001,7.0105,2.1082
554.48,6.882,1.9703
540.08,6.7536,1.8325
525.675,6.625,1.6946
511.27,6.4965,1.5567
496.87000000000006,6.3681,1.4189
482.47,6.2396,1.281
468.07,6.3289,1.26
453.66499999999996,6.4575,1.26
439.26,6.586,1.26
424.86,6.7145,1.26
410.46,6.843,1.26
396.05999999999995,6.9715,1.26
381.655,7.1001,1.26
367.24999999999994,6.8364,1.1654
352.85,6.5401,1.063
338.45000000000005,6.2439,0.96059
324.05,5.9476,0.85817
309.645,5.6512,0.75571
295.24,5.7176,0.74553
280.84,6.2165,0.84529
266.44,6.7153,0.94505
252.04000000000005,7.2141,1.0448
237.635,7.4291,1.0937
223.23,7.2928,1.0795
208.83,7.1566,1.0653
194.42999999999998,7.0204,1.0511
180.02499999999998,7.2739,1.1152
165.61999999999998,7.5596,1.1858
151.22000000000003,7.8451,1.2563
136.82,7.9109,1.2441
122.42,7.9647,1.2273
108.015,8.0185,1.2105
93.61,8.3334,1.2748
79.21000000000001,8.656,1.3416
64.81,8.9785,1.4083
50.41,9.301,1.475
36.004999999999995,9.6237,1.5418
21.6,9.9463,1.6086
7.2,10.269,1.6753
649.045,11.797,2.3172
635.615,11.684,2.3339
617.71,11.532,2.3561
599.805,11.381,2.3784
581.9,11.229,2.4007
563.995,11.078,2.423
546.0899999999999,10.926,2.4453
528.185,10.775,2.4675
510.2800000000001,10.789,2.4652
492.375,11.015,2.4316
474.47,11.241,2.3981
456.57000000000005,11.487,2.3969
438.66499999999996,11.838,2.5618
420.76000000000005,12.189,2.7266
402.85499999999996,12.15,2.72
384.95,11.251,2.3354
367.045,10.352,1.9508
349.14,11.593,2.3281
331.235,13.495,2.941
313.33,13.902,3.0168
295.425,12.048,2.2796
277.52,10.916,1.8107
259.615,12.442,2.3287
241.70999999999998,13.729,2.7753
223.81,12.612,2.5024
205.905,11.788,2.292
188.0,12.652,2.4397
170.095,12.825,2.3676
152.19,11.913,1.9504
134.285,11.775,1.8317
116.38,12.59,2.0812
98.47500000000001,13.588,2.4068
80.57000000000001,15.303,3.0314
62.665,17.018,3.6561
44.76,18.733,4.2807
26.855,20.447,4.9053
8.95,22.162,5.5299
318.21,5.503,0.25349
313.355,5.5017,0.25414
304.53,5.4994,0.25532
295.705,5.497,0.2565
286.875,5.4946,0.25769
278.04499999999996,5.4923,0.25887
269.22,5.4899,0.26005
260.395,5.4875,0.26123
251.56499999999997,5.4852,0.26242
242.74,5.4828,0.2636
233.915,5.4804,0.26478
225.085,5.4781,0.26596
216.26000000000002,5.4757,0.26715
207.435,5.4733,0.26833
198.605,5.471,0.26951
189.78,5.4864,0.2747
180.955,5.5145,0.28271
172.125,5.5426,0.29073
163.295,5.5706,0.29875
154.47,5.5987,0.30677
145.645,5.605,0.31499
136.815,5.5967,0.32335
127.99,5.5883,0.3317
119.16499999999999,5.5799,0.33988
110.33500000000001,5.5697,0.32275
101.51,5.5594,0.30564
92.685,5.5493,0.28965
83.855,5.5413,0.28564
75.03,5.5333,0.28164
66.205,5.4906,0.27768
57.37499999999999,5.4241,0.27377
48.545,5.361,0.27
39.720000000000006,5.3869,0.27
30.895,5.4128,0.27
22.065,5.4388,0.27
13.239999999999998,5.4648,0.27
4.415,5.4907,0.27
722.235,4.109,0.59407
714.75,4.1416,0.58656
707.2700000000001,4.1741,0.57906
699.785,4.2066,0.57156
692.3,4.2391,0.56405
684.8149999999999,4.2717,0.55654
677.33,4.3042,0.54904
669.845,4.3367,0.54153
662.36,4.3692,0.53402
654.88,4.4017,0.52652
647.3950000000001,4.4343,0.51901
639.91,4.4668,0.51151
632.4250000000001,4.4993,0.504
624.94,4.5319,0.49649
617.4549999999999,4.5644,0.48899
609.97,4.5969,0.48148
602.485,4.6295,0.47397
595.0,4.662,0.46647
587.5200000000001,4.6932,0.46727
580.035,4.7161,0.52005
572.55,4.739,0.57283
565.065,4.7619,0.62561
557.5799999999999,4.7848,0.67839
550.095,4.8077,0.73117
542.61,4.8306,0.78395
535.13,4.8535,0.83669
527.645,4.8764,0.88947
520.16,4.8993,0.94225
512.675,4.9248,0.98542
505.19000000000005,4.9756,0.93733
497.7049999999999,5.0264,0.88924
490.21999999999997,5.0771,0.84115
482.74,5.1278,0.79309
475.255,5.1786,0.74499
467.77000000000004,5.2294,0.6969
460.285,5.2801,0.64881
452.79999999999995,5.3149,0.63099
445.315,5.3393,0.63262
437.83,5.3637,0.63424
430.35,5.388,0.63587
422.865,5.4124,0.6375
415.38,5.4368,0.63912
407.895,5.4474,0.6417
400.41,5.4419,0.6454
392.925,5.4364,0.64909
385.44,5.4308,0.65278
377.96,5.4253,0.65647
370.475,5.4279,0.6609
362.99,5.6064,0.68118
355.505,5.7849,0.70147
348.02,5.9634,0.72175
340.53499999999997,6.1419,0.74204
333.04999999999995,6.3123,0.75638
325.57000000000005,6.4197,0.7248
318.085,6.5271,0.69321
310.59999999999997,6.6345,0.66161
303.115,6.742,0.63001
295.63,6.8417,0.6322
288.145,6.9282,0.69274
280.66,7.0147,0.75328
273.17999999999995,7.1011,0.81377
265.695,7.1876,0.87431
258.21,7.2182,0.86204
250.72499999999997,7.2293,0.82429
243.24,7.2404,0.78654
235.755,7.2515,0.74879
228.27,7.259,0.72
220.79,7.2547,0.72
213.305,7.2504,0.72
205.82,7.2462,0.72
198.335,7.2419,0.72
190.85000000000002,7.3025,0.73674
183.365,7.4161,0.76717
175.87999999999997,7.5297,0.7976
168.39499999999998,7.6433,0.82803
160.91,7.7569,0.85846
153.43,7.7826,0.89894
145.945,7.7546,0.94562
138.46,7.7266,0.9923
130.975,7.6986,1.039
123.49000000000001,7.6706,1.0857
116.005,7.6599,1.124
108.52000000000001,7.6975,1.139
101.03999999999999,7.7351,1.154
93.55499999999999,7.7727,1.1691
86.07000000000001,7.8103,1.1841
78.58500000000001,7.8479,1.1991
71.1,7.8854,1.2142
63.615,7.923,1.2292
56.13,7.9606,1.2443
48.65,7.9982,1.2593
41.165,8.0358,1.2743
33.68,8.0733,1.2893
26.195000000000004,8.1109,1.3044
18.71,8.1485,1.3194
11.225000000000001,8.1861,1.3344
3.7399999999999998,8.2237,1.3495
498.865,5.1159,0.1734
494.45,5.1599,0.19237
488.925,5.2149,0.2161
483.4,5.27,0.23983
477.875,5.3251,0.26356
472.34999999999997,5.3801,0.2873
466.825,5.4352,0.31103
461.3,5.4902,0.33476
455.77500000000003,5.5453,0.35849
450.25000000000006,5.6004,0.38223
444.725,5.6554,0.40596
439.20000000000005,5.7105,0.42969
433.675,5.7655,0.45342
428.15000000000003,5.8206,0.47715
422.63,5.8756,0.50087
417.105,5.9307,0.5246
411.58,5.9857,0.54833
406.055,6.0408,0.57206
400.53,6.0958,0.59579
395.005,6.1509,0.61953
389.48,6.206,0.64326
383.955,6.261,0.66699
378.43,6.3161,0.69072
372.90500000000003,6.3711,0.71445
367.38000000000005,6.4262,0.73819
361.85999999999996,6.4812,0.7619
356.335,6.5376,0.78936
350.81,6.5946,0.81874
345.285,6.6517,0.84813
339.76,6.7087,0.87752
334.235,6.7658,0.90691
328.71,6.8228,0.9363
323.185,6.8362,0.93584
317.66,6.8434,0.93108
312.135,6.8505,0.92632
306.61,6.8577,0.92156
301.09,6.8968,0.90646
295.56499999999994,6.9515,0.88629
290.03999999999996,7.0062,0.86612
284.515,7.0628,0.86749
278.98999999999995,7.1265,0.95464
273.465,7.1901,1.0418
267.94,7.1933,1.0799
262.415,6.9779,0.94121
256.89,6.7626,0.80253
251.365,6.6534,0.73681
245.84,6.6605,0.75109
240.31999999999996,6.6677,0.76536
234.795,6.5997,0.76459
229.26999999999998,6.4955,0.75658
223.745,6.3865,0.74023
218.22000000000003,6.2552,0.68548
212.69500000000002,6.1238,0.63074
207.17000000000002,6.1044,0.6128
201.645,6.2285,0.642
196.12,6.3526,0.67119
190.59500000000003,6.5837,0.73862
185.07000000000002,6.861,0.82255
179.54999999999998,7.1382,0.90642
174.02499999999998,6.9404,0.86109
168.49999999999997,6.7214,0.81
162.975,6.5791,0.76709
157.45,6.7132,0.75368
151.92499999999998,6.8472,0.74028
146.39999999999998,6.9123,0.72735
140.875,6.7509,0.71603
135.35000000000002,6.5895,0.7047
129.82500000000002,6.4281,0.69338
124.3,6.3484,0.69
118.78,6.3034,0.69
113.255,6.2584,0.69
107.72999999999999,6.2134,0.69
102.20499999999998,6.2983,0.69
96.68,6.3938,0.69
91.155,6.4892,0.69
85.63,6.5846,0.69
80.105,6.6472,0.69241
74.58000000000001,6.6645,0.69815
69.055,6.6817,0.70389
63.53,6.6989,0.70964
58.01,6.7161,0.71537
52.48500000000001,6.7333,0.72112
46.96,6.7506,0.72686
41.435,6.7678,0.7326
35.91,6.785,0.73834
30.384999999999998,6.8022,0.74408
24.86,6.8195,0.74983
19.335,6.8367,0.75557
13.81,6.8539,0.76131
8.285,6.8712,0.76705
2.76,6.8884,0.7728
785.2099999999999,4.4101,0.80723
771.31,4.4294,0.80682
757.415,4.4487,0.80641
743.52,4.468,0.806
729.6199999999999,4.4873,0.80559
715.72,4.5066,0.80518
701.825,4.5259,0.80477
687.9300000000001,4.5451,0.80436
674.03,4.5644,0.80395
660.13,4.5837,0.80354
646.235,4.603,0.80313
632.34,4.6223,0.80272
618.4399999999999,4.6416,0.80231
604.54,4.6609,0.8019
590.645,4.6802,0.80149
576.75,4.6995,0.80108
562.8499999999999,4.7188,0.80067
548.95,4.7381,0.80025
535.0550000000001,4.7574,0.79984
521.16,4.7767,0.79943
507.26000000000005,4.7959,0.79902
493.36,4.8152,0.79861
479.46500000000003,4.8345,0.7982
465.57000000000005,4.8538,0.79779
451.67,4.8731,0.79738
437.77,4.8924,0.79697
423.875,4.9117,0.79656
409.98,4.931,0.79615
396.08,4.9503,0.79574
382.17999999999995,4.9696,0.79533
368.28499999999997,4.9889,0.79492
354.39,5.0082,0.79451
340.49,5.0274,0.7941
326.59,5.0468,0.79369
312.695,5.066,0.79328
298.8,5.0853,0.79287
284.9,5.1046,0.79245
271.0,5.1239,0.79204
257.105,5.1432,0.79163
243.20999999999998,5.1625,0.79122
229.31,5.1818,0.79081
215.41,5.2011,0.7904
201.515,5.22,0.78976
187.62,5.221,0.77741
173.72,5.2221,0.76507
159.82000000000002,5.2231,0.75272
145.925,5.2241,0.74038
132.02999999999997,5.2252,0.72803
118.13,5.2262,0.71569
104.23,5.2272,0.70334
90.335,5.2283,0.691
76.44000000000001,5.2293,0.67865
62.54,5.2303,0.6663
48.64,5.2313,0.65396
34.745,5.2324,0.64161
20.85,5.2334,0.62927
6.949999999999999,5.2344,0.61692
486.65500000000003,7.1507,1.1307
469.58,7.2177,1.1302
452.505,7.3219,1.147
435.43,7.4607,1.1799
418.35,7.5996,1.2128
401.275,7.7385,1.2457
384.2,7.8773,1.2786
367.12500000000006,8.0162,1.3115
350.04999999999995,8.155,1.3443
332.975,8.2939,1.3772
315.90000000000003,8.4327,1.4101
298.825,8.5716,1.443
281.75,8.7104,1.4759
264.67,8.7052,1.4444
247.595,8.5919,1.3646
230.52,8.4786,1.2848
213.445,8.3652,1.2049
196.36999999999998,8.2519,1.1251
179.295,8.1385,1.0453
162.22,8.0085,0.99299
145.14,7.8407,1.0027
128.065,7.6729,1.0124
110.99000000000001,7.5051,1.0222
93.91499999999999,7.3673,1.0203
76.83999999999999,7.3534,0.97038
59.765,7.3396,0.92047
42.69,7.3257,0.87057
25.615,7.32,0.85
8.540000000000001,7.32,0.85
591.2649999999999,7.866,2.4327
577.0150000000001,7.9883,2.4444
562.765,8.1106,2.4561
548.52,8.2328,2.4679
534.2750000000001,8.355,2.4796
520.025,8.4773,2.4913
505.775,8.5996,2.5031
491.53000000000003,8.7218,2.5148
477.285,8.844,2.5265
463.03499999999997,8.9663,2.5382
448.79,9.0885,2.55
434.545,9.2108,2.5617
420.29499999999996,9.3331,2.5734
406.045,9.4553,2.5852
391.8,9.5776,2.5969
377.55499999999995,9.7296,2.6707
363.305,9.8924,2.7669
349.055,10.055,2.8631
334.81,10.218,2.9593
320.565,10.381,3.0555
306.315,10.544,3.1517
292.07,10.707,3.2479
277.825,10.869,3.3441
263.575,11.032,3.4404
249.32500000000002,11.195,3.5366
235.08,11.358,3.6328
220.835,11.521,3.729
206.585,11.499,3.7123
192.335,11.34,3.6117
178.09000000000003,11.181,3.5111
163.84500000000003,11.022,3.4106
149.595,10.863,3.31
135.35000000000002,10.704,3.2094
121.105,10.546,3.1089
106.855,10.386,3.0083
92.60499999999999,10.228,2.9077
78.36,10.069,2.8072
64.11500000000001,10.01,2.77
49.865,10.01,2.77
35.615,10.01,2.77
21.37,10.01,2.77
7.125,10.01,2.77
506.93,8.9671,0.81142
502.36499999999995,8.962,0.83209
496.995,8.9559,0.85641
491.62,8.9498,0.88074
486.245,8.9437,0.90508
480.875,8.9376,0.92939
475.505,8.9316,0.95371
470.13000000000005,8.9255,0.97804
464.75500000000005,8.9194,1.0024
459.385,8.9133,1.0267
454.01000000000005,8.9072,1.051
448.635,8.9012,1.0754
443.26500000000004,8.8951,1.0997
437.89,8.889,1.124
432.515,8.8829,1.1483
427.145,8.8768,1.1727
421.77500000000003,8.8707,1.197
416.4,8.9431,1.2024
411.025,9.0267,1.2051
405.655,9.1101,1.2079
400.28,9.1936,1.2106
394.90500000000003,9.2771,1.2133
389.535,9.3605,1.2161
384.16499999999996,9.4439,1.2188
378.78999999999996,9.4997,1.2233
373.415,9.5342,1.229
368.045,9.5688,1.2348
362.6700000000001,9.6034,1.2406
357.295,9.638,1.2463
351.925,9.6725,1.2521
346.555,9.7071,1.2578
341.18000000000006,9.638,1.2345
335.805,9.5068,1.1939
330.43500000000006,9.3758,1.1532
325.06,9.2447,1.1125
319.685,9.1136,1.0718
314.315,8.9826,1.0312
308.94500000000005,8.8516,0.9905
303.57,8.954,1.0373
298.195,9.0592,1.0851
292.825,9.1644,1.1329
287.45,9.2696,1.1807
282.07500000000005,9.3749,1.2286
276.705,9.4801,1.2764
271.33,9.3141,1.2319
265.955,9.0403,1.1506
260.58500000000004,8.7668,1.0694
255.21499999999997,8.4932,0.98825
249.84,8.2194,0.90699
244.46499999999997,7.9768,0.83441
239.095,8.2974,0.91838
233.72,8.6183,1.0024
228.34500000000003,8.9392,1.0865
222.975,9.2598,1.1704
217.605,9.5805,1.2544
212.23,9.6218,1.2551
206.85500000000002,9.5995,1.2369
201.48499999999999,9.5772,1.2187
196.11,9.5549,1.2004
190.73499999999999,9.5326,1.1821
185.365,9.4878,1.158
179.995,9.44,1.1331
174.62,9.3922,1.1081
169.245,9.3444,1.0832
163.875,9.2849,1.057
158.5,9.0716,1.0143
153.125,8.8582,0.97164
147.755,8.6451,0.92902
142.385,8.4319,0.88639
137.01,8.337,0.86723
131.635,8.4338,0.88619
126.26500000000001,8.5306,0.90512
120.89,8.6275,0.92408
115.515,8.7244,0.94303
110.145,8.7672,0.98377
104.775,8.7787,1.0372
99.4,8.7902,1.0907
94.02499999999999,8.8016,1.1442
88.65500000000002,8.8131,1.1976
83.27999999999999,8.8263,1.2143
77.905,8.8425,1.1746
72.53499999999998,8.8585,1.1349
67.16,8.8747,1.0952
61.785,8.8908,1.0555
56.415,8.9069,1.0158
51.045,8.9229,0.97609
45.67,8.939,0.93636
40.294999999999995,8.9551,0.89664
34.925,8.9712,0.85695
29.55,8.9873,0.81722
24.174999999999997,9.0035,0.7775
18.805,9.0195,0.73781
13.434999999999999,9.0356,0.69812
8.059999999999999,9.0517,0.65839
2.685,9.0678,0.61867
652.89,3.6014,0.44296
644.245,3.6685,0.45299
635.595,3.7356,0.46303
626.9449999999999,3.8028,0.47306
618.2950000000001,3.8699,0.48309
609.65,3.937,0.49312
601.005,4.0042,0.50315
592.355,4.0713,0.51318
583.705,4.1384,0.52321
575.0600000000001,4.2055,0.53324
566.415,4.2727,0.54327
557.7650000000001,4.3398,0.5533
549.115,4.407,0.56334
540.47,4.4741,0.57337
531.825,4.5412,0.58339
523.175,4.6083,0.59343
514.525,4.6755,0.60346
505.88,4.7426,0.61349
497.23499999999996,4.8097,0.62352
488.58500000000004,4.8768,0.63355
479.935,4.935,0.6406
471.28999999999996,4.9769,0.64227
462.645,5.0188,0.64395
453.99500000000006,5.0607,0.64563
445.34499999999997,5.1027,0.64731
436.7,5.1446,0.64898
428.05499999999995,5.1865,0.65066
419.40500000000003,5.2284,0.65234
410.755,5.2704,0.65402
402.10999999999996,5.3123,0.65569
393.465,5.3542,0.65737
384.815,5.3961,0.65905
376.16499999999996,5.3919,0.6555
367.52000000000004,5.3267,0.64507
358.875,5.2615,0.63464
350.225,5.1962,0.6242
341.575,5.131,0.61376
332.93,5.0658,0.60333
324.285,5.0006,0.5929
315.635,4.9354,0.58246
306.98499999999996,4.8701,0.57202
298.34,4.8049,0.56159
289.69500000000005,4.7397,0.55116
281.045,4.6745,0.54072
272.395,4.7913,0.56613
263.75,4.9216,0.59418
255.10500000000002,5.0518,0.62223
246.455,5.1821,0.6503
237.80499999999998,5.3124,0.67837
229.16,5.4427,0.70642
220.51500000000001,5.5729,0.73447
211.865,5.7032,0.76254
203.215,5.8335,0.79061
194.57000000000002,5.9638,0.81866
185.925,5.7921,0.77342
177.275,5.6051,0.72448
168.625,5.4181,0.67554
159.98000000000002,5.2312,0.62663
151.335,5.0443,0.57771
142.685,4.8574,0.52877
134.03500000000003,4.6704,0.47983
125.39,4.4835,0.43091
116.745,4.3953,0.41534
108.095,4.309,0.4004
99.44500000000001,4.2226,0.38545
90.8,4.1363,0.37052
82.155,4.05,0.35558
73.505,3.9637,0.34063
64.85499999999999,3.7431,0.30852
56.209999999999994,3.5168,0.27566
47.565,3.2904,0.2428
38.915000000000006,3.0639,0.20992
30.265,2.8374,0.17704
21.62,2.72,0.16
12.975,2.72,0.16
4.325,2.72,0.16
549.015,11.376,2.7541
531.5849999999999,11.672,2.9221
514.16,11.937,3.0114
496.73499999999996,12.129,2.9155
479.305,11.774,2.7835
461.87500000000006,10.927,2.6191
444.445,13.241,3.6889
427.01500000000004,13.606,3.8644
409.585,12.12,3.0543
392.15500000000003,10.889,2.2652
374.72499999999997,11.506,2.9282
357.295,12.573,3.2052
339.86499999999995,10.952,2.2874
322.435,13.249,3.1135
305.01,10.988,2.335
287.585,11.177,2.3252
270.15500000000003,10.981,2.4301
252.72499999999997,11.919,2.8114
235.29500000000002,10.923,2.4502
217.865,12.127,2.9359
200.435,12.091,2.7977
183.005,11.918,2.8012
165.575,12.695,2.8281
148.145,9.9869,1.8583
130.715,10.431,1.9512
113.285,9.8576,2.0438
95.86,11.28,2.2537
78.435,10.447,1.9423
61.005,8.6459,1.2395
43.575,7.727,1.0641
26.145000000000003,6.117,0.61858
8.715,4.4282,0.33711
397.49500000000006,6.3715,1.4773
385.26,6.3621,1.4232
373.025,6.3528,1.3691
360.79499999999996,6.3434,1.3151
348.565,6.3341,1.2611
336.335,6.3247,1.207
324.10499999999996,6.2966,1.163
311.875,6.2497,1.1288
299.645,6.2028,1.0947
287.41499999999996,6.1559,1.0606
275.185,6.109,1.0265
262.955,6.062,0.99239
250.72499999999997,6.0151,0.95828
238.495,5.9682,0.92417
226.265,5.9213,0.89005
214.035,5.8829,0.8619
201.805,5.9067,0.87783
189.575,5.9307,0.89377
177.345,5.9546,0.90971
165.115,5.9785,0.92565
152.885,6.0024,0.94158
140.655,6.0263,0.95752
128.42000000000002,6.0064,0.95882
116.18500000000002,5.9785,0.95742
103.955,5.9505,0.95603
91.725,5.9226,0.95463
79.495,5.8947,0.95324
67.265,5.8668,0.95184
55.035000000000004,5.8388,0.95044
42.80499999999999,5.83,0.95
30.575,5.83,0.95
18.345,5.83,0.95
6.115,5.83,0.95
677.2,4.9766,2.6697
669.375,4.9864,2.6072
661.5450000000001,4.9962,2.5446
653.715,5.006,2.4819
645.885,5.0157,2.4194
638.0550000000001,5.0255,2.3567
630.225,5.0353,2.2941
622.395,5.0451,2.2315
614.565,5.0549,2.1689
606.74,5.0646,2.1064
598.915,5.0744,2.0438
591.0849999999999,5.0842,1.9812
583.255,5.094,1.9186
575.425,5.1037,1.856
567.5949999999999,5.1135,1.7934
559.765,5.1233,1.7308
551.935,5.1331,1.6682
544.1049999999999,5.1429,1.6056
536.28,5.1527,1.543
528.455,5.1624,1.4805
520.625,5.1722,1.4178
512.795,5.182,1.3552
504.965,5.1918,1.2926
497.135,5.2138,1.2435
489.305,5.3005,1.2653
481.47499999999997,5.3872,1.2872
473.645,5.4739,1.3091
465.815,5.5606,1.3309
457.99,5.6472,1.3528
450.16499999999996,5.7338,1.3746
442.335,5.8205,1.3965
434.505,5.9072,1.4183
426.675,5.9939,1.4402
418.845,6.0806,1.4621
411.01500000000004,6.1673,1.4839
403.185,6.254,1.5058
395.355,6.3407,1.5276
387.53000000000003,6.3869,1.53
379.70500000000004,6.4282,1.53
371.875,6.4695,1.53
364.045,6.5108,1.53
356.21500000000003,6.5522,1.53
348.385,6.5935,1.53
340.555,6.6348,1.53
332.72499999999997,6.6761,1.53
324.895,6.7175,1.53
317.06999999999994,6.7588,1.53
309.245,6.7819,1.5105
301.41499999999996,6.7982,1.4837
293.585,6.8145,1.4569
285.755,6.8308,1.4301
277.92499999999995,6.8471,1.4033
270.09499999999997,6.8635,1.3765
262.26500000000004,6.8798,1.3497
254.43500000000003,6.8961,1.3229
246.60999999999999,6.9229,1.3067
238.785,7.0104,1.3523
230.95499999999998,7.0979,1.3978
223.125,7.1855,1.4434
215.29500000000002,7.2731,1.489
207.465,7.3606,1.5346
199.63500000000002,7.4482,1.5802
191.805,7.5358,1.6258
183.975,7.6234,1.6713
176.15,7.6815,1.6582
168.325,7.7329,1.6312
160.495,7.7842,1.6043
152.665,7.8356,1.5773
144.83499999999998,7.8869,1.5504
137.005,7.9383,1.5234
129.175,7.9897,1.4964
121.34500000000001,8.042,1.471
113.515,8.1457,1.5212
105.69000000000001,8.2492,1.5714
97.86500000000001,8.3528,1.6217
90.03500000000001,8.4564,1.6719
82.205,8.56,1.7221
74.375,8.6637,1.7724
66.54499999999999,8.7673,1.8226
58.715,8.8709,1.8729
50.885,8.9745,1.9231
43.05499999999999,9.0782,1.9733
35.23,9.1817,2.0236
27.404999999999998,9.2853,2.0738
19.575000000000003,9.3889,2.124
11.745000000000001,9.4925,2.1742
3.915,9.5961,2.2245
500.65000000000003,1.1811,0.083804
493.745,1.2079,0.087089
486.83500000000004,1.2348,0.090376
479.92999999999995,1.2616,0.093662
473.02500000000003,1.2884,0.096947
466.12,1.3152,0.10023
459.21500000000003,1.3421,0.10352
452.31,1.3689,0.1068
445.405,1.3957,0.11009
438.5,1.4225,0.11337
431.595,1.4494,0.11666
424.69,1.4762,0.11994
417.78499999999997,1.503,0.12323
410.875,1.5299,0.12652
403.96999999999997,1.5567,0.1298
397.065,1.5836,0.13309
390.16,1.6104,0.13637
383.255,1.6372,0.13966
376.35,1.664,0.14294
369.44500000000005,1.6909,0.14623
362.53999999999996,1.7177,0.14951
355.63500000000005,1.7445,0.1528
348.725,1.7714,0.15609
341.82,1.7982,0.15937
334.91499999999996,1.825,0.16266
328.01000000000005,1.8519,0.16594
321.10499999999996,1.8787,0.16923
314.20000000000005,1.9055,0.17251
307.29499999999996,1.9324,0.1758
300.39,1.9592,0.17908
293.485,1.986,0.18237
286.58,2.0128,0.18565
279.675,2.0397,0.18894
272.76500000000004,2.0665,0.19223
265.86,2.0933,0.19551
258.955,2.1202,0.1988
252.04999999999998,2.147,0.20208
245.145,2.1738,0.20537
238.24,2.2007,0.20865
231.335,2.2275,0.21194
224.43,2.2543,0.21522
217.52500000000003,2.2812,0.21851
210.615,2.308,0.2218
203.71,2.3348,0.22508
196.805,2.3617,0.22837
189.9,2.3885,0.23165
182.995,2.4153,0.23494
176.09,2.4421,0.23822
169.18499999999997,2.469,0.24151
162.27999999999997,2.4958,0.24479
155.37499999999997,2.5226,0.24808
148.47,2.5495,0.25136
141.565,2.5763,0.25465
134.65500000000003,2.6031,0.25794
127.75,2.6274,0.26093
120.845,2.6474,0.26343
113.94,2.6675,0.26593
107.03500000000001,2.6875,0.26843
100.13,2.7075,0.27094
93.22500000000001,2.7275,0.27344
86.32000000000001,2.7475,0.27594
79.415,2.7675,0.27844
72.505,2.7875,0.28094
65.6,2.8075,0.28344
58.695,2.8276,0.28595
51.790000000000006,2.8476,0.28845
44.885,2.8676,0.29095
37.98,2.8876,0.29345
31.075,2.9076,0.29595
24.169999999999998,2.9276,0.29845
17.265,2.9476,0.30095
10.36,2.9676,0.30345
3.455,2.9876,0.30596
344.95,9.2155,2.1572
324.045,9.5437,2.2145
303.135,9.872,2.2719
282.22999999999996,10.009,2.2638
261.32500000000005,9.7675,2.1263
240.42,9.5261,1.9888
219.51500000000001,9.2847,1.8513
198.605,9.0432,1.7138
177.70000000000002,8.8018,1.5763
156.79500000000002,8.5757,1.4455
135.89000000000001,8.5222,1.3901
114.985,8.4688,1.3347
94.07499999999999,8.4154,1.2793
73.17,8.362,1.2239
52.265,8.31,1.17
31.36,8.31,1.17
10.455,8.31,1.17
589.99,5.484,2.136
580.07,5.5245,2.1353
570.155,5.5651,2.1345
560.2400000000001,5.6056,2.1338
550.3249999999999,5.6461,2.133
540.4100000000001,5.6867,2.1323
530.4949999999999,5.7272,2.1315
520.58,5.7677,2.1308
510.66,5.8083,2.13
500.745,5.8488,2.1293
490.83,5.8894,2.1285
480.91499999999996,5.9299,2.1278
471.0,5.9704,2.127
461.085,6.011,2.1263
451.16999999999996,6.0515,2.1255
441.25000000000006,6.0921,2.1248
431.33500000000004,6.1326,2.124
421.42,6.1731,2.1233
411.505,6.2137,2.1225
401.59,6.2542,2.1218
391.66999999999996,6.2948,2.121
381.755,6.3353,2.1203
371.84000000000003,6.35,2.0369
361.925,6.35,1.9065
352.01000000000005,6.35,1.7761
342.095,6.35,1.6458
332.18,6.35,1.5154
322.26,6.35,1.3849
312.34499999999997,6.35,1.2546
302.42999999999995,6.35,1.1242
292.515,6.35,0.99379
282.59999999999997,6.306,0.95811
272.685,6.2522,0.94356
262.77,6.1983,0.92901
252.85000000000002,6.1445,0.91446
242.935,6.0907,0.89991
233.02,6.0368,0.88536
223.105,5.983,0.87081
213.19,6.0488,0.87706
203.27499999999998,6.1216,0.88453
193.36,6.1945,0.892
183.44,6.2674,0.89948
173.52499999999998,6.3403,0.90695
163.61,6.492,0.92096
153.69500000000002,6.698,0.93949
143.78000000000003,6.9041,0.95801
133.85999999999999,7.1103,0.97654
123.945,7.2509,0.9886
114.02999999999999,7.2175,0.98346
104.115,7.1841,0.97832
94.2,7.1507,0.97318
84.285,7.13,0.97211
74.36999999999999,7.13,0.97765
64.45,7.13,0.98319
54.535,7.13,0.98874
44.62,7.13,0.99428
34.705,7.13,0.99982
24.79,7.13,1.0054
14.875,7.13,1.0109
4.96,7.13,1.0164
248.145,2.6869,0.39341
240.51,2.7532,0.38689
232.875,2.8195,0.38038
225.24,2.8858,0.37386
217.605,2.9521,0.36734
209.97,3.0184,0.36082
202.33499999999998,3.0846,0.3543
194.7,3.1509,0.34778
187.06499999999997,3.2172,0.34126
179.42999999999998,3.2835,0.33474
171.795,3.3498,0.32822
164.16,3.4161,0.3217
156.52500000000003,3.4824,0.31518
148.89000000000001,3.5486,0.30866
141.25,3.615,0.30213
133.61499999999998,3.6812,0.29562
125.98,3.7475,0.28909
118.345,3.8138,0.28258
110.71000000000001,3.7975,0.27717
103.075,3.7273,0.27249
95.44,3.6571,0.26781
87.80499999999999,3.5869,0.26313
80.16999999999999,3.5167,0.25845
72.535,3.4465,0.25377
64.9,3.3749,0.24892
57.26499999999999,3.2975,0.2434
49.629999999999995,3.2201,0.23787
41.995,3.1427,0.23234
34.36,3.0558,0.22126
26.724999999999998,2.9619,0.20611
19.09,2.8679,0.19096
11.455,2.8,0.18
3.82,2.8,0.18
115.025,4.0706,0.63049
110.99000000000001,4.0344,0.63841
106.94999999999999,3.9981,0.64635
102.915,3.9619,0.65427
98.88,3.9257,0.66219
94.845,3.8895,0.67012
90.81,3.8533,0.67804
86.77,3.817,0.68597
82.735,3.7808,0.69389
78.69999999999999,3.7446,0.70182
74.665,3.7083,0.70974
70.63,3.6721,0.71766
66.59,3.6359,0.72559
62.555,3.5996,0.73352
58.52,3.5714,0.73761
54.48500000000001,3.5791,0.72448
50.45,3.5867,0.71136
46.415,3.5944,0.69823
42.38,3.602,0.6851
38.339999999999996,3.6097,0.67195
34.305,3.6174,0.65882
30.27,3.625,0.64569
26.235000000000003,3.6327,0.63256
22.199999999999996,3.6403,0.61943
18.160000000000004,3.648,0.60629
14.125,3.6557,0.59316
10.09,3.6633,0.58003
6.055000000000001,3.671,0.5669
2.02,3.6786,0.55377
87.07000000000001,4.0052,0.34566
79.495,3.9491,0.37373
71.925,4.2416,0.41124
64.35499999999999,4.2094,0.39988
56.785000000000004,4.0748,0.38345
49.214999999999996,3.8184,0.34744
41.645,3.5377,0.35133
34.075,3.2308,0.25765
26.500000000000004,3.1708,0.26074
18.925,3.0181,0.23962
11.355,2.5829,0.20486
3.785,2.36,0.19
204.62,2.6325,0.18819
199.69500000000002,2.6745,0.19254
194.225,2.7212,0.19737
188.755,2.7679,0.2022
183.28499999999997,2.8146,0.20702
177.815,2.8612,0.21185
172.34,2.908,0.21669
166.86499999999998,2.9547,0.22152
161.395,3.0014,0.22635
155.92499999999998,3.048,0.23118
150.455,3.0947,0.23601
144.98499999999999,3.1414,0.24083
139.515,3.1881,0.24566
134.04500000000002,3.2277,0.25021
128.575,3.2054,0.25223
123.1,3.1831,0.25426
117.62500000000001,3.1608,0.25629
112.155,3.1385,0.25832
106.685,3.1164,0.2596
101.215,3.0953,0.25726
95.74499999999999,3.0742,0.25491
90.27499999999999,3.0531,0.25257
84.805,3.032,0.25022
79.33500000000001,3.0835,0.25
73.86000000000001,3.1425,0.25
68.385,3.2016,0.25
62.915,3.2597,0.24989
57.44499999999999,3.2251,0.23836
51.975,3.1905,0.22684
46.505,3.156,0.21532
41.035000000000004,3.0572,0.20632
35.565,2.9032,0.19948
30.094999999999995,2.7493,0.19264
24.62,2.6919,0.18809
19.145000000000003,2.695,0.18499
13.674999999999999,2.6981,0.1819
8.205,2.7012,0.1788
2.735,2.7043,0.1757
992.6300000000001,4.673,2.5544
971.71,4.718,2.5023
950.8149999999999,4.7631,2.4503
929.9200000000001,4.8082,2.3982
909.02,4.8533,2.3462
888.125,4.8984,2.2941
867.2299999999999,4.9435,2.2421
846.33,4.9886,2.19
825.435,5.0336,2.138
804.5400000000001,5.0787,2.0859
783.64,5.1238,2.0338
762.74,5.1689,1.9818
741.8450000000001,5.214,1.9297
720.9499999999999,5.2591,1.8777
700.0500000000001,5.3042,1.8256
679.155,5.3493,1.7735
658.2600000000001,5.3943,1.7215
637.3599999999999,5.4394,1.6694
616.46,5.4845,1.6174
595.565,5.5296,1.5653
574.67,5.5747,1.5132
553.7700000000001,5.6198,1.4612
532.875,5.6649,1.4091
511.98,5.71,1.3571
491.08000000000004,5.755,1.305
470.18499999999995,5.8001,1.2529
449.28999999999996,5.8976,1.2454
428.39,6.0364,1.2731
407.49,6.1752,1.3007
386.595,6.314,1.3283
365.70000000000005,6.4527,1.3559
344.8,6.5915,1.3835
323.905,6.7303,1.4112
303.01,6.869,1.4388
282.10999999999996,7.0078,1.4664
261.21,7.1466,1.494
240.315,7.2854,1.5216
219.42000000000002,7.4241,1.5492
198.51999999999998,7.5629,1.5768
177.62499999999997,7.7017,1.6045
156.73,7.8404,1.6321
135.83,7.9792,1.6597
114.935,8.118,1.6873
94.03999999999999,8.2568,1.7149
73.14,8.3956,1.7426
52.239999999999995,8.5343,1.7702
31.345,8.6731,1.7978
10.45,8.8119,1.8254
350.435,4.2223,0.45977
346.52,4.2109,0.45734
342.6,4.1995,0.4549
338.685,4.1881,0.45246
334.77000000000004,4.1768,0.45002
330.855,4.1654,0.44758
326.94,4.154,0.44515
323.02500000000003,4.1426,0.44271
319.11,4.1313,0.44027
315.195,4.1199,0.43783
311.28,4.1085,0.43539
307.365,4.0971,0.43296
303.45,4.0857,0.43052
299.53,4.0744,0.42808
295.61499999999995,4.063,0.42564
291.69999999999993,4.0516,0.4232
287.78499999999997,4.0402,0.42077
283.86999999999995,4.0289,0.41833
279.955,4.0175,0.41589
276.04,4.0061,0.41345
272.125,3.9947,0.41102
268.21,3.9834,0.40858
264.295,3.972,0.40614
260.38,3.9606,0.4037
256.46000000000004,3.9492,0.40126
252.54500000000002,3.9379,0.39882
248.63,3.9265,0.39639
244.715,3.9151,0.39395
240.8,3.9037,0.39151
236.88500000000002,3.8923,0.38907
232.97,3.881,0.38664
229.055,3.8696,0.3842
225.14000000000001,3.8582,0.38176
221.225,3.8468,0.37932
217.31,3.8355,0.37689
213.39000000000001,3.8241,0.37445
209.47500000000002,3.8127,0.37201
205.56000000000003,3.8013,0.36957
201.645,3.79,0.36713
197.73000000000002,3.7786,0.36469
193.81500000000003,3.7672,0.36226
189.9,3.7558,0.35982
185.985,3.7445,0.35738
182.07000000000002,3.7331,0.35495
178.155,3.7217,0.35251
174.24,3.7103,0.35007
170.32,3.7388,0.34814
166.40500000000003,3.7683,0.34623
162.49,3.7979,0.34433
158.57500000000002,3.8275,0.34242
154.66000000000003,3.8571,0.34051
150.745,3.8867,0.3386
146.83,3.9163,0.33669
142.91500000000002,3.9458,0.33478
139.0,3.9754,0.33288
135.085,4.005,0.33097
131.17000000000002,4.0238,0.32946
127.25,4.0315,0.32837
123.335,4.0391,0.32727
119.42,4.0468,0.32618
115.505,4.0544,0.32508
111.58999999999999,4.0621,0.32399
107.675,4.0697,0.32289
103.75999999999999,4.0774,0.3218
99.845,4.0851,0.32071
95.93,4.0754,0.31803
92.015,4.0344,0.31249
88.1,3.9934,0.30694
84.18,3.9523,0.30139
80.265,3.9112,0.29584
76.35,3.8702,0.2903
72.435,3.8292,0.28475
68.52,3.7881,0.27921
64.60499999999999,3.7471,0.27366
60.68999999999999,3.7287,0.27
56.775,3.7542,0.27
52.86000000000001,3.7798,0.27
48.945,3.8053,0.27
45.03,3.8309,0.27
41.10999999999999,3.8565,0.27
37.195,3.882,0.27
33.28,3.9076,0.27
29.365000000000002,3.9331,0.27
25.45,3.9587,0.27
21.535,3.9842,0.27
17.62,4.0098,0.27
13.705,4.0353,0.27
9.790000000000001,4.0609,0.27
5.875,4.0864,0.27
1.96,4.112,0.27
392.025,11.825,7.0267
374.59999999999997,11.433,6.4939
357.18,11.041,5.9612
339.75500000000005,10.649,5.4284
322.33,10.256,4.8956
304.91,9.8642,4.363
287.485,9.4719,3.8302
270.06,9.0796,3.2974
252.64000000000004,8.6875,2.7648
235.215,8.2952,2.232
217.79,7.9029,1.6992
200.37,7.5915,1.3816
182.945,7.3759,1.3193
165.52,7.1604,1.257
148.10000000000002,6.9449,1.1947
130.67499999999998,6.681,1.1211
113.24999999999999,6.2937,1.0183
95.83,5.9065,0.9156
78.405,5.6542,0.83807
60.98,5.4467,0.76891
43.56,4.9098,0.62474
26.134999999999998,4.2488,0.45229
8.71,4.01,0.39
330.51,2.7815,0.51034
327.98499999999996,2.781,0.50686
323.40000000000003,2.7801,0.50055
318.815,2.7792,0.49424
314.22499999999997,2.7783,0.48792
309.635,2.7774,0.48161
305.05,2.7765,0.47529
300.465,2.7756,0.46898
295.875,2.7747,0.46266
291.29,2.7738,0.45635
286.705,2.7729,0.45004
282.115,2.772,0.44372
277.52500000000003,2.7711,0.43741
272.93999999999994,2.7702,0.43109
268.355,2.7692,0.42478
263.76500000000004,2.7683,0.41846
259.17999999999995,2.7675,0.41215
254.59500000000003,2.7666,0.40584
250.00500000000002,2.7656,0.39952
245.415,2.7647,0.3932
240.82999999999998,2.7638,0.38689
236.24499999999998,2.7629,0.38058
231.655,2.762,0.37426
227.06500000000003,2.7611,0.36794
222.48000000000002,2.7602,0.36163
217.895,2.7593,0.35532
213.30500000000004,2.7584,0.349
208.72000000000003,2.7575,0.34269
204.13500000000002,2.7566,0.33638
199.545,2.7557,0.33006
194.95499999999998,2.7548,0.32375
190.36999999999998,2.7539,0.31743
185.78499999999997,2.753,0.31112
181.195,2.7521,0.3048
176.60500000000002,2.7512,0.29849
172.02,2.7503,0.29217
167.435,2.7407,0.28555
162.84500000000003,2.7265,0.27876
158.26000000000002,2.7123,0.27197
153.675,2.6981,0.26519
149.085,2.6839,0.25839
144.49499999999998,2.6697,0.2516
139.90999999999997,2.6555,0.24481
135.325,2.6413,0.23803
130.73499999999999,2.6271,0.23124
126.14999999999998,2.6129,0.22445
121.56500000000001,2.5987,0.21766
116.975,2.5846,0.21087
112.385,2.5703,0.20408
107.80000000000001,2.5562,0.19729
103.215,2.542,0.19051
98.62499999999999,2.5278,0.18371
94.03500000000001,2.5177,0.17868
89.45,2.5126,0.17578
84.865,2.5075,0.17287
80.275,2.5024,0.16997
75.69000000000001,2.4974,0.16706
71.105,2.4923,0.16416
66.51499999999999,2.4872,0.16125
61.925000000000004,2.4821,0.15834
57.34,2.477,0.15544
52.754999999999995,2.4719,0.15253
48.165,2.4668,0.14963
43.58,2.4618,0.14672
38.995000000000005,2.4567,0.14382
34.40500000000001,2.4516,0.14091
29.815,2.45,0.14
25.23,2.45,0.14
20.645,2.45,0.14
16.055,2.45,0.14
11.465,2.45,0.14
6.88,2.45,0.14
2.2950000000000004,2.45,0.14
1314.35,9.3562,3.1962
1291.85,9.2414,3.0814
1269.4,9.1267,2.9667
1246.95,9.012,2.852
1224.45,8.8972,2.7372
1202.0,8.7825,2.6225
1179.55,8.6678,2.5078
1157.05,8.553,2.393
1134.6,8.4383,2.2783
1112.1499999999999,8.3235,2.1635
1089.65,8.2088,2.0488
1067.2,8.094,1.9341
1044.75,7.9793,1.8193
1022.2500000000001,7.8646,1.7046
999.7799999999999,7.7498,1.5898
977.325,7.6351,1.4751
954.86,7.5204,1.3604
932.395,7.4056,1.2456
909.925,7.2909,1.1309
887.455,7.1761,1.0161
864.9899999999999,7.1241,0.97275
842.525,7.1008,0.96217
820.055,7.0775,0.95158
797.585,7.0542,0.941
775.12,7.0309,0.93041
752.655,7.4421,1.0468
730.185,7.871,1.1684
707.72,8.2998,1.2899
685.255,8.7286,1.4114
662.785,8.9718,1.493
640.3149999999999,9.0915,1.5481
617.85,9.2111,1.6031
595.3850000000001,9.3308,1.6582
572.915,9.4764,1.6866
550.4449999999999,9.6578,1.6785
527.98,9.8392,1.6703
505.51500000000004,10.021,1.6622
483.045,10.141,1.6723
460.58,10.239,1.6891
438.115,10.337,1.7059
415.645,10.067,1.6125
393.175,9.6821,1.484
370.71,9.3314,1.3674
348.245,9.9604,1.5836
325.775,10.589,1.7998
303.305,10.97,1.9017
280.84,11.093,1.8848
258.375,11.186,1.8658
235.905,11.074,1.8327
213.44000000000003,10.963,1.7997
190.975,11.59,2.0008
168.50500000000002,12.526,2.2996
146.035,13.226,2.5188
123.57,12.705,2.3262
101.105,12.185,2.1335
78.635,11.665,1.9409
56.165,11.23,1.78
33.7,11.23,1.78
11.235,11.23,1.78
660.835,8.0243,4.3525
639.165,8.2471,4.278
617.5,8.4698,4.2035
595.835,8.5464,4.0664
574.1650000000001,8.5035,3.8782
552.5,8.4605,3.6901
530.8349999999999,8.4176,3.5019
509.16499999999996,8.3747,3.3137
487.5,8.3318,3.1256
465.835,8.2889,2.9374
444.165,8.246,2.7492
422.5,8.2031,2.5611
400.835,8.1601,2.3729
379.16499999999996,8.1172,2.1847
357.5,8.0743,1.9966
335.835,8.1112,1.9055
314.165,8.2525,1.9412
292.5,8.3938,1.9768
270.835,8.535,2.0125
249.165,8.6763,2.0482
227.49999999999997,8.8176,2.0839
205.83499999999998,8.9588,2.1196
184.16500000000002,8.8436,2.0572
162.5,8.623,1.9544
140.83499999999998,8.4024,1.8517
119.16499999999999,8.1817,1.749
97.5,7.9611,1.6462
75.835,7.7404,1.5435
54.165000000000006,7.69,1.52
32.5,7.69,1.52
10.834999999999999,7.69,1.52
485.495,8.7799,3.5446
476.58500000000004,8.6576,3.4615
467.675,8.5352,3.3785
458.77000000000004,8.413,3.2955
449.86499999999995,8.2907,3.2125
440.955,8.1684,3.1295
432.045,8.0461,3.0465
423.13500000000005,7.9238,2.9634
414.225,7.8015,2.8804
405.32,7.6792,2.7974
396.41499999999996,7.557,2.7144
387.505,7.4347,2.6313
378.595,7.3124,2.5483
369.685,7.1901,2.4653
360.78,7.0678,2.3823
351.875,6.9456,2.2993
342.965,6.8232,2.2163
334.055,6.7009,2.1332
325.14500000000004,6.5786,2.0502
316.23999999999995,6.4564,1.9672
307.33500000000004,6.3341,1.8842
298.425,6.2118,1.8011
289.515,6.0895,1.7181
280.605,5.9672,1.6351
271.695,5.8449,1.552
262.78999999999996,5.7226,1.469
253.88500000000002,5.6004,1.386
244.975,5.4781,1.303
236.06500000000003,5.3558,1.22
227.155,5.2334,1.1369
218.25,5.1112,1.0539
209.345,4.9889,0.97094
200.43499999999997,4.8666,0.8879
191.525,4.7443,0.80486
182.615,4.622,0.72182
173.70499999999998,4.4997,0.63878
164.8,4.3774,0.55579
155.895,4.3114,0.51072
146.98499999999999,4.3147,0.51233
138.07500000000002,4.3179,0.51395
129.165,4.3211,0.51556
120.26,4.3243,0.51717
111.35499999999999,4.3276,0.51878
102.445,4.3308,0.52039
93.53500000000001,4.334,0.522
84.625,4.3372,0.52361
75.72000000000001,4.3404,0.52523
66.815,4.3437,0.52684
57.905,4.3469,0.52845
48.995,4.3501,0.53006
40.085,4.3533,0.53167
31.175,4.3566,0.53328
22.27,4.3598,0.53489
13.364999999999998,4.363,0.5365
4.455,4.3662,0.53812
771.7799999999999,7.2025,1.7138
752.24,7.3838,1.7617
732.7049999999999,7.565,1.8096
713.1700000000001,7.7462,1.8575
693.63,7.9275,1.9054
674.09,8.1088,1.9533
654.55,8.29,2.0012
635.0100000000001,8.4713,2.0491
615.4699999999999,8.6525,2.097
595.9300000000001,8.8338,2.1449
576.395,9.015,2.1928
556.8599999999999,9.1962,2.2407
537.32,9.3775,2.2886
517.7799999999999,9.5588,2.3365
498.24,9.74,2.3844
478.7,9.9213,2.4323
459.16,10.103,2.4802
439.62,10.284,2.5281
420.08,10.465,2.576
400.545,10.646,2.6239
381.01,10.828,2.6718
361.47,11.009,2.7197
341.93,10.758,2.5306
322.39,10.504,2.3399
302.85,10.25,2.1492
283.31,9.9963,1.9585
263.77,9.7425,1.7677
244.235,9.4887,1.5771
224.70000000000002,9.2349,1.3864
205.16,9.0877,1.2485
185.62,9.2934,1.2852
166.08,9.4991,1.3218
146.54,9.7047,1.3585
127.0,9.9104,1.3951
107.46,9.7075,1.3431
87.925,8.6408,1.1035
68.38999999999999,7.5742,0.86384
48.849999999999994,6.5073,0.62417
29.309999999999995,5.91,0.49
9.77,5.91,0.49
245.365,5.2733,0.70104
239.96,5.2578,0.68043
233.20000000000002,5.2385,0.65466
226.44,5.2192,0.62889
219.67999999999998,5.1998,0.60312
212.92,5.1805,0.57735
206.16,5.1612,0.55158
199.4,5.1419,0.52582
192.64000000000001,5.1225,0.50005
185.88,5.1032,0.47428
179.12,5.1419,0.48612
172.36,5.1922,0.50545
165.6,5.2424,0.52477
158.84500000000003,5.2926,0.54409
152.09,5.3428,0.5634
145.33,5.3105,0.56083
138.57,5.2353,0.54691
131.80999999999997,5.1601,0.53299
125.05,5.1022,0.52158
118.29,5.2832,0.54505
111.52999999999999,5.4642,0.56851
104.77,5.6104,0.58729
98.01,5.378,0.55524
91.25,5.1456,0.52318
84.49000000000001,4.9334,0.49862
77.72999999999999,4.7353,0.47929
70.97,4.677,0.47284
64.21000000000001,4.7481,0.47832
57.45,4.6196,0.43934
50.69500000000001,4.4026,0.38071
43.94,4.3611,0.39297
37.18,4.3145,0.37816
30.419999999999998,4.1686,0.32924
23.66,3.6265,0.27175
16.9,3.4746,0.25407
10.14,3.0532,0.20702
3.3800000000000003,2.72,0.17
185.25,4.6069,1.2868
178.75,4.4636,1.2168
172.25,4.3203,1.1468
165.75,4.177,1.0768
159.25,4.0337,1.0068
152.75,3.8904,0.9368
146.25,3.7471,0.8668
139.74999999999997,3.6038,0.7968
133.25,3.4604,0.7268
126.75,3.3171,0.6568
120.25,3.1738,0.58679
113.75,3.0305,0.51679
107.25,2.8872,0.44679
100.75,2.7439,0.37679
94.25,2.6905,0.3571
87.75,2.6468,0.34282
81.25,2.603,0.32854
74.75,2.5593,0.31425
68.25,2.5155,0.29997
61.75,2.4718,0.28569
55.25,2.428,0.27141
48.75,2.3843,0.25712
42.24999999999999,2.3406,0.24284
35.75000000000001,2.2968,0.22856
29.25,2.2531,0.21427
22.75,2.24,0.21
16.25,2.24,0.21
9.75,2.24,0.21
3.25,2.24,0.21
476.71000000000004,4.15,0.26212
473.11,4.1655,0.26701
467.575,4.1894,0.27453
462.045,4.2131,0.28205
456.51,4.237,0.28957
450.975,4.2608,0.2971
445.445,4.2846,0.30461
439.91,4.3084,0.31213
434.37499999999994,4.3323,0.31966
428.845,4.3561,0.32717
423.31,4.3799,0.3347
417.77500000000003,4.4037,0.34222
412.24499999999995,4.4275,0.34974
406.71000000000004,4.4513,0.35726
401.175,4.4656,0.36
395.64500000000004,4.4743,0.36
390.11,4.483,0.36
384.575,4.4918,0.36
379.03999999999996,4.5005,0.36
373.505,4.5092,0.36
367.975,4.5575,0.35817
362.44,4.6096,0.35617
356.90500000000003,4.6616,0.35417
351.375,4.7137,0.35217
345.84,4.7658,0.35016
340.30499999999995,4.7476,0.35
334.77500000000003,4.7232,0.35
329.23999999999995,4.6988,0.35
323.70500000000004,4.6743,0.35
318.175,4.6456,0.3459
312.64000000000004,4.6108,0.33595
307.10499999999996,4.576,0.32599
301.57500000000005,4.5412,0.31604
296.03999999999996,4.5687,0.31423
290.505,4.6925,0.325
284.97499999999997,4.8163,0.33576
279.44,4.9402,0.34653
273.90500000000003,4.8432,0.33827
268.37500000000006,4.6416,0.321
262.84000000000003,4.4399,0.30371
257.305,4.3135,0.29235
251.77499999999998,4.4748,0.30367
246.24,4.6362,0.31499
240.705,4.7976,0.32632
235.175,4.8646,0.33
229.64000000000001,4.8863,0.33
224.105,4.908,0.33
218.57,4.9936,0.34652
213.035,5.1578,0.38339
207.505,5.322,0.42023
201.96999999999997,5.3711,0.42911
196.435,5.2873,0.40565
190.905,5.2036,0.3822
185.37,5.2034,0.37644
179.83500000000004,5.2939,0.38985
174.30499999999998,5.3844,0.40324
168.77,5.4406,0.41
163.235,5.462,0.41
157.70499999999998,5.4835,0.41
152.17,5.4317,0.39479
146.63500000000002,5.3477,0.37288
141.105,5.2638,0.351
135.57,5.308,0.3564
130.03500000000003,5.3583,0.3631
124.50500000000001,5.4085,0.3698
118.97,5.3645,0.36024
113.435,5.3175,0.35019
107.905,5.2706,0.34014
102.36999999999999,5.4353,0.37306
96.83500000000001,5.6029,0.40659
91.30499999999999,5.77,0.43998
85.77,5.7733,0.43012
80.235,5.7766,0.42027
74.69999999999999,5.7799,0.41041
69.165,5.7165,0.39895
63.635,5.6503,0.38744
58.1,5.584,0.37591
52.565,5.5802,0.37899
47.035,5.6422,0.39741
41.49999999999999,5.7042,0.41584
35.964999999999996,5.7662,0.43428
30.435,5.8282,0.4527
24.9,5.8902,0.47114
19.365000000000002,5.9522,0.48958
13.835,6.0142,0.508
8.3,6.0762,0.52643
2.765,6.1382,0.54487
196.785,8.4618,1.5787
191.395,8.2625,1.4924
186.0,8.1119,1.4048
180.60500000000002,7.9613,1.3173
175.215,7.9046,1.2715
169.82500000000002,7.9582,1.2749
164.435,8.0118,1.2782
159.045,8.246,1.3789
153.65499999999997,8.6806,1.5877
148.26500000000001,9.1153,1.7965
142.87,9.0859,1.7937
137.47500000000002,8.6802,1.6193
132.085,8.2749,1.4452
126.69500000000001,8.268,1.4266
121.30499999999999,8.5636,1.5262
115.91499999999999,8.8592,1.6258
110.52499999999999,9.009,1.6579
105.13,8.9847,1.6094
99.73499999999999,8.9605,1.5609
94.345,9.0255,1.5551
88.95500000000001,9.5779,1.7815
83.565,10.13,2.008
78.175,10.683,2.2345
72.785,10.621,2.2587
67.395,10.025,2.1064
62.0,9.4286,1.954
56.605000000000004,8.8319,1.8016
51.214999999999996,8.5649,1.7055
45.825,8.4665,1.6383
40.435,8.3681,1.5711
35.045,8.2698,1.5038
29.655,8.1714,1.4366
24.265,8.073,1.3694
18.869999999999997,8.03,1.34
13.475000000000001,8.03,1.34
8.085,8.03,1.34
2.695,8.03,1.34
960.6850000000001,4.8627,3.5515
952.375,4.9469,3.5721
939.59,5.0765,3.6038
926.8100000000001,5.2059,3.6355
914.0250000000001,5.3355,3.6671
901.24,5.465,3.6988
888.455,5.5946,3.7305
875.67,5.7241,3.7622
862.8900000000001,5.8536,3.7939
850.105,5.9831,3.8256
837.3199999999999,6.1127,3.8573
824.5400000000001,6.2421,3.8889
811.755,6.3717,3.9206
798.9699999999999,6.5012,3.9523
786.1899999999999,6.6307,3.984
773.405,6.7603,4.0157
760.62,6.8898,4.0474
747.84,7.0193,4.079
735.0550000000001,7.1488,4.1107
722.27,7.2784,4.1424
709.4849999999999,7.4079,4.1741
696.6999999999999,7.5374,4.2058
683.92,7.6669,4.2375
671.135,7.7965,4.2692
658.35,7.926,4.3009
645.5699999999999,8.0555,4.3326
632.785,8.185,4.3642
620.0,8.3146,4.3959
607.22,8.4441,4.4276
594.4350000000001,8.5736,4.4593
581.65,8.7031,4.491
568.87,8.8138,4.4774
556.0849999999999,8.917,4.4458
543.3,9.0202,4.4142
530.52,9.1234,4.3826
517.735,9.2266,4.351
504.95,9.3298,4.3194
492.16499999999996,9.433,4.2877
479.38000000000005,9.5362,4.2561
466.6,9.6393,4.2245
453.81499999999994,9.7425,4.1929
441.03000000000003,9.8457,4.1613
428.25,9.5982,3.9155
415.465,9.3354,3.6604
402.68,9.0726,3.4052
389.90000000000003,8.8099,3.1502
377.11499999999995,8.5471,2.8951
364.33,8.2843,2.6399
351.55,8.0216,2.3849
338.765,7.7894,2.1532
325.98,7.7844,2.0961
313.20000000000005,7.7793,2.0391
300.41499999999996,7.7743,1.982
287.63,7.7692,1.9249
274.845,7.7642,1.8678
262.06,7.7664,1.8239
249.28,7.8053,1.8477
236.495,7.8443,1.8715
223.71,7.8833,1.8953
210.93,7.9222,1.9191
198.145,7.8138,1.8493
185.35999999999999,7.5818,1.7009
172.58,7.3498,1.5526
159.79500000000002,7.1178,1.4042
147.01,7.3141,1.5063
134.23000000000002,7.5938,1.657
121.445,7.8735,1.8079
108.66000000000001,8.1224,1.9401
95.875,8.2396,1.9931
83.09,8.3569,2.046
70.31000000000002,8.4741,2.099
57.525000000000006,8.5914,2.1519
44.74,8.7087,2.2049
31.96,8.8259,2.2578
19.174999999999997,8.9432,2.3108
6.39,9.0605,2.3638
447.96999999999997,4.3337,0.52325
443.555,4.343,0.50759
439.145,4.3779,0.50113
434.73,4.4128,0.49467
430.315,4.4477,0.4882
425.905,4.4826,0.48175
421.49,4.5175,0.47528
417.075,4.5524,0.46881
412.665,4.5873,0.46236
408.25,4.5721,0.45753
403.835,4.5281,0.45366
399.425,4.4842,0.44978
395.01,4.4402,0.4459
390.595,4.3963,0.44202
386.17999999999995,4.3523,0.43814
381.76500000000004,4.3083,0.43426
377.355,4.2644,0.43039
372.94,4.2537,0.42578
368.525,4.2466,0.42109
364.11499999999995,4.2396,0.4164
359.70000000000005,4.2326,0.41171
355.28499999999997,4.2255,0.40701
350.875,4.2185,0.40233
346.46,4.2115,0.39763
342.045,4.2044,0.39294
337.635,4.2259,0.3922
333.22,4.2956,0.3981
328.805,4.3653,0.40401
324.395,4.4349,0.40991
319.97999999999996,4.5046,0.41582
315.565,4.5744,0.42173
311.15500000000003,4.644,0.42763
306.74,4.7137,0.43353
302.325,4.7834,0.43944
297.91,4.7856,0.4389
293.495,4.7807,0.43768
289.08500000000004,4.7759,0.43647
284.66999999999996,4.771,0.43525
280.25500000000005,4.7661,0.43403
275.845,4.7613,0.43282
271.43,4.7564,0.4316
267.015,4.7515,0.43039
262.60499999999996,4.7313,0.42767
258.19000000000005,4.704,0.42425
253.77499999999998,4.6766,0.42083
249.365,4.6493,0.41741
244.95,4.6219,0.41399
240.535,4.5945,0.41057
236.12499999999997,4.5672,0.40715
231.71,4.5398,0.40373
227.29500000000002,4.5124,0.40031
222.885,4.5405,0.40508
218.47,4.574,0.41067
214.055,4.6075,0.41625
209.64,4.641,0.42184
205.225,4.6745,0.42742
200.81500000000003,4.708,0.433
196.4,4.7415,0.43859
191.985,4.7751,0.44418
187.575,4.8085,0.44976
183.16,4.7256,0.43398
178.74499999999998,4.6374,0.41722
174.335,4.5492,0.40048
169.92000000000002,4.461,0.38372
165.50500000000002,4.3727,0.36697
161.095,4.2845,0.35023
156.67999999999998,4.1963,0.33347
152.265,4.108,0.31671
147.85500000000002,4.02,0.3
143.44,4.0373,0.29784
139.025,4.0546,0.29568
134.61499999999998,4.0719,0.29352
130.2,4.0892,0.29136
125.78499999999998,4.1064,0.28919
121.37,4.1237,0.28703
116.955,4.141,0.28487
112.545,4.1583,0.28271
108.13000000000001,4.1756,0.28055
103.715,4.1877,0.28154
99.305,4.198,0.28361
94.89,4.2084,0.28568
90.475,4.2187,0.28775
86.065,4.2291,0.28982
81.65,4.2394,0.29189
77.235,4.2498,0.29396
72.825,4.2601,0.29602
68.41,4.2705,0.29809
63.995,4.2808,0.30016
59.585,4.2912,0.30223
55.169999999999995,4.3015,0.3043
50.755,4.3118,0.30637
46.345,4.3222,0.30844
41.92999999999999,4.3325,0.31051
37.515,4.3429,0.31258
33.1,4.3532,0.31465
28.685000000000002,4.3636,0.31672
24.275,4.3739,0.31879
19.86,4.3843,0.32086
15.445,4.3946,0.32293
11.035,4.405,0.32499
6.619999999999999,4.4153,0.32706
461.87,5.6395,1.3284
457.855,5.6629,1.3125
452.5,5.6942,1.2914
447.14500000000004,5.7255,1.2703
441.79,5.7567,1.2492
436.435,5.788,1.2281
431.08000000000004,5.8193,1.207
425.725,5.8506,1.1859
420.37,5.8819,1.1647
415.01500000000004,5.9131,1.1436
409.66,5.9444,1.1225
404.305,5.9757,1.1014
398.95000000000005,6.007,1.0803
393.595,6.0382,1.0592
388.24,6.0695,1.0381
382.88500000000005,6.1008,1.017
377.53000000000003,6.1321,0.99585
372.175,6.1634,0.97474
366.82000000000005,6.1946,0.95363
361.46500000000003,6.132,0.93101
356.11,6.0499,0.90808
350.75500000000005,5.9678,0.88515
345.40000000000003,5.8857,0.86222
340.045,5.8036,0.83929
334.69000000000005,5.7215,0.81636
329.33500000000004,5.6394,0.79343
323.98,5.5573,0.7705
318.625,5.4752,0.74757
313.27,5.3931,0.72464
307.915,5.311,0.70171
302.56,5.2289,0.67878
297.205,5.1468,0.65585
291.85,5.1057,0.64275
286.495,5.1566,0.65168
281.14,5.2074,0.6606
275.785,5.2583,0.66953
270.43,5.3092,0.67845
265.075,5.36,0.68738
259.72,5.4109,0.6963
254.365,5.4618,0.70522
249.01000000000002,5.5126,0.71415
243.655,5.5635,0.72307
238.3,5.6144,0.732
232.94500000000002,5.6666,0.7413
227.59,5.7308,0.75393
222.235,5.7949,0.76657
216.88000000000002,5.859,0.7792
211.525,5.9231,0.79183
206.17000000000002,5.9873,0.80446
200.81500000000003,6.0514,0.81709
195.46000000000004,6.1155,0.82972
190.10500000000002,6.1796,0.84235
184.75000000000003,6.2438,0.85498
179.395,6.3079,0.86762
174.04,6.3471,0.87232
168.685,6.3805,0.87519
163.32999999999998,6.4139,0.87805
157.97499999999997,6.4474,0.88092
152.61999999999998,6.4808,0.88378
147.265,6.5142,0.88664
141.90999999999997,6.5476,0.88951
136.55499999999998,6.581,0.89237
131.2,6.6144,0.89524
125.84499999999998,6.6478,0.8981
120.49,6.6786,0.89905
115.135,6.7041,0.89622
109.78,6.7295,0.89339
104.42499999999998,6.755,0.89055
99.07,6.7805,0.88772
93.71499999999999,6.806,0.88489
88.36,6.8315,0.88206
83.005,6.8569,0.87923
77.64999999999999,6.8824,0.8764
72.295,6.9079,0.87357
66.94,6.9334,0.87074
61.585,6.9589,0.8679
56.230000000000004,6.9843,0.86507
50.875,7.0098,0.86224
45.52,7.0353,0.85941
40.165000000000006,7.0608,0.85658
34.81,7.0863,0.85375
29.455000000000002,7.1117,0.85092
24.100000000000005,7.1372,0.84809
18.745,7.1627,0.84526
13.39,7.1882,0.84242
8.035,7.2137,0.83959
2.68,7.2391,0.83676
198.66,5.5694,0.8624
193.75500000000002,5.6132,0.86075
188.85000000000002,5.657,0.85911
183.94500000000002,5.7008,0.85747
179.04,5.7446,0.85583
174.135,5.7884,0.85419
169.23,5.8321,0.85254
164.325,5.8759,0.8509
159.42000000000002,5.8868,0.84425
154.51500000000001,5.8575,0.83148
149.61,5.8281,0.8187
144.705,5.7988,0.80593
139.79999999999998,5.7695,0.79315
134.89499999999998,5.7401,0.78038
129.98999999999998,5.7108,0.7676
125.08500000000001,5.6814,0.75483
120.18,5.6521,0.74205
115.275,5.6228,0.72928
110.36999999999999,5.5934,0.7165
105.465,5.5641,0.70373
100.555,5.5347,0.69094
95.65,5.5054,0.67817
90.74499999999999,5.4761,0.66539
85.84,5.4467,0.65261
80.935,5.4174,0.63984
76.03,5.3881,0.62706
71.125,5.3587,0.61429
66.22,5.3294,0.60152
61.315,5.3001,0.58874
56.410000000000004,5.28,0.58
51.505,5.28,0.58
46.6,5.28,0.58
41.69499999999999,5.28,0.58
36.790000000000006,5.28,0.58
31.885000000000005,5.28,0.58
26.98,5.28,0.58
22.074999999999996,5.28,0.58
17.169999999999998,5.28,0.58
12.265,5.28,0.58
7.36,5.28,0.58
2.455,5.28,0.58
119.51500000000001,5.2755,0.50217
114.43,5.297,0.5
109.345,5.3274,0.5
104.26,5.3579,0.5
99.175,5.3883,0.5
94.08500000000001,5.4188,0.5
89.0,5.4492,0.5
83.91499999999999,5.4796,0.5
78.83,5.5101,0.5
73.745,5.5405,0.5
68.66,5.5709,0.5
63.574999999999996,5.5916,0.49851
58.48499999999999,5.4073,0.46564
53.400000000000006,5.2232,0.43281
48.315,5.0391,0.39997
43.23,4.855,0.36714
38.144999999999996,4.6709,0.3343
33.055,4.4866,0.30144
27.970000000000002,4.3025,0.2686
22.885,4.1184,0.23577
17.8,4.03,0.22
12.715,4.03,0.22
7.63,4.03,0.22
2.545,4.03,0.22
169.095,6.1588,0.52339
164.465,6.2409,0.57187
159.835,6.3229,0.62035
155.20000000000002,6.405,0.66888
150.565,6.4871,0.71741
145.93499999999997,6.5692,0.76588
141.29999999999998,6.6513,0.81442
136.665,6.7334,0.86294
132.03500000000003,6.8155,0.91142
127.40499999999999,6.8474,0.92193
122.77000000000001,6.8685,0.92428
118.135,6.8896,0.92662
113.505,6.9107,0.92897
108.86999999999999,6.879,0.90597
104.235,6.8057,0.86301
99.605,6.7325,0.8201
94.97500000000001,6.6593,0.77719
90.34,6.4229,0.72659
85.705,6.0777,0.67091
81.075,5.7328,0.6153
76.445,5.3907,0.56024
71.81,5.5084,0.6013
67.175,5.6261,0.64237
62.545,5.7437,0.68339
57.910000000000004,5.765,0.69624
53.275000000000006,5.6085,0.65713
48.645,5.4523,0.61806
44.015,5.296,0.579
39.379999999999995,5.2406,0.55812
34.745,5.2808,0.55447
30.115,5.3209,0.55083
25.48,5.3611,0.54718
20.845000000000002,5.4012,0.54353
16.215,5.4413,0.53988
11.584999999999999,5.4814,0.53623
6.949999999999999,5.5216,0.53258
147.21499999999997,4.6631,0.44279
142.685,4.5965,0.43255
138.155,4.5963,0.43102
133.625,4.618,0.43238
129.09500000000003,4.6398,0.43374
124.56500000000001,4.6615,0.43509
120.035,4.6832,0.43645
115.505,4.7049,0.43781
110.975,4.7266,0.43916
106.445,4.7374,0.44
101.915,4.7308,0.44
97.385,4.7241,0.44
92.85499999999999,4.7174,0.44
88.325,4.7107,0.44
83.795,4.7041,0.44
79.27000000000001,4.6974,0.44
74.745,4.6908,0.44
70.215,4.6734,0.43389
65.68499999999999,4.6547,0.427
61.155,4.636,0.42012
56.62499999999999,4.6173,0.41323
52.095,4.5986,0.40634
47.565,4.5799,0.39945
43.035000000000004,4.5612,0.39256
38.504999999999995,4.5425,0.38567
33.97500000000001,4.5239,0.37879
29.445,4.5052,0.3719
24.915,4.5,0.37
20.385,4.5,0.37
15.855,4.5,0.37
11.325,4.5,0.37
6.795000000000001,4.5,0.37
2.265,4.5,0.37
284.08500000000004,6.9081,0.54405
280.275,7.0204,0.60019
276.46000000000004,7.1328,0.65639
272.64500000000004,7.2452,0.7126
268.835,7.3575,0.76873
265.02000000000004,7.4699,0.82494
261.20500000000004,7.5823,0.88115
257.395,7.6592,0.88154
253.58000000000004,7.7296,0.87149
249.76500000000001,7.8,0.86143
245.95499999999998,7.6847,0.84472
242.14,7.5383,0.82687
238.32500000000002,7.3835,0.80661
234.51500000000001,7.0832,0.74501
230.70000000000002,6.7825,0.68333
226.885,6.7369,0.67773
223.07500000000002,6.9909,0.738
219.26000000000002,7.2463,0.79462
215.445,7.5089,0.82804
211.63500000000002,7.753,0.85932
207.82,7.5872,0.84327
204.005,7.3891,0.81191
200.19500000000002,7.0368,0.70734
196.38,6.9398,0.66753
192.565,7.3035,0.74468
188.755,7.8114,0.89696
184.94,8.4426,1.1132
181.12499999999997,7.8138,0.92549
177.315,7.2378,0.76008
173.5,7.6467,0.92765
169.685,7.3028,0.82274
165.875,7.1067,0.73165
162.06500000000003,7.5763,0.81576
158.25,7.8079,0.88238
154.435,7.7461,0.84115
150.625,7.563,0.7586
146.81,7.8551,0.88492
142.99499999999998,8.3138,0.96054
139.185,8.054,0.90022
135.37,7.628,0.80666
131.55499999999998,8.4652,0.91936
127.745,8.2987,0.98702
123.93,7.8954,0.92249
120.115,7.61,0.85693
116.30499999999999,7.5896,0.85417
112.49000000000001,7.4475,0.74364
108.675,7.9283,0.99894
104.865,7.9192,0.95037
101.05,7.86,0.85508
97.235,7.5566,0.77332
93.42500000000001,7.3317,0.77225
89.61,8.1337,0.99616
85.79500000000002,7.9552,0.90507
81.985,7.7316,0.83052
78.16999999999999,7.2325,0.78719
74.355,7.3698,0.72357
70.545,7.6313,0.8037
66.73000000000002,7.8732,0.89699
62.915,8.1355,0.95015
59.105000000000004,8.3738,1.0296
55.294999999999995,7.8934,0.92197
51.48,7.5616,0.78778
47.665,7.2777,0.72154
43.855000000000004,7.0816,0.70418
40.04,7.1376,0.67622
36.225,7.7062,0.79183
32.415,8.1107,0.89418
28.6,7.8213,0.8753
24.785,7.5377,0.81849
20.975,7.2566,0.74696
17.16,7.19,0.71326
13.344999999999999,7.19,0.69132
9.535,7.19,0.66941
5.72,7.19,0.64747
1.905,7.19,0.62553
107.405,2.703,0.27059
105.235,2.6755,0.2651
103.065,2.648,0.2596
100.895,2.6205,0.25411
98.72500000000001,2.593,0.24861
96.555,2.5656,0.24311
94.38499999999999,2.5381,0.23762
92.21499999999999,2.5106,0.23212
90.045,2.4831,0.22663
87.87500000000001,2.4556,0.22113
85.705,2.4282,0.21563
83.535,2.4007,0.21014
81.365,2.3732,0.20464
79.19500000000001,2.3457,0.19915
77.02499999999999,2.3182,0.19365
74.855,2.2908,0.18815
72.685,2.2633,0.18266
70.515,2.2358,0.17716
68.345,2.2083,0.17167
66.175,2.1808,0.16617
64.00500000000001,2.1534,0.16067
61.835,2.1391,0.15702
59.665,2.1266,0.15363
57.495000000000005,2.1142,0.15023
55.324999999999996,2.1017,0.14683
53.154999999999994,2.0893,0.14344
50.99,2.0769,0.14005
48.825,2.0644,0.13667
46.655,2.052,0.13327
44.485,2.0382,0.12972
42.315000000000005,1.9886,0.12198
40.145,1.9391,0.11424
37.974999999999994,1.8896,0.1065
35.80500000000001,1.84,0.098754
33.635,1.7905,0.091014
31.465,1.7409,0.083274
29.295,1.7098,0.077745
27.125,1.6923,0.073838
24.955,1.6747,0.069931
22.785,1.6571,0.066024
20.615000000000002,1.6395,0.062117
18.445,1.6114,0.058383
16.275000000000002,1.5708,0.054854
14.104999999999999,1.5302,0.051325
11.935,1.4897,0.047796
9.764999999999999,1.4491,0.044268
7.595,1.4085,0.040739
5.425,1.4,0.04
3.255,1.4,0.04
1.085,1.4,0.04
295.21999999999997,5.289,0.19474
289.9,5.2744,0.1911
284.58,5.2504,0.19
279.26,5.2223,0.19
273.94,5.1926,0.19074
268.61999999999995,5.1561,0.19439
263.29999999999995,5.1196,0.19804
257.97999999999996,5.1592,0.19831
252.66,5.2869,0.19466
247.34,5.4147,0.19101
242.02499999999998,5.4585,0.19283
236.71,5.4702,0.19673
231.39,5.4682,0.19869
226.07,5.3961,0.19067
220.75,5.324,0.18266
215.43,5.3247,0.19371
210.10999999999999,5.3616,0.21423
204.79,5.3919,0.22628
199.47,5.3999,0.21026
194.14999999999998,5.4079,0.19424
188.82999999999998,5.4165,0.19653
183.51000000000002,5.4254,0.20541
178.19000000000003,5.4364,0.20572
172.875,5.4497,0.19685
167.55999999999997,5.4682,0.19091
162.24,5.5043,0.19492
156.92000000000002,5.5403,0.19892
151.60000000000002,5.6379,0.20586
146.28,5.758,0.21387
140.96,5.834,0.21812
135.64,5.7659,0.21011
130.32,5.6978,0.2021
125.0,5.745,0.20591
119.68,5.8332,0.21393
114.35999999999999,5.8981,0.21903
109.03999999999999,5.8901,0.21503
103.725,5.882,0.21103
98.41,5.899,0.20729
93.09,5.9245,0.20364
87.77,5.9498,0.19999
82.44999999999999,5.8874,0.19671
77.13000000000001,5.825,0.19342
71.81,5.7626,0.19014
66.49,5.7036,0.19
61.17,5.6447,0.19
55.849999999999994,5.5858,0.19
50.53000000000001,5.5492,0.18755
45.21,5.5207,0.1842
39.88999999999999,5.4922,0.18085
34.574999999999996,5.4637,0.1775
29.259999999999998,5.4353,0.17415
23.939999999999998,5.4068,0.1708
18.619999999999997,5.4,0.17
13.299999999999999,5.4,0.17
7.980000000000001,5.4,0.17
2.66,5.4,0.17
547.995,4.1834,0.36447
542.6750000000001,4.1925,0.36752
535.5799999999999,4.2047,0.37158
528.485,4.2169,0.37565
521.39,4.2291,0.37971
514.295,4.2413,0.38377
507.20500000000004,4.2535,0.38784
500.11000000000007,4.2657,0.3919
493.015,4.2779,0.39596
485.925,4.2901,0.40003
478.83,4.3023,0.40409
471.735,4.3145,0.40815
464.64,4.3266,0.41222
457.54499999999996,4.3388,0.41628
450.455,4.351,0.42034
443.35999999999996,4.3632,0.42441
436.265,4.3754,0.42847
429.17499999999995,4.3876,0.43253
422.08,4.3998,0.4366
414.985,4.412,0.44066
407.89,4.4242,0.44473
400.795,4.4364,0.44879
393.705,4.4486,0.45285
386.61,4.4607,0.45692
379.51500000000004,4.4729,0.46098
372.425,4.4851,0.46504
365.33,4.4973,0.4691
358.23499999999996,4.5095,0.47317
351.14,4.5217,0.47723
344.0450000000001,4.5499,0.48301
336.955,4.6124,0.49241
329.86,4.6749,0.50183
322.765,4.7373,0.51124
315.675,4.7997,0.52065
308.58000000000004,4.8622,0.53006
301.485,4.9247,0.53947
294.39,4.9872,0.54889
287.29499999999996,5.0496,0.5583
280.20500000000004,5.1121,0.56771
273.11,5.1745,0.57712
266.015,5.237,0.58654
258.92499999999995,5.276,0.58444
251.82999999999998,5.3015,0.57564
244.73499999999999,5.3269,0.56684
237.64,5.3523,0.55804
230.545,5.3778,0.54924
223.455,5.4032,0.54044
216.35999999999999,5.4286,0.53164
209.265,5.454,0.52283
202.17499999999998,5.4794,0.51404
195.08,5.5049,0.50524
187.985,5.5138,0.49952
180.89,5.4986,0.49835
173.79500000000002,5.4833,0.49718
166.70499999999998,5.4681,0.49601
159.61,5.4528,0.49483
152.51500000000001,5.4375,0.49366
145.425,5.4223,0.49249
138.33,5.407,0.49131
131.23499999999999,5.3918,0.49014
124.14,5.4066,0.49394
117.04500000000002,5.4253,0.49841
109.955,5.444,0.50287
102.86000000000001,5.4628,0.50733
95.76499999999999,5.4816,0.5118
88.675,5.5003,0.51626
81.58,5.5191,0.52073
74.485,5.5378,0.52519
67.39,5.5566,0.52966
60.295,5.5753,0.53412
53.205000000000005,5.5941,0.53858
46.11,5.6128,0.54305
39.015,5.6315,0.54751
31.925,5.6503,0.55197
24.83,5.6691,0.55644
17.735,5.6878,0.5609
10.64,5.7066,0.56537
3.545,5.7253,0.56983
614.095,7.8929,2.5316
605.13,7.9803,2.5405
596.1650000000001,8.0678,2.5494
587.1999999999999,8.1552,2.5583
578.235,8.2426,2.5672
569.27,8.3221,2.5372
560.3050000000001,8.398,2.4894
551.3399999999999,8.4739,2.4416
542.375,8.5497,2.3939
533.41,8.6256,2.3461
524.445,8.7014,2.2984
515.4799999999999,8.7773,2.2506
506.51500000000004,8.7864,2.2149
497.55,8.7448,2.1885
488.585,8.7032,2.162
479.62,8.6617,2.1356
470.655,8.6201,2.1092
461.69,8.7325,2.1217
452.72999999999996,9.2488,2.2367
443.765,9.7654,2.3518
434.79999999999995,10.282,2.4668
425.835,10.782,2.5765
416.86999999999995,10.3,2.3648
407.905,9.8181,2.1531
398.93999999999994,9.3362,1.9413
389.97499999999997,9.034,1.7914
381.00999999999993,8.9731,1.7245
372.04499999999996,8.9123,1.6575
363.08,8.7971,1.5808
354.11499999999995,8.3523,1.4455
345.15,7.9075,1.3101
336.18499999999995,7.4877,1.1804
327.22,7.6878,1.1911
318.255,7.8879,1.2019
309.29,8.0006,1.1858
300.325,7.8362,1.0849
291.36,7.6718,0.98407
282.395,7.9409,1.0303
273.43,8.5462,1.1906
264.46500000000003,9.097,1.3403
255.5,8.908,1.3444
246.535,8.719,1.3485
237.57,8.4787,1.2537
228.605,8.209,1.1019
219.64000000000001,8.0724,1.0082
210.675,8.3103,1.0774
201.71,8.5482,1.1466
192.745,7.8683,0.96256
183.78,7.1404,0.76532
174.815,7.4443,0.8565
165.85,7.9733,1.0106
156.885,7.8615,0.94293
147.92,7.6573,0.84332
138.95499999999998,7.6386,0.80843
129.98999999999998,7.6486,0.78352
121.025,7.914,0.86194
112.05999999999999,8.2216,0.95738
103.095,8.1166,0.9239
94.13,8.0021,0.89376
85.16499999999999,7.9102,0.93727
76.2,7.8288,0.98124
67.235,8.3219,1.0505
58.27,8.815,1.1197
49.305,8.7793,1.1115
40.34,8.5233,1.0711
31.375,8.2673,1.0306
22.41,8.0114,0.99021
13.445,8.01,0.99
4.4799999999999995,8.01,0.99
766.285,4.2458,0.49274
760.76,4.287,0.50979
752.2599999999999,4.3506,0.53601
743.76,4.4141,0.56224
735.26,4.4776,0.58846
726.7600000000001,4.5411,0.61468
718.26,4.6047,0.64091
709.76,4.6682,0.66713
701.26,4.7317,0.69336
692.76,4.7952,0.71958
684.26,4.8587,0.74581
675.76,4.9223,0.77203
667.26,4.9858,0.79826
658.76,5.0493,0.82448
650.2600000000001,5.1128,0.85071
641.76,5.1763,0.87693
633.26,5.2399,0.90316
624.76,5.3034,0.92938
616.26,5.3669,0.9556
607.7600000000001,5.4304,0.98183
599.26,5.4939,1.008
590.76,5.5575,1.0343
582.26,5.621,1.0605
573.76,5.6845,1.0867
565.26,5.748,1.113
556.7599999999999,5.8116,1.1392
548.26,5.8751,1.1654
539.76,5.9386,1.1916
531.2600000000001,6.0021,1.2178
522.76,6.0656,1.2441
514.26,6.0391,1.2152
505.76,5.9863,1.1702
497.255,5.9334,1.1252
488.75,5.8806,1.0801
480.24999999999994,5.8278,1.0351
471.75,5.7749,0.99013
463.25000000000006,5.7221,0.94513
454.75,5.6693,0.90013
446.25000000000006,5.6165,0.85513
437.75,5.5636,0.81014
429.25,5.5251,0.78254
420.74999999999994,5.4981,0.76903
412.25,5.471,0.75552
403.75,5.444,0.74201
395.25,5.417,0.72851
386.75000000000006,5.39,0.715
378.25,5.363,0.70149
369.75,5.336,0.68798
361.24999999999994,5.309,0.67448
352.75,5.3515,0.67858
344.25,5.4285,0.69142
335.75,5.5056,0.70426
327.25000000000006,5.5826,0.7171
318.75,5.6596,0.72994
310.25,5.7367,0.74278
301.74999999999994,5.8137,0.75562
293.25,5.8907,0.76846
284.75,5.9218,0.76744
276.25,5.9465,0.76453
267.75000000000006,5.9712,0.76162
259.25,5.9959,0.75871
250.75000000000003,6.0206,0.75581
242.25,6.0454,0.7529
233.75,6.0698,0.74995
225.25,6.0262,0.73653
216.75,5.9826,0.72312
208.25,5.939,0.7097
199.74999999999997,5.8954,0.69629
191.25,5.8518,0.68287
182.75,5.8108,0.67
174.25000000000003,5.8299,0.67
165.75,5.849,0.67
157.25,5.8681,0.67
148.75,5.8872,0.67
140.25,5.9063,0.67
131.75,5.8658,0.66684
123.25,5.811,0.66293
114.74999999999999,5.7562,0.65901
106.25,5.7014,0.6551
97.75,5.6466,0.65119
89.25,5.6391,0.64291
80.75,5.6522,0.63273
72.25000000000001,5.6653,0.62255
63.75,5.6784,0.61237
55.24999999999999,5.6915,0.60219
46.75,5.7046,0.59201
38.25000000000001,5.7176,0.58183
29.75,5.7307,0.57165
21.249999999999996,5.7438,0.56147
12.750000000000002,5.7569,0.55129
4.25,5.77,0.54111
199.91500000000002,2.7847,0.15604
197.08,2.804,0.15705
194.24,2.8233,0.15807
191.405,2.8426,0.15908
188.57000000000002,2.8619,0.16012
185.735,2.8812,0.16133
182.9,2.9006,0.16254
180.065,2.92,0.16375
177.23,2.9393,0.16496
174.39,2.9587,0.16617
171.555,2.9781,0.16738
168.72,2.9974,0.16859
165.885,3.0168,0.1698
163.05,3.0121,0.16887
160.215,3.0026,0.16751
157.38,2.9931,0.16615
154.54000000000002,2.9836,0.1648
151.705,2.9741,0.16344
148.87,2.9646,0.16208
146.035,2.9551,0.16073
143.2,2.9627,0.16
140.36499999999998,2.9899,0.16
137.52999999999997,3.0173,0.16
134.69500000000002,3.0445,0.16
131.86,3.0718,0.16
129.01999999999998,3.0992,0.16
126.18499999999999,3.1261,0.16
123.35,3.1517,0.16
120.515,3.1773,0.16
117.68,3.2029,0.16
114.845,3.2285,0.16
112.01,3.2541,0.16
109.16999999999999,3.2537,0.16
106.335,3.2455,0.16
103.50000000000001,3.2373,0.16
100.665,3.2292,0.16
97.83,3.221,0.16
94.99499999999999,3.2447,0.16
92.16,3.2729,0.16
89.32000000000001,3.3011,0.16
86.485,3.3293,0.16
83.65,3.3689,0.1616
80.815,3.4153,0.16418
77.97999999999999,3.4617,0.16676
75.14500000000001,3.5081,0.16934
72.31,3.5451,0.17209
69.475,3.5788,0.1749
66.64,3.6125,0.17771
63.8,3.6328,0.17897
60.964999999999996,3.5941,0.17345
58.13,3.5555,0.16793
55.294999999999995,3.5169,0.16241
52.46,3.4953,0.16156
49.625,3.487,0.16432
46.79,3.4788,0.16708
43.95,3.4705,0.16984
41.115,3.4425,0.16451
38.279999999999994,3.4134,0.15868
35.445,3.3843,0.15285
32.61,3.3385,0.14857
29.775,3.2767,0.14576
26.939999999999998,3.2148,0.14295
24.105,3.153,0.14014
21.269999999999996,3.1426,0.13631
18.430000000000003,3.1348,0.13242
15.595,3.1271,0.12853
12.76,3.1193,0.12465
9.924999999999999,3.1115,0.12076
7.09,3.11,0.12
4.255,3.11,0.12
1.42,3.11,0.12
221.335,4.78,0.0099476
217.895,4.7779,0.014267
213.30500000000004,4.775,0.020032
208.72000000000003,4.7721,0.025789
204.13500000000002,4.7692,0.031547
199.545,4.7664,0.037311
194.95499999999998,4.7635,0.043075
190.36999999999998,4.7606,0.048833
185.78499999999997,4.7577,0.054591
181.195,4.7548,0.060354
176.60500000000002,4.7519,0.066118
172.02,4.7491,0.071876
167.435,4.7462,0.077634
162.84500000000003,4.7433,0.083398
158.26000000000002,4.7404,0.089156
153.675,4.7375,0.094913
149.085,4.7347,0.10068
144.49499999999998,4.7318,0.10644
139.90999999999997,4.7289,0.1122
135.325,4.726,0.11796
130.73499999999999,4.7231,0.12372
126.14999999999998,4.7203,0.12948
121.56500000000001,4.7174,0.13524
116.975,4.7145,0.141
112.385,4.7116,0.14676
107.80000000000001,4.7087,0.15252
103.215,4.7059,0.15828
98.62499999999999,4.703,0.16404
94.03500000000001,4.7001,0.16981
89.45,4.7,0.19144
84.865,4.7,0.21361
80.275,4.7374,0.22936
75.69000000000001,4.7551,0.24622
71.105,4.6239,0.27904
66.51499999999999,4.4705,0.23017
61.925000000000004,4.5995,0.24912
57.34,4.1361,0.21051
52.754999999999995,4.13,0.20048
48.165,4.2569,0.2
43.58,3.9499,0.18998
38.995000000000005,3.8728,0.18026
34.40500000000001,3.9791,0.18992
29.815,3.5871,0.18042
25.23,3.2069,0.14074
20.645,2.9092,0.12983
16.055,2.7942,0.10519
11.465,2.5107,0.092141
6.88,2.1825,0.082196
2.2950000000000004,2.11,0.08
259.26000000000005,3.6577,0.37432
253.43500000000003,3.6635,0.37064
247.60500000000002,3.6692,0.36695
241.78,3.6749,0.36326
235.95499999999998,3.6883,0.36108
230.13,3.7603,0.3705
224.305,3.8323,0.37992
218.475,3.9043,0.38935
212.65,3.9763,0.39877
206.82500000000002,4.0483,0.40819
201.0,4.1203,0.41762
195.17499999999998,4.1924,0.42704
189.345,4.2644,0.43646
183.52,4.3364,0.44589
177.695,4.4084,0.45531
171.87,4.4804,0.46473
166.045,4.5524,0.47415
160.215,4.6245,0.48358
154.39,4.6965,0.493
148.565,4.744,0.4978
142.74,4.7207,0.48922
136.91500000000002,4.6974,0.48064
131.085,4.6742,0.47206
125.26,4.6509,0.46348
119.435,4.6276,0.4549
113.605,4.6043,0.44632
107.78,4.581,0.43774
101.955,4.5577,0.42916
96.13,4.5344,0.42058
90.30499999999999,4.5112,0.41201
84.475,4.4879,0.40342
78.64999999999999,4.4646,0.39484
72.825,4.4413,0.38627
67.0,4.418,0.37769
61.17499999999999,4.3947,0.36911
55.345,4.3714,0.36053
49.519999999999996,4.37,0.36
43.695,4.37,0.36
37.87,4.37,0.36
32.044999999999995,4.37,0.36
26.215000000000003,4.37,0.36
20.389999999999997,4.37,0.36
14.565,4.37,0.36
8.740000000000002,4.37,0.36
2.915,4.37,0.36
485.68,8.8876,1.7401
468.02,8.9589,1.7451
450.355,9.0303,1.7502
432.69,9.1017,1.7552
415.03000000000003,9.173,1.7602
397.37,9.2444,1.7652
379.71,9.3157,1.7703
362.04999999999995,9.3871,1.7753
344.39,9.4584,1.7803
326.73,9.5298,1.7853
309.07,9.6011,1.7904
291.41,9.6724,1.7954
273.745,9.7438,1.8004
256.08,9.8152,1.8054
238.42,9.8542,1.799
220.76000000000002,9.5724,1.6785
203.1,9.2907,1.558
185.44,9.0089,1.4375
167.77999999999997,8.7272,1.317
150.12,8.4454,1.1965
132.46,8.2407,1.1203
114.8,8.1309,1.0987
97.135,8.021,1.0772
79.47,7.9111,1.0556
61.809999999999995,7.8012,1.034
44.14999999999999,7.73,1.02
26.49,7.73,1.02
8.83,7.73,1.02
986.0649999999999,6.3267,2.1588
963.395,5.8045,2.0919
940.725,5.2823,2.0249
918.0600000000001,4.7602,1.958
895.395,4.2381,1.891
872.725,5.8777,2.7951
850.055,7.5514,3.7146
827.385,7.413,3.4397
804.715,6.6508,2.7537
782.05,6.1153,2.2022
759.385,5.9461,1.8679
736.715,5.7768,1.5335
714.0450000000001,6.8022,2.0442
691.375,7.8777,2.5905
668.7099999999999,8.2746,2.8505
646.045,8.2153,2.9182
623.375,7.9205,2.8131
600.705,6.8636,2.1484
578.035,5.8067,1.4837
555.3699999999999,6.0097,1.5323
532.7049999999999,6.5007,1.7439
510.035,7.2866,2.124
487.365,8.4298,2.7084
464.695,9.4599,3.2255
442.025,9.3485,3.0645
419.36,9.237,2.9035
396.695,8.9979,2.6006
374.025,8.6951,2.2271
351.35499999999996,8.3582,1.8687
328.685,7.7801,1.6171
306.02000000000004,7.2023,1.3655
283.355,7.2956,1.4358
260.685,7.8736,1.7385
238.015,8.4215,2.0227
215.345,8.1925,1.8276
192.68,7.9636,1.6324
170.015,7.7233,1.4631
147.345,7.4638,1.3373
124.675,7.2043,1.2115
102.005,7.2817,1.1723
79.33500000000001,7.4285,1.1508
56.67,7.5753,1.1294
34.005,7.722,1.108
11.334999999999999,7.8688,1.0866
78.32000000000001,3.7999,0.17
76.6,3.8209,0.17
74.88,3.7966,0.16762
73.16,3.7378,0.16341
71.435,3.7017,0.16078
69.71,3.7634,0.16489
67.99,3.8249,0.16899
66.27,3.783,0.16683
64.55,3.7073,0.16263
62.83,3.6873,0.16171
61.11,3.7602,0.16626
59.385,3.8023,0.16919
57.660000000000004,3.7045,0.16475
55.940000000000005,3.607,0.16032
54.22,3.6418,0.1562
52.5,3.6869,0.1521
50.78,3.7195,0.15191
49.06,3.739,0.15581
47.34,3.7586,0.15971
45.615,3.76,0.16
43.89,3.76,0.16
42.17,3.7476,0.16
40.45,3.7139,0.16
38.730000000000004,3.6803,0.16
37.01,3.6919,0.15604
35.29,3.7039,0.15204
33.565,3.6959,0.14912
31.84,3.6673,0.14733
30.12,3.6388,0.14555
28.400000000000002,3.6103,0.14377
26.68,3.5818,0.14199
24.96,3.5533,0.14021
23.240000000000002,3.5102,0.13716
21.52,3.4652,0.13394
19.795,3.4201,0.13072
18.07,3.363,0.12776
16.35,3.3026,0.12488
14.63,3.2422,0.12201
12.91,3.1618,0.11875
11.19,3.0352,0.1146
9.469999999999999,2.9086,0.11045
7.75,2.782,0.1063
6.025,2.6551,0.10213
4.3,2.59,0.1
2.5799999999999996,2.59,0.1
0.86,2.59,0.1
63.195,4.0016,0.075402
62.1,4.0165,0.079116
61.0,4.0314,0.082848
59.89999999999999,4.0463,0.086579
58.800000000000004,4.0566,0.09
57.7,4.0155,0.09
56.599999999999994,3.9763,0.09
55.5,3.949,0.09
54.400000000000006,3.9283,0.09
53.3,3.9228,0.09
52.205,3.8882,0.09
51.11,3.8216,0.09
50.01,3.81,0.09
48.91,3.8076,0.087607
47.81,3.801,0.08104
46.71,3.7795,0.074882
45.61,3.7444,0.071199
44.51,3.6654,0.07728
43.410000000000004,3.6082,0.07637
42.31,3.5691,0.070224
41.209999999999994,3.5393,0.077687
40.114999999999995,3.4584,0.069768
39.019999999999996,3.3747,0.06
37.919999999999995,3.3299,0.06
36.82,3.2725,0.06
35.72,3.2343,0.06
34.62,3.2988,0.06
33.52,3.384,0.06
32.42,3.3667,0.06
31.32,3.3476,0.06
30.219999999999995,3.2738,0.06
29.124999999999996,3.2932,0.06
28.03,3.2667,0.055184
26.930000000000003,3.2109,0.05
25.83,3.1939,0.05
24.73,3.2198,0.05
23.63,3.1599,0.05
22.53,3.1157,0.05
21.429999999999996,3.0544,0.05
20.330000000000002,3.0002,0.05
19.229999999999997,2.9636,0.048511
18.13,2.8733,0.040302
17.035,2.8203,0.04
15.94,2.7253,0.04
14.84,2.6028,0.04
13.74,2.5215,0.033576
12.64,2.4705,0.03
11.54,2.2814,0.03
10.44,2.1177,0.03
9.34,2.016,0.02
8.239999999999998,1.8984,0.02
7.140000000000001,1.7257,0.02
6.045,1.5555,0.013251
4.949999999999999,1.51,0.01
3.85,1.4037,0.01
2.75,1.2389,0.01
1.65,1.0485,0.01
0.55,0.96,0.01
247.46,1.6944,0.1034
244.225,1.707,0.10419
240.98999999999998,1.7196,0.10498
237.755,1.7322,0.10576
234.52,1.7448,0.10655
231.28500000000003,1.7574,0.10734
228.05,1.77,0.10812
224.815,1.7826,0.10891
221.58,1.7952,0.1097
218.345,1.8169,0.11161
215.11,1.8445,0.11424
211.875,1.872,0.11686
208.64,1.8996,0.11948
205.405,1.9271,0.12211
202.17000000000002,1.9546,0.12473
198.935,1.9822,0.12735
195.705,2.0097,0.12997
192.47,2.0023,0.13
189.23499999999999,1.9945,0.13
186.0,1.9867,0.13
182.76500000000001,1.9789,0.13
179.53000000000003,1.9711,0.13
176.29500000000002,1.9633,0.13
173.06,1.9663,0.12895
169.82500000000002,1.9773,0.12712
166.59,1.9882,0.12529
163.355,1.9992,0.12346
160.11999999999998,2.0102,0.12163
156.885,2.0215,0.12042
153.65,2.0351,0.12431
150.415,2.0487,0.12819
147.17999999999998,2.0623,0.13208
143.945,2.0759,0.13597
140.71,2.0895,0.13985
137.47500000000002,2.0684,0.13279
134.245,2.0459,0.12531
131.01000000000002,2.0234,0.11781
127.775,2.001,0.11032
124.53999999999999,1.9785,0.10282
121.30499999999999,1.9665,0.1
118.07000000000001,1.9608,0.1
114.835,1.9551,0.1
111.60000000000001,1.9494,0.1
108.365,1.9437,0.1
105.13,1.9393,0.098606
101.895,1.9373,0.094621
98.66,1.9353,0.090637
95.42500000000001,1.9333,0.086652
92.19,1.9313,0.082667
88.95500000000001,1.9361,0.08
85.71999999999998,1.9545,0.08
82.485,1.9729,0.08
79.25,1.9913,0.08
76.015,2.0097,0.08
72.78,2.027,0.08
69.545,2.043,0.08
66.315,2.0589,0.08
63.08,2.0749,0.08
59.845,2.0885,0.079864
56.60999999999999,2.0601,0.077283
53.375,2.0317,0.074703
50.14,2.0034,0.072123
46.905,1.97,0.069003
43.67,1.9138,0.063382
40.435,1.8576,0.057761
37.199999999999996,1.8014,0.05214
33.964999999999996,1.8022,0.05171
30.73,1.8381,0.054472
27.494999999999997,1.874,0.057233
24.26,1.9099,0.059994
21.025000000000002,1.8251,0.053633
17.79,1.74,0.047252
14.555,1.6549,0.040871
11.32,1.5699,0.03449
8.085,1.51,0.03
4.8500000000000005,1.51,0.03
1.615,1.51,0.03
835.43,6.5804,2.2436
796.575,6.6907,2.2311
757.7199999999999,6.8009,2.2185
718.86,6.9112,2.2059
679.9999999999999,7.0214,2.1934
641.1450000000001,7.1317,2.1808
602.29,7.242,2.1683
563.4300000000001,7.3522,2.1557
524.575,7.4625,2.1431
485.71999999999997,7.8439,2.1908
446.85999999999996,8.3156,2.2584
408.00000000000006,8.7872,2.326
369.145,9.2589,2.3937
330.28999999999996,9.7305,2.4613
291.43,10.202,2.529
252.57000000000002,10.674,2.5966
213.71499999999997,11.145,2.6643
174.86,11.617,2.7319
136.0,12.089,2.7995
97.14,12.56,2.8672
58.285000000000004,13.032,2.9348
19.43,13.504,3.0025
156.09,7.0739,0.28585
152.87,7.0561,0.28956
147.50999999999996,7.0265,0.29573
142.14499999999998,6.9969,0.3019
136.78,6.9672,0.30807
131.42,6.9376,0.31424
126.055,6.908,0.32042
120.69,6.8784,0.32659
115.32500000000002,6.8487,0.33276
109.96000000000001,6.8191,0.33894
104.6,6.7895,0.34511
99.23499999999999,6.7598,0.35128
93.86999999999999,6.7302,0.35746
88.505,6.7006,0.36363
83.13999999999999,6.6709,0.36981
77.78,6.5272,0.35388
72.415,6.3796,0.33722
67.05,6.2321,0.32055
61.684999999999995,6.0845,0.30389
56.31999999999999,5.9717,0.29161
50.96000000000001,5.8696,0.28067
45.595,5.7662,0.26959
40.230000000000004,5.6179,0.2537
34.865,5.439,0.23528
29.5,5.0694,0.20106
24.14,4.7184,0.17552
18.775,4.4382,0.15878
13.41,4.3228,0.15434
8.045,4.21,0.15
2.68,4.21,0.15
106.89999999999999,2.8259,0.21933
103.39499999999998,2.7982,0.21727
99.89,2.7705,0.21522
96.385,2.7428,0.21317
92.88000000000001,2.7151,0.21112
89.37500000000001,2.6994,0.20829
85.87,2.6982,0.20453
82.365,2.6969,0.20077
78.86,2.6957,0.19701
75.355,2.6944,0.19326
71.85,2.6932,0.1895
68.34499999999998,2.6919,0.18574
64.83999999999999,2.6907,0.18198
61.335,2.701,0.18147
57.83,2.7242,0.18456
54.324999999999996,2.7474,0.18766
50.82000000000001,2.7707,0.19076
47.315000000000005,2.7939,0.19385
43.81,2.8171,0.19695
40.305,2.8389,0.19977
36.8,2.7691,0.18467
33.295,2.6993,0.16958
29.789999999999996,2.6295,0.15449
26.285,2.5597,0.13939
22.78,2.4899,0.1243
19.275000000000002,2.3109,0.12
15.77,2.0883,0.12
12.265,1.8657,0.12
8.76,1.6576,0.12
5.255,1.5551,0.12
1.75,1.47,0.12
102.225,2.3937,0.22437
99.26,2.3799,0.22053
96.3,2.3661,0.2167
93.34,2.3523,0.21286
90.375,2.3385,0.20902
87.41,2.3247,0.20518
84.45,2.3108,0.20135
81.485,2.297,0.1975
78.52000000000001,2.2832,0.19367
75.55999999999999,2.2694,0.18983
72.595,2.2556,0.18599
69.63,2.2417,0.18215
66.67,2.2279,0.17831
63.705,2.2141,0.17447
60.74,2.2003,0.17063
57.78,2.1865,0.1668
54.82,2.1727,0.16296
51.855,2.1588,0.15912
48.89,2.145,0.15528
45.93,2.1312,0.15145
42.965,2.1174,0.14761
40.0,2.1036,0.14377
37.040000000000006,2.09,0.14
34.075,2.09,0.14
31.11,2.09,0.14
28.150000000000002,2.09,0.14
25.185,2.09,0.14
22.22,2.09,0.14
19.259999999999998,2.09,0.14
16.3,2.09,0.14
13.334999999999999,2.09,0.14
10.370000000000001,2.09,0.14
7.41,2.09,0.14
4.445,2.09,0.14
1.48,2.09,0.14
146.54500000000002,3.3428,0.28051
142.83499999999998,3.3596,0.27931
139.125,3.3765,0.27811
135.41500000000002,3.3933,0.27691
131.705,3.4101,0.27571
127.995,3.4269,0.27451
124.28500000000001,3.4437,0.27331
120.575,3.4606,0.2721
116.865,3.4774,0.2709
113.155,3.4956,0.26979
109.44500000000001,3.5183,0.26895
105.735,3.5408,0.26812
102.025,3.5635,0.26728
98.315,3.5861,0.26644
94.60499999999999,3.6087,0.2656
90.89500000000001,3.6313,0.26477
87.185,3.6539,0.26393
83.475,3.6765,0.26309
79.765,3.6991,0.26226
76.05499999999999,3.7217,0.26142
72.345,3.7443,0.26058
68.635,3.7517,0.25897
64.92500000000001,3.7248,0.2556
61.215,3.6978,0.25222
57.505,3.6708,0.24885
53.794999999999995,3.6438,0.24548
50.08500000000001,3.6168,0.24211
46.375,3.5899,0.23873
42.66499999999999,3.5629,0.23536
38.955000000000005,3.5359,0.23199
35.245,3.4716,0.22335
31.535,3.3539,0.20717
27.825000000000003,3.2363,0.19099
24.115,3.1186,0.1748
20.405,3.0009,0.15862
16.695,2.8832,0.14244
12.985,2.7655,0.12626
9.275,2.72,0.12
5.565,2.72,0.12
1.8550000000000002,2.72,0.12
49.1,1.3529,0.11288
47.635,1.3398,0.099756
46.165,1.3341,0.089181
44.7,1.3499,0.086028
43.235,1.3656,0.082874
41.77,1.3792,0.079481
40.305,1.3704,0.073624
38.839999999999996,1.3617,0.067768
37.375,1.3529,0.061911
35.91,1.3362,0.058027
34.445,1.3157,0.055099
32.974999999999994,1.2951,0.052161
31.509999999999998,1.2712,0.049204
30.044999999999998,1.2378,0.046168
28.580000000000002,1.2044,0.043131
27.115000000000002,1.171,0.040094
25.65,1.1494,0.04
24.185,1.1281,0.04
22.715,1.1068,0.04
21.249999999999996,1.0716,0.037629
19.785,1.0297,0.03414
18.320000000000004,0.98782,0.030651
16.855,0.95837,0.026396
15.389999999999999,0.93178,0.021964
13.925,0.90573,0.02
12.46,0.88011,0.02
10.995000000000001,0.85161,0.02
9.524999999999999,0.82114,0.02
8.059999999999999,0.79078,0.02
6.595,0.76424,0.018082
5.13,0.74602,0.012008
3.665,0.72285,0.01
2.1999999999999997,0.69723,0.01
0.735,0.69,0.01
35.435,0.91804,0.10083
34.10000000000001,0.90763,0.094579
32.76,0.89718,0.08831
31.425,0.88677,0.082064
30.09,0.87636,0.075819
28.75,0.86592,0.069549
27.41,0.85547,0.06328
26.075,0.84506,0.057034
24.74,0.83465,0.050789
23.400000000000002,0.8242,0.044519
22.065,0.81379,0.038274
20.729999999999997,0.80338,0.032028
19.39,0.79218,0.029131
18.05,0.78062,0.027847
16.715,0.7691,0.026567
15.379999999999999,0.75759,0.025288
14.040000000000001,0.74603,0.024003
12.7,0.73447,0.022719
11.365,0.72296,0.02144
10.030000000000001,0.71144,0.02016
8.69,0.70636,0.02
7.3549999999999995,0.70221,0.02
6.02,0.69806,0.02
4.68,0.6939,0.02
3.3400000000000003,0.69,0.02
2.005,0.69,0.02
0.67,0.69,0.02
398.705,2.2756,0.45051
386.05,2.6012,0.54438
373.39,2.6966,0.54505
360.73,2.7058,0.51074
348.07500000000005,2.7149,0.47644
335.42,2.7241,0.44214
322.76,2.8437,0.42594
310.09999999999997,3.1642,0.44268
297.44499999999994,3.4845,0.45941
284.78999999999996,3.8048,0.47615
272.13,4.0933,0.48737
259.475,4.2282,0.4721
246.82,4.363,0.45683
234.16,4.498,0.44155
221.5,4.6355,0.43222
208.845,4.7811,0.44132
196.19,4.9268,0.45042
183.53,5.0725,0.45953
170.87,4.9511,0.42674
158.215,4.8152,0.39168
145.56,4.7739,0.36441
132.89999999999998,4.7797,0.34103
120.24499999999999,4.9731,0.34603
107.58999999999999,5.0169,0.34756
94.93,4.7933,0.34098
82.27,4.6058,0.31016
69.615,4.3932,0.27306
56.959999999999994,3.9875,0.22348
44.3,3.5816,0.17387
31.64,3.0741,0.14247
18.985,2.5581,0.11262
6.33,2.34,0.1
296.47,4.723,0.34375
291.74,4.6352,0.32662
286.47999999999996,4.5375,0.30757
281.225,4.44,0.28854
275.97,4.3425,0.2695
270.71,4.2448,0.25045
265.455,4.1473,0.23142
260.2,4.1906,0.23
254.94,4.2454,0.23
249.685,4.3001,0.23
244.42999999999998,4.3282,0.22909
239.17,4.2846,0.22574
233.915,4.241,0.22239
228.66,4.1985,0.21885
223.39999999999998,4.1584,0.21484
218.14499999999998,4.1184,0.21084
212.89,4.146,0.2136
207.63,4.1917,0.21817
202.375,4.1415,0.21405
197.12,4.0271,0.2041
191.86,3.904,0.19655
186.60500000000002,3.7751,0.19068
181.35000000000002,3.8492,0.18442
176.095,3.8954,0.18189
170.84,3.8133,0.1882
165.58,3.7949,0.19
160.325,3.7791,0.1881
155.07,3.697,0.18064
149.81,3.6285,0.17317
144.55499999999998,3.63,0.17429
139.3,3.6875,0.18
134.04,3.7622,0.18
128.785,3.539,0.152
123.53,3.4653,0.14506
118.27,3.4802,0.15
113.015,3.4659,0.15148
107.75999999999999,3.4988,0.15969
102.50000000000001,3.5633,0.15209
97.245,3.5617,0.14389
91.99,3.4863,0.14
86.73,3.4529,0.14357
81.475,3.554,0.15
76.22000000000001,3.5764,0.15394
70.96,3.5253,0.15022
65.705,3.5162,0.14
60.45,3.6231,0.14859
55.195,3.5128,0.14
49.94,3.603,0.147
44.68,3.5514,0.15619
39.425000000000004,3.5595,0.14368
34.17,3.3579,0.13843
28.909999999999997,3.4592,0.13923
23.655,3.2694,0.12684
18.4,3.1072,0.1136
13.139999999999999,3.0484,0.1045
7.885,2.8537,0.1
2.63,2.76,0.1
8.985,1.08,0.022711
8.815,1.08,0.021633
8.645,1.08,0.020554
8.475,1.0782,0.020585
8.31,1.0747,0.021753
8.145,1.0712,0.022921
7.975,1.0676,0.024124
7.805,1.064,0.025328
7.635000000000001,1.0604,0.026531
7.47,1.0569,0.027699
7.305,1.0534,0.028867
7.135,1.0501,0.029924
6.965,1.0514,0.028626
6.800000000000001,1.0526,0.027367
6.635000000000001,1.0539,0.026108
6.465,1.0552,0.02481
6.295,1.0565,0.023513
6.125,1.0578,0.022215
5.96,1.059,0.020956
5.795,1.0584,0.02
5.625,1.0513,0.02
5.455,1.0443,0.02
5.285,1.0372,0.02
5.119999999999999,1.0304,0.02
4.955,1.0236,0.02
4.785,1.0166,0.02
4.615,1.0094,0.02
4.45,1.0009,0.02
4.285,0.99242,0.02
4.114999999999999,0.98368,0.02
3.945,0.97494,0.02
3.7750000000000004,0.9662,0.02
3.6100000000000003,0.95772,0.02
3.4450000000000003,0.94865,0.02
3.2750000000000004,0.93328,0.02
3.105,0.9179,0.02
2.935,0.90252,0.02
2.77,0.8876,0.02
2.605,0.87267,0.02
2.435,0.85729,0.02
2.265,0.84321,0.02
2.095,0.83029,0.02
1.9300000000000002,0.81776,0.02
1.7650000000000001,0.80522,0.02
1.595,0.7923,0.02
1.425,0.77923,0.02
1.26,0.76364,0.02
1.095,0.74804,0.02
0.925,0.73196,0.02
0.755,0.71755,0.02
0.585,0.70797,0.02
0.42000000000000004,0.69867,0.02
0.255,0.69,0.02
0.085,0.69,0.02
54.21,2.7352,0.03
53.87500000000001,2.7317,0.03
53.43000000000001,2.7271,0.03
52.98500000000001,2.7225,0.03
52.535,2.7178,0.03
52.089999999999996,2.7132,0.03
51.644999999999996,2.7085,0.03
51.19500000000001,2.7039,0.03
50.745,2.6992,0.03
50.3,2.6946,0.03
49.855,2.69,0.03
49.405,2.6863,0.03
48.96,2.6827,0.03
48.515,2.679,0.03
48.065,2.6754,0.03
47.615,2.6717,0.03
47.17,2.6633,0.03
46.725,2.6508,0.03
46.275,2.6381,0.03
45.83,2.6255,0.03
45.385,2.613,0.03
44.935,2.6082,0.03
44.485,2.6058,0.03
44.04,2.6035,0.03
43.59499999999999,2.6012,0.03
43.145,2.6063,0.03
42.7,2.6187,0.03
42.255,2.631,0.03
41.80499999999999,2.6435,0.03
41.355000000000004,2.6444,0.03
40.910000000000004,2.633,0.03
40.465,2.6215,0.03
40.01499999999999,2.6099,0.03
39.57,2.5966,0.03
39.125,2.5833,0.03
38.675000000000004,2.5701,0.03
38.224999999999994,2.5734,0.03
37.78,2.5766,0.03
37.335,2.5799,0.03
36.885,2.5658,0.03
36.44,2.5513,0.03
35.995,2.54,0.03
35.545,2.54,0.03
35.095,2.54,0.03
34.65,2.5255,0.027092
34.205,2.5056,0.023111
33.755,2.4891,0.02
33.31,2.4851,0.02
32.865,2.4811,0.02
32.415,2.4684,0.022905
31.97,2.4525,0.026886
31.525,2.44,0.03
31.075,2.44,0.03
30.625,2.44,0.03
30.18,2.4371,0.027099
29.735,2.4331,0.023117
29.285,2.4291,0.020909
28.839999999999996,2.4251,0.02489
28.395,2.4211,0.028872
27.945,2.4026,0.027102
27.494999999999997,2.3784,0.023076
27.049999999999997,2.3609,0.02
26.605,2.3649,0.02
26.155,2.3689,0.02
25.71,2.3932,0.025791
25.265,2.425,0.033753
24.815,2.4521,0.043085
24.365000000000002,2.4612,0.056841
23.92,2.47,0.069423
23.474999999999998,2.47,0.051776
23.025,2.47,0.03393
22.580000000000002,2.4452,0.033095
22.135,2.4134,0.037076
21.685,2.3888,0.04
21.235,2.3843,0.04
20.790000000000003,2.3799,0.040107
20.345000000000002,2.375,0.045054
19.895,2.3697,0.049901
19.450000000000003,2.3477,0.041077
19.005000000000003,2.3256,0.032253
18.555000000000003,2.3133,0.033335
18.105,2.3044,0.037797
17.660000000000004,2.295,0.04
17.215,2.2851,0.04
16.765,2.2727,0.04
16.32,2.2579,0.04
15.875,2.2473,0.04
15.425,2.2414,0.04
14.974999999999998,2.2444,0.035632
14.53,2.25,0.030003
14.085,2.2451,0.03
13.635000000000002,2.2401,0.03
13.19,2.2198,0.03
12.745,2.1993,0.03
12.295,2.1743,0.03
11.845,2.1493,0.03
11.4,2.1245,0.03
10.955,2.0999,0.03
10.505,2.0849,0.03
10.059999999999999,2.07,0.03
9.615,2.0453,0.025064
9.165,2.0203,0.020062
8.72,2.0053,0.024885
8.275,1.9905,0.029832
7.825,1.9814,0.025688
7.375,1.9725,0.021227
6.930000000000001,1.9602,0.02
6.484999999999999,1.9466,0.02
6.035,1.9374,0.02
5.59,1.9324,0.02
5.1450000000000005,1.9272,0.02285
4.694999999999999,1.9215,0.028542
4.245,1.9046,0.03
3.8,1.8937,0.03
3.355,1.9067,0.03
2.9050000000000002,1.9299,0.03
2.46,1.9469,0.03
2.0149999999999997,1.9333,0.03
1.565,1.9269,0.023858
1.1150000000000002,1.9229,0.015806
0.67,1.92,0.01
461.46500000000003,4.9559,0.69998
436.52000000000004,5.1105,0.68779
411.58,5.2651,0.67561
386.635,5.4197,0.66342
361.68999999999994,5.5744,0.65123
336.74499999999995,5.5988,0.66541
311.79999999999995,5.6086,0.68255
286.86,5.6184,0.69969
261.915,5.6282,0.71683
236.97000000000003,5.638,0.73397
212.025,5.6478,0.75111
187.07999999999998,5.6576,0.76826
162.13499999999996,5.6674,0.7854
137.18999999999997,5.5353,0.75372
112.24999999999999,5.3511,0.70414
87.30499999999999,5.1669,0.65456
62.36,4.9827,0.60497
37.415,4.89,0.58
12.47,4.89,0.58
783.5,5.2192,1.0835
759.3950000000001,5.3337,1.1094
735.285,5.4483,1.1353
711.175,5.5628,1.1612
687.0699999999999,5.6773,1.1871
662.965,5.7918,1.213
638.8549999999999,5.9063,1.239
614.745,6.0208,1.2649
590.635,6.1354,1.2908
566.53,6.2499,1.3167
542.425,6.3644,1.3426
518.315,6.4789,1.3685
494.205,6.5934,1.3945
470.1,6.7079,1.4204
445.995,6.8224,1.4463
421.885,6.9369,1.4722
397.775,7.0515,1.4981
373.67,7.166,1.524
349.565,7.2805,1.5499
325.455,7.395,1.5759
301.34499999999997,7.5095,1.6018
277.235,7.6365,1.6281
253.13000000000002,7.7931,1.6555
229.02499999999998,7.9496,1.6829
204.91500000000002,8.1062,1.7103
180.805,8.2628,1.7377
156.70000000000002,8.3212,1.7312
132.595,7.9537,1.5773
108.485,7.5861,1.4234
84.375,7.2185,1.2694
60.269999999999996,6.851,1.1155
36.165000000000006,6.79,1.09
12.055,6.79,1.09
685.145,10.441,5.721
658.275,10.431,5.187
631.4100000000001,10.421,4.6532
604.545,10.41,4.1193
577.675,10.4,3.5853
550.805,10.39,3.0513
523.9350000000001,10.379,2.5281
497.065,10.337,2.4474
470.2,10.295,2.3668
443.33500000000004,10.253,2.2862
416.465,10.211,2.2056
389.595,10.17,2.125
362.72499999999997,10.128,2.0443
335.855,10.086,1.9637
308.98499999999996,10.044,1.8831
282.12,10.002,1.8025
255.255,9.9624,1.7468
228.385,9.9251,1.7188
201.515,9.8878,1.6908
174.64499999999998,9.8505,1.6629
147.77499999999998,9.6675,1.5939
120.90499999999999,8.8293,1.3402
94.03999999999999,7.9911,1.0865
67.175,6.9761,0.82869
40.305,5.7547,0.56592
13.435,5.03,0.41
489.51,5.7791,1.0676
466.74499999999995,5.7154,1.0373
443.975,5.6517,1.0069
421.205,5.5881,0.97658
398.435,5.5244,0.94623
375.67,5.4607,0.9159
352.90500000000003,5.3971,0.88556
330.13499999999993,5.3334,0.85522
307.365,5.2697,0.82487
284.595,5.2061,0.79453
261.83,5.1424,0.76419
239.065,5.0787,0.73385
216.29500000000002,5.0151,0.70351
193.525,4.9514,0.67317
170.76,4.8877,0.64283
147.99499999999998,4.8241,0.61249
125.22500000000001,4.7604,0.58215
102.45499999999998,4.6967,0.5518
79.685,4.6331,0.52146
56.92,4.2895,0.44142
34.155,3.9317,0.35886
11.385,3.72,0.31
778.385,8.6481,4.3355
747.86,8.6936,4.2024
717.335,8.7392,4.0694
686.81,8.7847,3.9364
656.285,8.8302,3.8034
625.7600000000001,8.8758,3.6703
595.235,8.9213,3.5373
564.71,8.9668,3.4043
534.1850000000001,9.0124,3.2712
503.65999999999997,9.0579,3.1382
473.135,9.1034,3.0051
442.61,9.149,2.8721
412.08500000000004,9.1945,2.7391
381.56,9.24,2.606
351.03499999999997,9.2856,2.473
320.51,9.2435,2.4401
289.98500000000007,9.1919,2.418
259.46000000000004,9.1403,2.3959
228.935,9.0888,2.3738
198.41,9.0372,2.3517
167.88500000000002,9.0171,2.3175
137.36,9.0322,2.2697
106.835,9.0473,2.222
76.31,9.0623,2.1743
45.785,9.0774,2.1266
15.26,9.0925,2.0789
985.24,1.6098,0.53365
962.055,1.7954,0.56566
938.87,1.9809,0.59769
915.69,2.1663,0.6297
892.51,2.3518,0.66171
869.3299999999999,2.5373,0.69372
846.145,2.7228,0.72575
822.96,2.9083,0.75777
799.78,3.0938,0.78978
776.5999999999999,3.2793,0.82179
753.42,3.4647,0.85381
730.235,3.6503,0.88583
707.05,3.8358,0.91785
683.87,4.0213,0.94986
660.69,4.2067,0.98187
637.51,4.3922,1.0139
614.325,4.5777,1.0459
591.14,4.7632,1.0779
567.96,4.9487,1.1099
544.7800000000001,5.1342,1.142
521.6,5.3197,1.174
498.41499999999996,5.5052,1.206
475.22999999999996,5.6907,1.238
452.05,5.8762,1.27
428.86999999999995,6.0616,1.302
405.69,6.2471,1.334
382.505,6.4326,1.3661
359.32,6.6181,1.3981
336.14,6.8036,1.4301
312.96000000000004,6.9891,1.4621
289.775,7.1746,1.4941
266.59,7.3601,1.5262
243.41000000000003,7.5456,1.5582
220.23,7.7299,1.5898
197.05,7.7197,1.5562
173.86499999999998,7.7095,1.5226
150.67999999999998,7.6993,1.4889
127.5,7.689,1.4553
104.32,7.6788,1.4217
81.14,7.6685,1.3881
57.955,7.66,1.36
34.769999999999996,7.66,1.36
11.59,7.66,1.36
988.56,7.6073,6.2648
965.29,7.7379,6.0917
942.03,7.8684,5.9186
918.77,7.9989,5.7455
895.51,8.1295,5.5724
872.25,8.26,5.3993
848.99,8.3906,5.2262
825.73,8.5211,5.0531
802.47,8.6517,4.88
779.2099999999999,8.7822,4.7069
755.95,8.9128,4.5338
732.69,9.0433,4.3607
709.43,9.1739,4.1876
686.17,9.3044,4.0145
662.91,9.435,3.8414
639.6500000000001,9.5655,3.6683
616.39,9.6961,3.4951
593.1299999999999,9.8266,3.322
569.87,9.9572,3.149
546.61,10.088,2.9758
523.35,10.173,2.8881
500.0899999999999,10.203,2.9062
476.83,10.232,2.9243
453.57000000000005,10.261,2.9424
430.30999999999995,10.291,2.9605
407.05,10.32,2.9786
383.78999999999996,10.35,2.9967
360.53000000000003,10.379,3.0148
337.27,10.408,3.0329
314.01,10.384,2.9918
290.74999999999994,10.326,2.9123
267.49,10.267,2.8329
244.23,10.209,2.7534
220.97,10.15,2.674
197.71,10.514,2.8791
174.45,10.967,3.145
151.19,11.421,3.411
127.92999999999999,11.806,3.6591
104.67,11.987,3.854
81.41,12.168,4.049
58.14999999999999,12.35,4.2439
34.89,12.531,4.4389
11.629999999999999,12.713,4.6338
987.02,3.9012,1.1989
958.4350000000001,3.9971,1.1855
929.825,4.0929,1.1721
901.215,4.1887,1.1586
872.605,4.2845,1.1452
843.995,4.3803,1.1317
815.385,4.4762,1.1183
786.775,4.572,1.1048
758.165,4.6678,1.0914
729.555,4.7636,1.0779
700.945,4.8594,1.0645
672.335,4.9553,1.051
643.725,5.0511,1.0376
615.115,5.1469,1.0241
586.5050000000001,5.2427,1.0107
557.895,5.3385,0.99722
529.285,5.4344,0.98377
500.67499999999995,5.5302,0.97032
472.065,5.626,0.95688
443.455,5.7218,0.94343
414.845,5.8177,0.92998
386.235,5.9135,0.91653
357.62499999999994,6.0093,0.90308
329.015,6.1051,0.88963
300.40500000000003,6.2009,0.87618
271.795,6.2968,0.86274
243.18499999999997,6.3926,0.84929
214.57500000000002,6.4884,0.83584
185.965,6.4917,0.80729
157.35500000000002,6.4239,0.76714
128.745,6.3562,0.727
100.135,6.2885,0.68686
71.525,5.6345,0.56358
42.915,4.5559,0.38009
14.305,3.85,0.26
663.59,7.7876,1.6471
635.355,8.1041,1.8224
607.12,8.4205,1.9977
578.8800000000001,8.737,2.173
550.64,9.0536,2.3483
522.4,9.3701,2.5236
494.16499999999996,9.6866,2.6989
465.92999999999995,10.003,2.8741
437.69,10.319,3.0494
409.45,10.636,3.2247
381.21000000000004,10.953,3.4001
352.975,11.269,3.5753
324.74,11.585,3.7506
296.5,11.902,3.9259
268.26,12.219,4.1012
240.01999999999998,12.535,4.2765
211.785,12.329,4.1748
183.54999999999998,11.163,3.5643
155.31,9.9971,2.9536
127.07000000000002,8.831,2.343
98.83,7.665,1.7324
70.59499999999998,6.4991,1.1219
42.36,6.19,0.96
14.120000000000001,6.19,0.96
492.525,4.3494,0.75311
465.9,4.4523,0.76033
439.28000000000003,4.5551,0.76755
412.655,4.658,0.77477
386.03,4.7608,0.78199
359.41,4.8637,0.78921
332.785,4.9666,0.79643
306.15999999999997,5.0694,0.80365
279.54,5.1723,0.81086
252.92000000000004,5.2751,0.81808
226.295,5.378,0.8253
199.67000000000002,5.4809,0.83252
173.04999999999998,5.5837,0.83974
146.425,5.6866,0.84695
119.8,5.5432,0.79621
93.17999999999999,5.2202,0.70317
66.55999999999999,4.8971,0.61013
39.934999999999995,4.574,0.51707
13.31,4.48,0.49
996.675,0.74327,0.35942
972.64,0.92848,0.39117
948.625,1.1137,0.42292
924.6099999999999,1.2989,0.45467
900.59,1.4841,0.48642
876.575,1.6694,0.51817
852.56,1.8546,0.54992
828.5450000000001,2.0398,0.58167
804.53,2.225,0.61342
780.5150000000001,2.4102,0.64517
756.5,2.5954,0.67692
732.48,2.7806,0.70868
708.465,2.9658,0.74043
684.45,3.1511,0.77218
660.435,3.3363,0.80393
636.42,3.5215,0.83568
612.4000000000001,3.7067,0.86744
588.385,3.8919,0.89919
564.37,4.0771,0.93094
540.3549999999999,4.2623,0.96269
516.34,4.4475,0.99444
492.325,4.6327,1.0262
468.31,4.818,1.0579
444.28999999999996,5.0032,1.0897
420.27500000000003,5.1884,1.1214
396.26,5.3736,1.1532
372.245,5.5588,1.1849
348.23,5.744,1.2167
324.21500000000003,5.9292,1.2484
300.20000000000005,6.1144,1.2802
276.18,6.2997,1.3119
252.16500000000002,6.4849,1.3437
228.15,6.6312,1.3653
204.13500000000002,6.7363,1.3762
180.12,6.8414,1.3872
156.10000000000002,6.9466,1.3981
132.085,7.0517,1.409
108.07,7.1569,1.4199
84.055,7.262,1.4309
60.040000000000006,7.3671,1.4418
36.025,7.4723,1.4527
12.01,7.5774,1.4636
482.84499999999997,1.5536,0.38904
465.9,1.6638,0.39283
448.96000000000004,1.774,0.39661
432.02,1.8842,0.40039
415.08,1.9944,0.40417
398.135,2.1046,0.40795
381.19000000000005,2.2148,0.41174
364.24999999999994,2.325,0.41552
347.31,2.4352,0.4193
330.37,2.5454,0.42308
313.425,2.6557,0.42686
296.47999999999996,2.7659,0.43064
279.54,2.8761,0.43442
262.6,2.9863,0.43821
245.66000000000003,3.0964,0.44199
228.715,3.2067,0.44577
211.77,3.3169,0.44955
194.83,3.2907,0.43634
177.89,3.2461,0.42083
160.95,3.2016,0.40533
144.01,3.157,0.38982
127.06499999999998,3.1124,0.37431
110.11999999999999,3.0678,0.3588
93.17999999999999,3.0232,0.34329
76.24000000000001,2.9786,0.32779
59.3,2.9341,0.31228
42.355000000000004,2.8895,0.29677
25.410000000000004,2.87,0.29
8.47,2.87,0.29
1175.8500000000001,4.1617,1.0889
1145.3,4.4731,1.1295
1114.75,4.7845,1.1702
1084.2,5.0959,1.2108
1053.6499999999999,5.4073,1.2514
1023.15,5.7186,1.292
992.61,6.03,1.3326
962.05,6.3413,1.3732
931.5100000000001,6.6527,1.4138
900.965,6.9641,1.4545
870.42,7.2755,1.4951
839.88,7.5869,1.5357
809.3399999999999,7.8982,1.5763
778.8000000000001,8.2096,1.6169
748.26,8.521,1.6575
717.72,8.8323,1.6981
687.1800000000001,9.1437,1.7387
656.64,9.455,1.7793
626.095,9.8205,1.8628
595.5500000000001,10.352,2.0781
565.01,10.883,2.2933
534.47,11.415,2.5085
503.93,11.946,2.7237
473.39,12.478,2.9389
442.85,12.62,2.8701
412.31,12.72,2.7704
381.76500000000004,12.819,2.6706
351.21999999999997,12.919,2.5709
320.68,13.302,2.619
290.14,13.813,2.7334
259.6,14.324,2.8478
229.05999999999997,14.747,2.9429
198.52,14.438,2.8763
167.98000000000002,14.128,2.8096
137.435,13.818,2.743
106.89,13.509,2.6763
76.35,13.34,2.64
45.81,13.34,2.64
15.270000000000001,13.34,2.64
972.3,7.1364,2.5845
936.945,7.2129,2.5203
901.59,7.2895,2.4561
866.23,7.366,2.3919
830.875,7.4426,2.3277
795.52,7.5192,2.2635
760.16,7.5957,2.1993
724.8050000000001,7.6723,2.1351
689.45,7.7489,2.0709
654.09,7.8254,2.0067
618.735,7.902,1.9426
583.38,7.9786,1.8784
548.025,8.0551,1.8142
512.67,8.1317,1.75
477.31,8.2083,1.6858
441.955,8.2848,1.6216
406.59999999999997,8.3614,1.5574
371.24,8.438,1.4932
335.885,8.5145,1.429
300.53,8.5911,1.3648
265.17,8.6677,1.3006
229.815,8.7308,1.2368
194.46,8.5645,1.1793
159.105,8.3983,1.1219
123.75,8.232,1.0644
88.39,8.0657,1.0069
53.035,7.93,0.96
17.68,7.93,0.96
831.9100000000001,2.9604,0.83796
803.71,3.2364,0.9108
775.51,3.5123,0.98364
747.3100000000001,3.7882,1.0565
719.11,4.0641,1.1293
690.91,4.34,1.2022
662.71,4.6159,1.275
634.51,4.8918,1.3478
606.3100000000001,5.1677,1.4207
578.11,5.4437,1.4935
549.91,5.7196,1.5664
521.71,5.9955,1.6392
493.505,6.2715,1.7121
465.3,6.5474,1.7849
437.09999999999997,6.8233,1.8578
408.9,7.0992,1.9306
380.7,7.3752,2.0034
352.5,7.5477,2.016
324.29999999999995,7.71,2.0225
296.09999999999997,7.8722,2.029
267.90000000000003,8.0345,2.0356
239.70000000000002,8.1968,2.0421
211.5,8.3591,2.0486
183.29999999999998,8.5214,2.0552
155.1,8.6836,2.0617
126.89999999999999,8.8459,2.0682
98.7,9.0082,2.0748
70.5,9.1705,2.0813
42.3,9.3328,2.0878
14.1,9.495,2.0944
848.2149999999999,7.0438,5.5073
823.63,6.9274,5.0141
799.045,6.8111,4.5208
774.4599999999999,6.6947,4.0276
749.8750000000001,6.5784,3.5343
725.285,6.462,3.041
700.7,6.3456,2.5478
676.115,6.2499,2.0961
651.53,6.3575,2.0543
626.945,6.465,2.0124
602.355,6.5725,1.9705
577.77,6.6801,1.9286
553.1850000000001,6.7876,1.8867
528.5999999999999,6.8951,1.8449
504.015,7.0027,1.803
479.425,7.1102,1.7611
454.84000000000003,7.3219,1.7611
430.255,7.8332,1.8816
405.66999999999996,8.3445,2.0022
381.085,8.8559,2.1227
356.495,9.3673,2.2433
331.91,9.804,2.3402
307.325,9.6644,2.2547
282.74,9.5248,2.1692
258.15500000000003,9.3851,2.0838
233.565,9.0479,1.95
208.98,8.5818,1.7847
184.395,8.2663,1.6656
159.81,8.4145,1.6884
135.22500000000002,8.3949,1.6929
110.63499999999999,8.042,1.6049
86.05,6.2408,0.84472
61.465,6.0659,0.85501
36.879999999999995,5.0344,0.61732
12.295,4.11,0.34
784.59,11.738,12.861
763.09,11.363,11.663
741.595,10.989,10.466
720.0999999999999,10.614,9.2691
698.605,10.24,8.072
677.11,9.8654,6.8748
655.615,9.4909,5.6777
634.12,9.1164,4.4805
612.625,8.7419,3.2834
591.1299999999999,8.5457,2.5236
569.6300000000001,8.6748,2.5621
548.135,8.8039,2.6007
526.64,8.933,2.6392
505.145,9.062,2.6777
483.65000000000003,9.1911,2.7162
462.155,9.3202,2.7547
440.65999999999997,9.4493,2.7932
419.165,9.5784,2.8317
397.66999999999996,9.7075,2.8702
376.17,9.8366,2.9087
354.675,9.9657,2.9473
333.18,10.095,2.9858
311.685,10.224,3.0243
290.19,10.21,2.9917
268.695,9.9095,2.8163
247.20000000000002,9.6089,2.6408
225.70499999999998,9.3083,2.4654
204.21,9.0077,2.29
182.70999999999998,8.7071,2.1145
161.215,8.4065,1.939
139.72,8.1059,1.7636
118.225,7.8053,1.5882
96.73,7.5047,1.4127
75.235,7.5,1.41
53.74,7.5,1.41
32.245,7.5,1.41
10.75,7.5,1.41
1285.1,5.9389,2.5389
1253.3500000000001,6.0275,2.4814
1221.6499999999999,6.1161,2.4239
1189.95,6.2047,2.3664
1158.1999999999998,6.2933,2.3088
1126.4500000000003,6.3819,2.2513
1094.75,6.4705,2.1937
1063.0,6.5591,2.1362
1031.25,6.6477,2.0787
999.5350000000001,6.7363,2.0212
967.8050000000001,6.8249,1.9636
936.075,6.9135,1.9061
904.3449999999999,7.0021,1.8486
872.61,7.0907,1.791
840.875,7.1794,1.7335
809.145,7.268,1.676
777.415,7.3566,1.6184
745.685,7.4452,1.5609
713.955,7.5338,1.5034
682.225,7.6224,1.4458
650.495,7.711,1.3883
618.76,7.7999,1.3493
587.025,7.8892,1.3471
555.295,7.9786,1.345
523.565,8.068,1.3428
491.83500000000004,8.1573,1.3407
460.10499999999996,8.2467,1.3386
428.375,8.3361,1.3364
396.64500000000004,8.4255,1.3343
364.91,8.5148,1.3321
333.175,8.6042,1.33
301.44499999999994,8.6936,1.3278
269.71500000000003,8.783,1.3257
237.985,8.8723,1.3235
206.25500000000002,8.9617,1.3214
174.52499999999998,9.0511,1.3193
142.79500000000002,9.1404,1.3171
111.05999999999999,9.2298,1.315
79.325,9.3192,1.3128
47.595,9.4086,1.3107
15.865,9.4979,1.3085
988.345,11.645,5.3862
961.25,11.599,5.2426
934.17,11.553,5.0991
907.095,11.508,4.9555
880.02,11.462,4.812
852.94,11.417,4.6684
825.86,11.371,4.5248
798.7850000000001,11.326,4.3812
771.71,11.28,4.2377
744.63,11.235,4.0941
717.5500000000001,11.189,3.9505
690.4749999999999,11.143,3.807
663.4,11.098,3.6634
636.32,11.052,3.5199
609.24,11.007,3.3763
582.1650000000001,10.961,3.2327
555.0899999999999,10.916,3.0892
528.01,10.87,2.9456
500.93,10.825,2.802
473.855,10.779,2.6585
446.78000000000003,10.733,2.5149
419.70000000000005,10.688,2.3713
392.61999999999995,10.642,2.2278
365.545,10.597,2.0842
338.46999999999997,10.5,1.9636
311.39,10.331,1.8757
284.31,10.161,1.7877
257.235,9.9915,1.6998
230.16,9.822,1.6118
203.07999999999998,9.6525,1.5238
176.0,9.4831,1.4359
148.925,9.3136,1.3479
121.85000000000001,9.1441,1.26
94.77,8.99,1.18
67.69,8.99,1.18
40.614999999999995,8.99,1.18
13.54,8.99,1.18
679.465,6.1337,7.2225
650.555,6.1464,6.7881
621.64,6.1591,6.3536
592.7249999999999,6.1718,5.9191
563.8149999999999,6.1845,5.4846
534.9,6.1971,5.0501
505.985,6.2098,4.6156
477.07500000000005,6.2225,4.1812
448.16,6.2352,3.7467
419.245,6.2478,3.3122
390.3299999999999,6.2605,2.8777
361.41499999999996,6.2732,2.4432
332.505,6.2859,2.0088
303.59000000000003,6.2986,1.5743
274.675,6.3113,1.1398
245.76500000000001,6.2602,0.81883
216.85,6.0671,0.75051
187.935,5.874,0.68219
159.025,5.681,0.61388
130.11,5.4879,0.54556
101.19500000000001,5.2948,0.47724
72.285,5.1018,0.40893
43.37,5.02,0.38
14.455,5.02,0.38
478.665,6.3427,1.1618
449.65500000000003,6.4776,1.1516
420.645,6.6126,1.1414
391.635,6.7476,1.1312
362.625,6.8826,1.1209
333.615,7.0175,1.1107
304.605,7.1525,1.1005
275.595,7.2875,1.0903
246.585,7.4225,1.0801
217.57500000000002,7.5575,1.0699
188.56499999999997,7.6924,1.0596
159.555,7.7893,1.0434
130.54500000000002,7.2291,0.92411
101.535,6.6689,0.80476
72.525,6.1087,0.68542
43.515,5.5485,0.56607
14.505,5.52,0.56
479.34,5.0234,0.85638
454.76,5.1966,0.89028
430.17499999999995,5.3698,0.92418
405.59000000000003,5.543,0.95809
381.00999999999993,5.7162,0.99199
356.43,5.8894,1.0259
331.84999999999997,6.0626,1.0598
307.27000000000004,6.2358,1.0937
282.69,6.409,1.1276
258.10499999999996,6.5823,1.1615
233.52,6.7555,1.1954
208.94000000000003,6.9287,1.2293
184.35999999999999,7.1019,1.2632
159.78,7.2751,1.2971
135.20000000000002,7.0571,1.2616
110.61999999999999,6.8022,1.2196
86.035,6.5472,1.1776
61.45,6.0708,1.0309
36.87,5.1722,0.68494
12.290000000000001,4.64,0.48
991.44,-0.17069,-0.17647
968.115,0.063785,-0.12325
944.785,0.29826,-0.07004
921.4599999999999,0.53269,-0.016837
898.135,0.76711,0.036366
874.8050000000001,1.0016,0.089581
851.475,1.2361,0.1428
828.1449999999999,1.4705,0.19601
804.8199999999999,1.705,0.24921
781.495,1.9394,0.30242
758.165,2.1739,0.35563
734.835,2.4083,0.40885
711.5050000000001,2.6428,0.46206
688.1800000000001,2.8773,0.51526
664.855,3.1117,0.56847
641.525,3.3462,0.62168
618.195,3.5806,0.6749
594.865,3.8151,0.72811
571.535,4.0496,0.78132
548.2099999999999,4.284,0.83453
524.885,4.5184,0.88773
501.55499999999995,4.7529,0.94095
478.225,4.9874,0.99416
454.895,5.2219,1.0474
431.57,5.4563,1.1006
408.24499999999995,5.6907,1.1538
384.915,5.9252,1.207
361.58500000000004,6.1597,1.2602
338.255,6.3941,1.3134
314.93,6.6286,1.3666
291.605,6.863,1.4198
268.27500000000003,7.1021,1.4831
244.945,7.3554,1.5773
221.615,7.6087,1.6715
198.285,7.862,1.7658
174.96,8.1152,1.8599
151.63500000000002,8.3684,1.9541
128.305,8.6217,2.0484
104.975,8.875,2.1426
81.645,9.1283,2.2368
58.32,9.3815,2.331
34.995,9.6347,2.4252
11.665,9.888,2.5194
890.325,16.629,8.1422
869.855,16.434,7.9611
849.3850000000001,16.24,7.7801
828.92,16.045,7.5991
808.455,15.851,7.418
787.985,15.656,7.237
767.52,15.462,7.056
747.0550000000001,15.268,6.875
726.585,15.073,6.6939
706.115,14.879,6.5128
685.6500000000001,14.684,6.3318
665.1850000000001,14.49,6.1508
644.715,14.295,5.9698
624.25,14.101,5.7888
603.785,13.906,5.6077
583.315,13.712,5.4267
562.845,13.517,5.2456
542.3800000000001,13.323,5.0646
521.915,13.128,4.8836
501.44500000000005,12.934,4.7025
480.97999999999996,12.739,4.5215
460.515,12.545,4.3405
440.045,12.351,4.1595
419.57500000000005,12.156,3.9784
399.10999999999996,11.962,3.7974
378.645,11.767,3.6164
358.175,11.573,3.4353
337.70500000000004,11.378,3.2543
317.23999999999995,11.184,3.0732
296.77500000000003,10.989,2.8922
276.305,10.795,2.7112
255.83999999999995,10.6,2.5302
235.375,10.406,2.3491
214.905,10.211,2.1681
194.435,10.026,1.9909
173.97000000000003,10.388,2.049
153.505,10.75,2.107
133.03500000000003,11.112,2.1651
112.57000000000001,11.474,2.2231
92.10499999999999,11.836,2.2812
71.635,12.198,2.3392
51.165,12.56,2.3973
30.7,12.922,2.4553
10.235,13.284,2.5134
989.19,4.3469,3.37
958.7600000000001,4.5951,3.3086
928.32,4.8433,3.2472
897.885,5.0915,3.1858
867.45,5.3396,3.1244
837.01,5.5879,3.063
806.575,5.836,3.0016
776.1400000000001,6.0842,2.9402
745.7,6.3324,2.8788
715.265,6.5806,2.8175
684.83,6.8288,2.7561
654.39,7.077,2.6947
623.955,7.3251,2.6333
593.5200000000001,7.5733,2.5719
563.08,7.8215,2.5105
532.645,8.0697,2.4491
502.2099999999999,8.3179,2.3877
471.77000000000004,8.5948,2.396
441.33500000000004,8.8952,2.4615
410.9,9.1957,2.5271
380.46000000000004,9.4962,2.5927
350.02500000000003,9.7967,2.6583
319.59,10.097,2.7239
289.15000000000003,10.398,2.7895
258.71,10.698,2.8551
228.275,10.884,2.879
197.84,10.477,2.6883
167.4,10.071,2.4974
136.965,9.6641,2.3066
106.53,9.2574,2.1159
76.09,8.8507,1.925
45.655,8.84,1.92
15.219999999999999,8.84,1.92
991.02,3.705,1.1225
963.8599999999999,3.8751,1.144
936.705,4.0451,1.1655
909.555,4.2152,1.187
882.405,4.3852,1.2085
855.255,4.5552,1.23
828.105,4.7252,1.2515
800.9549999999999,4.8952,1.273
773.805,5.0652,1.2945
746.655,5.2353,1.3159
719.505,5.4053,1.3375
692.35,5.5753,1.359
665.1949999999999,5.7454,1.3804
638.045,5.9154,1.402
610.895,6.0854,1.4234
583.745,6.2554,1.4449
556.5949999999999,6.4254,1.4664
529.4449999999999,6.5955,1.4879
502.2950000000001,6.7655,1.5094
475.145,6.9355,1.5309
447.995,7.1055,1.5524
420.84,7.2756,1.5739
393.685,7.4456,1.5954
366.535,7.6156,1.6169
339.385,7.693,1.6264
312.23499999999996,7.755,1.6339
285.085,7.8169,1.6414
257.93499999999995,7.8788,1.6488
230.785,7.9407,1.6563
203.63500000000002,8.0026,1.6638
176.485,8.0645,1.6712
149.33,8.1264,1.6787
122.17500000000001,8.1884,1.6862
95.02499999999999,8.2503,1.6936
67.87499999999999,8.3122,1.7011
40.724999999999994,8.3741,1.7086
13.575000000000001,8.436,1.7161
476.83,4.4523,0.84509
453.57000000000005,4.4843,0.82967
430.30999999999995,4.5162,0.81426
407.05,4.5481,0.79884
383.78999999999996,4.58,0.78343
360.53000000000003,4.612,0.76801
337.27,4.6439,0.75259
314.01,4.6758,0.73718
290.74999999999994,4.7078,0.72176
267.49,4.7397,0.70635
244.23,4.7716,0.69093
220.97,4.8036,0.67552
197.71,4.8355,0.6601
174.45,4.8674,0.64468
151.19,4.8994,0.62927
127.92999999999999,4.9313,0.61385
104.67,4.9123,0.59064
81.41,4.442,0.49825
58.14999999999999,3.9717,0.40587
34.89,3.5014,0.31349
11.629999999999999,3.28,0.27
693.865,3.7403,1.3642
672.515,3.8354,1.3433
651.165,3.9304,1.3224
629.815,4.0255,1.3015
608.465,4.1207,1.2806
587.115,4.2157,1.2597
565.765,4.3109,1.2388
544.415,4.4059,1.2179
523.065,4.5011,1.197
501.71500000000003,4.5961,1.1762
480.365,4.6913,1.1553
459.015,4.7863,1.1344
437.66499999999996,4.8815,1.1135
416.315,4.9765,1.0926
394.96500000000003,5.0717,1.0717
373.615,5.1668,1.0508
352.265,5.2619,1.0299
330.915,5.357,1.0091
309.565,5.4521,0.98816
288.22,5.5471,0.96728
266.875,5.6422,0.94639
245.525,5.7373,0.9255
224.175,5.8324,0.90461
202.825,5.9275,0.88373
181.475,5.95,0.85617
160.12500000000003,5.8335,0.81584
138.77499999999998,5.7171,0.77552
117.425,5.6006,0.73519
96.07499999999999,5.484,0.69486
74.725,5.3675,0.65454
53.375,5.2511,0.61421
32.025,5.21,0.6
10.675,5.21,0.6
48.305,2.089,0.14158
46.41,2.1123,0.14352
44.515,2.1356,0.14547
42.62,2.1589,0.14741
40.724999999999994,2.1822,0.14935
38.830000000000005,2.175,0.147
36.934999999999995,2.1525,0.14251
35.045,2.1301,0.13802
33.15,2.1076,0.13353
31.255,2.0943,0.13
29.36,2.1143,0.13
27.465,2.1343,0.13
25.57,2.1543,0.13
23.675,2.1659,0.12882
21.785,2.1466,0.12331
19.889999999999997,2.1273,0.11779
17.994999999999997,2.1079,0.11227
16.1,2.0517,0.1042
14.204999999999998,1.9697,0.094365
12.315,1.888,0.084554
10.419999999999998,1.8033,0.073326
8.525,1.7163,0.0609
6.630000000000001,1.6296,0.049478
4.734999999999999,1.5445,0.045224
2.84,1.4594,0.04097
0.945,1.44,0.04
249.725,2.1977,0.27
247.055,2.2164,0.27
244.385,2.2351,0.27
241.715,2.2538,0.27
239.04500000000002,2.2725,0.27
236.375,2.2912,0.27
233.70499999999998,2.3099,0.27
231.035,2.3287,0.27
228.36499999999998,2.3474,0.27
225.69,2.3661,0.27
223.015,2.3849,0.27
220.34500000000003,2.4036,0.27
217.675,2.4223,0.27
215.005,2.441,0.27
212.335,2.4597,0.27
209.665,2.4784,0.27
206.99499999999998,2.4971,0.27
204.32500000000002,2.5158,0.27
201.655,2.5346,0.27
198.98499999999999,2.5533,0.27
196.30999999999997,2.572,0.27
193.635,2.5908,0.27
190.965,2.6095,0.27
188.295,2.6282,0.27
185.62499999999997,2.6469,0.27
182.955,2.6653,0.27066
180.285,2.6829,0.27287
177.615,2.7006,0.27508
174.945,2.7183,0.27728
172.275,2.7359,0.27949
169.60500000000002,2.7536,0.2817
166.93,2.7713,0.28391
164.255,2.7889,0.28612
161.585,2.8066,0.28832
158.915,2.8243,0.29053
156.245,2.8419,0.29274
153.575,2.8596,0.29495
150.905,2.8772,0.29715
148.235,2.8949,0.29936
145.565,2.9071,0.29835
142.89499999999998,2.9172,0.29603
140.225,2.9273,0.29371
137.555,2.9373,0.29139
134.88,2.9474,0.28906
132.20499999999998,2.9575,0.28674
129.53500000000003,2.9675,0.28442
126.86500000000001,2.9776,0.28209
124.195,2.9876,0.27977
121.52499999999999,2.9977,0.27745
118.855,3.0078,0.27513
116.185,3.0178,0.27281
113.515,3.0279,0.27049
110.845,3.0384,0.2694
108.175,3.0491,0.26863
105.50000000000001,3.0598,0.26787
102.825,3.0705,0.26711
100.155,3.0812,0.26634
97.485,3.0919,0.26558
94.815,3.1026,0.26482
92.14500000000001,3.1133,0.26405
89.475,3.1239,0.26329
86.80499999999999,3.1346,0.26253
84.135,3.1453,0.26176
81.465,3.156,0.261
78.795,3.1667,0.26024
76.11999999999999,3.1903,0.26115
73.445,3.2199,0.26282
70.775,3.2493,0.26449
68.105,3.2788,0.26616
65.43499999999999,3.3083,0.26783
62.765,3.3377,0.2695
60.095,3.3672,0.27116
57.425000000000004,3.3967,0.27283
54.754999999999995,3.4262,0.2745
52.08500000000001,3.4556,0.27617
49.415,3.4851,0.27784
46.745,3.5146,0.27951
44.07,3.5441,0.28118
41.395,3.5736,0.28285
38.724999999999994,3.6031,0.28452
36.05500000000001,3.6326,0.28618
33.385,3.6621,0.28785
30.715,3.6915,0.28952
28.045,3.721,0.29119
25.375,3.7505,0.29286
22.705,3.7799,0.29453
20.035,3.8094,0.29619
17.365,3.8389,0.29786
14.69,3.8684,0.29953
12.015,3.8979,0.30121
9.344999999999999,3.9274,0.30287
6.675000000000001,3.9569,0.30454
4.005,3.9864,0.30621
1.335,4.0158,0.30788
388.775,1.6195,0.12162
385.72499999999997,1.6524,0.12309
381.37,1.6994,0.1252
377.01,1.7464,0.1273
372.65000000000003,1.7934,0.12941
368.29,1.8405,0.13151
363.92999999999995,1.8875,0.13362
359.57,1.9345,0.13572
355.215,1.9815,0.13783
350.86,2.0284,0.13993
346.50000000000006,2.0755,0.14204
342.14,2.1225,0.14414
337.78,2.1695,0.14625
333.42,2.2165,0.14835
329.065,2.2635,0.15045
324.71,2.3104,0.15256
320.35,2.3575,0.15466
315.99,2.4045,0.15677
311.62999999999994,2.4515,0.15887
307.27,2.4985,0.16098
302.91,2.5456,0.16309
298.555,2.5925,0.16519
294.20000000000005,2.6395,0.16729
289.84,2.6865,0.1694
285.48,2.7256,0.17071
281.12000000000006,2.7614,0.1717
276.76,2.7972,0.1727
272.40500000000003,2.833,0.17369
268.05,2.8688,0.17469
263.69,2.9046,0.17568
259.33,2.9405,0.17668
254.97000000000003,2.9763,0.17767
250.61,3.0121,0.17867
246.25000000000003,3.048,0.17967
241.895,3.0624,0.17921
237.54,3.066,0.17801
233.18,3.0696,0.17681
228.82000000000002,3.0732,0.17561
224.45999999999998,3.0768,0.17441
220.10000000000002,3.0804,0.17321
215.74500000000003,3.084,0.17202
211.39000000000001,3.0875,0.17082
207.03,3.1033,0.17
202.67000000000002,3.1455,0.17
198.30999999999997,3.1876,0.17
193.95000000000002,3.2298,0.17
189.58999999999997,3.2719,0.17
185.23499999999999,3.314,0.17
180.88,3.3561,0.17
176.52,3.3989,0.17
172.15999999999997,3.4426,0.17
167.8,3.4863,0.17
163.43999999999997,3.53,0.17
159.08499999999998,3.5736,0.17
154.73,3.6172,0.17
150.37,3.6407,0.17153
146.01,3.6558,0.17369
141.65,3.6709,0.17585
137.29000000000002,3.6861,0.17801
132.93,3.7004,0.1798
128.575,3.7054,0.17732
124.22,3.7103,0.17483
119.86,3.7153,0.17234
115.5,3.7189,0.17
111.14,3.6994,0.17
106.78,3.6799,0.17
102.42,3.6604,0.17
98.065,3.6735,0.17293
93.71000000000001,3.7239,0.17924
89.35,3.7745,0.18556
84.99,3.81,0.18805
80.63000000000001,3.81,0.18148
76.27000000000001,3.81,0.17491
71.915,3.7907,0.16825
67.55999999999999,3.7139,0.16126
63.199999999999996,3.637,0.15428
58.84,3.5753,0.14837
54.480000000000004,3.5374,0.14416
50.12,3.5002,0.14
45.760000000000005,3.5147,0.14
41.404999999999994,3.5292,0.14
37.05,3.5118,0.14
32.69,3.4925,0.14
28.330000000000002,3.4083,0.13183
23.97,3.3145,0.12245
19.610000000000003,3.2386,0.11533
15.255,3.1692,0.10902
10.9,3.0998,0.10271
6.540000000000001,3.07,0.1
2.18,3.07,0.1
591.65,8.0534,1.5709
561.31,8.3508,1.6084
530.9699999999999,8.6482,1.646
500.63,8.9456,1.6835
470.28999999999996,9.243,1.7209
439.95,9.5404,1.7584
409.605,9.8379,1.7959
379.26000000000005,9.7437,1.7602
348.92,9.6021,1.7156
318.58,9.4605,1.671
288.24,9.3189,1.6264
257.90000000000003,9.1773,1.5818
227.55999999999997,9.1329,1.5229
197.22,9.1232,1.4589
166.88,9.1135,1.3949
136.53500000000003,9.1038,1.3308
106.19000000000001,9.0941,1.2668
75.85,9.09,1.24
45.51,9.09,1.24
15.17,9.09,1.24
98.48,1.949,0.34406
94.10000000000001,2.0154,0.35985
89.725,2.0817,0.37563
85.35000000000001,2.0811,0.3716
80.97,2.0549,0.35997
76.595,2.0288,0.34835
72.22000000000001,2.0027,0.33673
67.84,1.9765,0.3251
63.464999999999996,1.9503,0.31348
59.09,1.9242,0.30187
54.709999999999994,1.9348,0.29507
50.335,1.9524,0.28921
45.96,1.9699,0.28335
41.580000000000005,1.9875,0.27748
37.199999999999996,2.0051,0.27162
32.825,2.0227,0.26576
28.45,2.0403,0.2599
24.07,2.0579,0.25403
19.695,2.0755,0.24817
15.32,2.0931,0.24231
10.94,2.1107,0.23644
6.565,2.1283,0.23058
352.28499999999997,4.5897,1.2554
336.63,4.7033,1.2408
320.96999999999997,4.817,1.2261
305.30999999999995,4.9306,1.2114
289.655,5.0442,1.1967
274.0,5.1579,1.182
258.34000000000003,5.2715,1.1673
242.685,5.3851,1.1526
227.03,5.4987,1.138
211.37,5.6124,1.1233
195.715,5.726,1.1086
180.06,5.8396,1.0939
164.39999999999998,5.7814,1.0579
148.73999999999998,5.6604,1.0142
133.085,5.5395,0.9704
117.43,5.4186,0.92664
101.77,5.2976,0.88287
86.115,5.1767,0.83911
70.46,5.0558,0.79535
54.800000000000004,4.9349,0.75157
39.13999999999999,4.82,0.71
23.485,4.82,0.71
7.83,4.82,0.71
773.4449999999999,5.2852,1.8779
741.8750000000001,5.6773,1.9106
710.305,6.0693,1.9433
678.7350000000001,6.4613,1.976
647.165,6.8534,2.0086
615.595,7.2454,2.0413
584.025,7.6375,2.074
552.4599999999999,8.0295,2.1066
520.895,8.4214,2.1393
489.325,8.8135,2.172
457.755,8.9993,2.1432
426.185,9.1178,2.0943
394.615,9.2363,2.0454
363.045,9.3547,1.9966
331.475,9.4732,1.9477
299.905,9.5917,1.8988
268.335,9.7096,1.8499
236.76500000000001,9.3891,1.7853
205.19500000000002,9.0686,1.7206
173.63,8.7482,1.656
142.065,8.9621,1.8706
110.495,9.8457,2.4351
78.925,10.729,2.9997
47.355000000000004,11.613,3.5643
15.785,12.496,4.1289
390.20500000000004,5.4295,0.42929
373.6,5.4914,0.43911
357.0,5.5532,0.44892
340.395,5.615,0.45873
323.79,5.6769,0.46855
307.185,5.7387,0.47836
290.5799999999999,5.8005,0.48818
273.97499999999997,5.8624,0.49799
257.37,5.9242,0.50781
240.76500000000001,5.986,0.51762
224.16,6.0479,0.52744
207.55499999999998,6.1097,0.53725
190.95000000000002,6.1715,0.54707
174.35,6.0199,0.52815
157.745,5.7773,0.497
141.14,5.5347,0.46584
124.53500000000001,5.2921,0.43468
107.92999999999999,5.0485,0.40504
91.32499999999999,4.801,0.38118
74.72000000000001,4.5536,0.35733
58.115,4.3061,0.33348
41.510000000000005,4.011,0.28623
24.905000000000005,3.7078,0.23498
8.3,3.56,0.21
297.66,6.8127,1.9187
282.395,6.6097,1.7914
267.13,6.4066,1.664
251.865,6.2035,1.5367
236.6,6.0004,1.4094
221.335,5.7973,1.2821
206.07,5.5943,1.1547
190.805,5.3912,1.0274
175.54,5.1881,0.90009
160.28,4.9851,0.77281
145.01500000000001,4.782,0.64549
129.75,4.579,0.51816
114.485,4.3884,0.47387
99.22,4.2,0.44339
83.955,4.0116,0.41291
68.69,3.8504,0.38607
53.425,3.7714,0.37028
38.16,3.585,0.35049
22.895,3.1983,0.32326
7.63,3.01,0.31
490.885,4.4577,0.76228
477.055,4.521,0.76986
463.23,4.5843,0.77744
449.405,4.6477,0.78502
435.575,4.711,0.7926
421.745,4.7744,0.80019
407.915,4.8378,0.80777
394.09000000000003,4.9011,0.81535
380.26500000000004,4.9501,0.81362
366.435,4.9762,0.79707
352.605,5.0023,0.78052
338.78,5.0285,0.76397
324.955,5.0546,0.74743
311.125,5.0807,0.73088
297.29499999999996,5.1068,0.71433
283.46500000000003,5.133,0.69778
269.64,5.1591,0.68124
255.81500000000003,5.1852,0.66469
241.985,5.2114,0.64814
228.155,5.2375,0.63159
214.32999999999998,5.3616,0.6494
200.505,5.4961,0.67086
186.675,5.6306,0.69233
172.845,5.7652,0.71381
159.01999999999998,5.8997,0.73527
145.195,6.0342,0.75674
131.365,6.1688,0.77821
117.535,6.1985,0.7646
103.705,6.2186,0.7478
89.88,6.2388,0.73101
76.05499999999999,6.2589,0.71422
62.224999999999994,6.2791,0.69742
48.395,6.2993,0.68062
34.57,6.3194,0.66383
20.745,6.3396,0.64703
6.915,6.3597,0.63024
587.515,4.9433,1.3879
569.9799999999999,5.0137,1.3826
552.44,5.084,1.3773
534.9,5.1544,1.372
517.3650000000001,5.2248,1.3667
499.83,5.2951,1.3614
482.29,5.3655,1.3561
464.75,5.4359,1.3508
447.21,5.5062,1.3456
429.675,5.5766,1.3403
412.14,5.6673,1.3651
394.6,5.759,1.3915
377.06,5.8508,1.4179
359.525,5.9425,1.4442
341.99,6.0343,1.4706
324.45,6.126,1.497
306.91,6.2178,1.5234
289.37,6.3095,1.5497
271.83500000000004,6.3619,1.5438
254.30000000000004,6.2839,1.4308
236.76,6.2059,1.3177
219.22,6.1278,1.2046
201.685,6.0499,1.0916
184.15,5.9718,0.97858
166.61,5.8938,0.86552
149.07000000000002,5.8807,0.87081
131.53,5.871,0.88218
113.995,5.8613,0.89355
96.46000000000001,5.8515,0.90491
78.92,5.8418,0.91628
61.38,5.832,0.92765
43.84499999999999,5.83,0.93
26.31,5.83,0.93
8.77,5.83,0.93
784.955,2.7296,1.2727
762.845,2.7672,1.1818
740.7349999999999,2.8048,1.0909
718.6250000000001,2.9329,1.0411
696.515,3.2443,1.0745
674.4,3.5557,1.1079
652.285,3.8671,1.1414
630.175,4.1785,1.1748
608.065,4.4898,1.2082
585.955,4.8012,1.2417
563.8449999999999,5.1125,1.2751
541.73,5.4239,1.3085
519.6149999999999,5.7354,1.342
497.505,5.8186,1.3191
475.39500000000004,5.8299,1.2784
453.28499999999997,5.8412,1.2376
431.17499999999995,5.8525,1.1969
409.065,5.8638,1.1562
386.95,5.8751,1.1155
364.83500000000004,5.8864,1.0748
342.725,5.8978,1.0341
320.615,5.9091,0.9934
298.505,5.8993,0.958
276.395,5.8877,0.92308
254.285,5.8761,0.88816
232.17,5.8644,0.85323
210.05499999999998,5.8528,0.8183
187.945,5.8411,0.78338
165.835,5.8295,0.74846
143.725,5.8178,0.71354
121.615,5.8062,0.67862
99.50500000000001,5.8,0.66
77.39,5.8,0.66
55.275000000000006,5.8,0.66
33.165,5.8,0.66
11.055,5.8,0.66
485.5199999999999,3.8459,0.46526
466.48,3.9024,0.45609
447.43999999999994,3.9943,0.45396
428.4,4.156,0.46577
409.35999999999996,4.3177,0.47757
390.32,4.4794,0.48937
371.28000000000003,4.6411,0.50118
352.24,4.8028,0.51298
333.20000000000005,4.9645,0.52478
314.15999999999997,5.1262,0.53659
295.12000000000006,5.288,0.54839
276.08,5.3196,0.54615
257.03999999999996,5.3308,0.5417
238.0,5.3419,0.53724
218.95999999999998,5.353,0.53279
199.92,5.3047,0.51815
180.88000000000002,5.1571,0.48652
161.84,5.0095,0.45488
142.8,4.8503,0.42205
123.76,4.6808,0.38816
104.72000000000001,4.6934,0.38
85.68,4.6428,0.37298
66.64,4.9496,0.40881
47.6,4.569,0.34271
28.560000000000002,4.0977,0.30872
9.520000000000001,3.6616,0.22083
533.875,7.3617,1.3232
511.1600000000001,7.2713,1.2874
488.44,7.1809,1.2516
465.72,7.0904,1.2158
443.0,7.0,1.18
420.285,6.9096,1.1442
397.57,6.8192,1.1084
374.85,6.7288,1.0727
352.13,6.6384,1.0369
329.40999999999997,6.548,1.0011
306.69,6.4575,0.96527
283.97499999999997,6.3671,0.92949
261.26,6.2767,0.89371
238.54,6.1863,0.85791
215.82000000000002,6.0959,0.82212
193.1,6.0055,0.78633
170.38500000000002,5.9151,0.75054
147.67,5.8247,0.71476
124.94999999999999,5.7342,0.67897
102.23,5.6438,0.64318
79.50999999999999,5.5187,0.60102
56.795,4.9543,0.47815
34.08,4.3899,0.35528
11.36,4.09,0.29
312.35,2.0175,0.60138
304.825,2.0019,0.57903
297.29499999999996,1.9864,0.55666
289.77,1.9708,0.5343
282.24499999999995,1.9553,0.51194
274.71500000000003,1.9397,0.48957
267.19000000000005,1.9242,0.46722
259.665,1.9086,0.44486
252.135,1.893,0.42249
244.60999999999999,1.8775,0.40014
237.08499999999998,1.8619,0.37778
229.55999999999997,1.8464,0.35542
222.03499999999997,1.8308,0.33307
214.505,1.8153,0.3107
206.98,1.7997,0.28834
199.45499999999998,1.7842,0.26599
191.925,1.8033,0.25774
184.4,1.8352,0.25466
176.875,1.867,0.25158
169.34500000000003,1.8988,0.2485
161.82000000000002,1.9306,0.24542
154.29500000000002,1.9625,0.24234
146.765,1.9943,0.23926
139.23999999999998,2.0261,0.23618
131.715,2.058,0.2331
124.185,2.0898,0.23002
116.66,2.1347,0.22891
109.135,2.1796,0.22782
101.605,2.2245,0.22672
94.08,2.2694,0.22563
86.55499999999999,2.3143,0.22453
79.03,2.3592,0.22344
71.505,2.4041,0.22234
63.975,2.449,0.22124
56.45,2.4939,0.22015
48.925,2.3314,0.19338
41.395,2.1362,0.16256
33.87,1.9411,0.13176
26.345,1.746,0.10096
18.814999999999998,1.5509,0.070135
11.29,1.36,0.04
3.765,1.36,0.04
59.55,1.3696,0.054084
58.73,1.3734,0.053319
57.910000000000004,1.3772,0.052554
57.09,1.3811,0.051788
56.27,1.3849,0.051023
55.445,1.3887,0.050253
54.620000000000005,1.3883,0.05
53.8,1.3858,0.05
52.98,1.3832,0.05
52.16,1.3807,0.05
51.339999999999996,1.3782,0.05
50.52,1.3756,0.05
49.695,1.3731,0.05
48.87,1.3705,0.05
48.050000000000004,1.368,0.05
47.230000000000004,1.3655,0.05
46.41,1.3629,0.05
45.589999999999996,1.3604,0.05
44.769999999999996,1.3559,0.05
43.945,1.3511,0.05
43.12,1.3462,0.05
42.3,1.3414,0.05
41.480000000000004,1.3366,0.05
40.660000000000004,1.3318,0.05
39.84,1.327,0.05
39.019999999999996,1.3222,0.05
38.195,1.3173,0.05
37.37,1.3125,0.05
36.55,1.3064,0.048964
35.73,1.2989,0.046837
34.91,1.2915,0.044709
34.09,1.284,0.042583
33.27,1.2766,0.040455
32.445,1.2691,0.038316
31.62,1.2616,0.036175
30.8,1.2542,0.034048
29.98,1.2467,0.031921
29.16,1.2392,0.03
28.34,1.2306,0.03
27.52,1.2221,0.03
26.695,1.2134,0.03
25.87,1.2048,0.03
25.05,1.1963,0.03
24.23,1.1877,0.03
23.41,1.1792,0.03
22.59,1.1706,0.03
21.769999999999996,1.1623,0.03
20.95,1.154,0.03
20.124999999999996,1.1456,0.03
19.299999999999997,1.1373,0.03
18.48,1.129,0.03
17.660000000000004,1.1207,0.03
16.84,1.1123,0.03
16.02,1.104,0.03
15.2,1.0978,0.03
14.374999999999998,1.0936,0.03
13.549999999999999,1.0893,0.03
12.73,1.0851,0.03
11.91,1.0809,0.03
11.09,1.0767,0.03
10.270000000000001,1.0724,0.03
9.45,1.0682,0.03
8.625,1.064,0.03
7.8,1.0597,0.03
6.98,1.0555,0.03
6.16,1.0513,0.03
5.34,1.05,0.03
4.52,1.05,0.03
3.7,1.05,0.03
2.875,1.05,0.03
2.05,1.05,0.03
1.23,1.05,0.03
0.41,1.05,0.03
24.060000000000002,0.79569,0.03
23.900000000000002,0.7967,0.03
23.740000000000002,0.7977,0.03
23.580000000000002,0.7987,0.03
23.425,0.79967,0.03
23.27,0.80064,0.03
23.11,0.80164,0.03
22.95,0.80265,0.03
22.795,0.80362,0.03
22.64,0.80459,0.03
22.48,0.80559,0.03
22.32,0.80659,0.03
22.164999999999996,0.80756,0.03
22.01,0.80853,0.03
21.85,0.80954,0.03
21.69,0.80945,0.03
21.53,0.80842,0.03
21.374999999999996,0.80743,0.03
21.22,0.80643,0.03
21.06,0.80541,0.03
20.900000000000002,0.80438,0.03
20.745,0.80338,0.03
20.59,0.80239,0.03
20.43,0.80136,0.03
20.27,0.80034,0.03
20.11,0.79844,0.03
19.955000000000002,0.79621,0.03
19.799999999999997,0.79397,0.03
19.64,0.79166,0.03
19.48,0.78935,0.03
19.325000000000003,0.78711,0.03
19.169999999999998,0.78487,0.03
19.009999999999998,0.78256,0.03
18.849999999999998,0.78025,0.03
18.689999999999998,0.78,0.028841
18.535000000000004,0.78,0.027582
18.38,0.78,0.026323
18.22,0.78,0.025024
18.06,0.78,0.023724
17.904999999999998,0.78,0.022465
17.750000000000004,0.78,0.021206
17.59,0.7799,0.02
17.43,0.77849,0.02
17.27,0.77708,0.02
17.115,0.77571,0.02
16.96,0.77435,0.02
16.8,0.77294,0.02
16.639999999999997,0.77153,0.02
16.485,0.77016,0.02
16.330000000000002,0.77,0.02
16.17,0.77,0.02
16.01,0.77,0.02
15.855,0.77,0.02
15.7,0.77,0.02
15.54,0.77,0.02
15.379999999999999,0.77,0.02
15.22,0.77,0.02
15.065,0.77,0.02
14.91,0.77,0.02
14.75,0.77,0.02
14.59,0.77,0.02
14.435,0.77,0.02
14.280000000000001,0.76879,0.02
14.120000000000001,0.76702,0.02
13.96,0.76525,0.02
13.799999999999999,0.76348,0.02
13.645000000000001,0.76177,0.02
13.49,0.76006,0.02
13.33,0.76179,0.02
13.17,0.76364,0.02
13.014999999999999,0.76543,0.02
12.86,0.76722,0.02
12.7,0.76907,0.02
12.54,0.76906,0.02
12.38,0.76717,0.02
12.225,0.76534,0.02
12.07,0.76351,0.02
11.91,0.76162,0.02
11.75,0.75971,0.02
11.595,0.75775,0.02
11.440000000000001,0.75578,0.02
11.28,0.75375,0.02
11.12,0.75172,0.02
10.96,0.75,0.02
10.805,0.75,0.02
10.65,0.75,0.02
10.489999999999998,0.75,0.02
10.33,0.75,0.02
10.175,0.74855,0.018554
10.02,0.74625,0.016252
9.860000000000001,0.74387,0.013875
9.700000000000001,0.7415,0.011499
9.545,0.74083,0.010827
9.389999999999999,0.7432,0.013197
9.23,0.74564,0.015643
9.07,0.74809,0.01809
8.91,0.74886,0.02
8.754999999999999,0.74382,0.02
8.6,0.73879,0.02
8.44,0.73359,0.02
8.28,0.73,0.02
8.125,0.73,0.02
7.97,0.73,0.02
7.81,0.73,0.02
7.65,0.7245,0.02
7.49,0.71589,0.02
7.334999999999999,0.70755,0.02
7.180000000000001,0.70084,0.02
7.0200000000000005,0.71008,0.02
6.859999999999999,0.71932,0.02
6.704999999999999,0.72827,0.02
6.550000000000001,0.71439,0.02
6.39,0.69443,0.02
6.2299999999999995,0.67447,0.02
6.07,0.67269,0.02
5.915,0.67605,0.02
5.76,0.67941,0.02
5.6,0.67656,0.02
5.44,0.6724,0.02
5.285,0.67,0.018187
5.13,0.67,0.01371
4.970000000000001,0.67,0.010964
4.81,0.67,0.015857
4.6499999999999995,0.67091,0.01909
4.495000000000001,0.67666,0.013335
4.34,0.68,0.01
4.18,0.68,0.01
4.0200000000000005,0.66841,0.013865
3.8649999999999998,0.64993,0.019932
3.71,0.64322,0.013218
3.5500000000000003,0.64371,0.013714
3.3899999999999997,0.6469,0.02
3.235,0.61467,0.02
3.08,0.60426,0.014259
2.92,0.59198,0.015344
2.7600000000000002,0.57119,0.029206
2.6,0.58206,0.017936
2.4450000000000003,0.58227,0.011933
2.2900000000000005,0.56078,0.017304
2.13,0.55305,0.02
1.97,0.55899,0.02
1.815,0.5467,0.02
1.66,0.53059,0.02
1.5,0.53,0.025349
1.34,0.53096,0.029042
1.1800000000000002,0.5369,0.023101
1.0250000000000001,0.54,0.02
0.87,0.54,0.02
0.71,0.56943,0.03
0.55,0.51952,0.02976
0.395,0.51004,0.02502
0.24000000000000005,0.50056,0.02028
47.07,1.5117,0.14367
46.615,1.5269,0.14063
46.16,1.5421,0.13759
45.705,1.5572,0.13455
45.25,1.5724,0.13151
44.795,1.554,0.12542
44.34,1.5024,0.1163
43.885,1.4507,0.10718
43.43,1.4131,0.098756
42.975,1.4278,0.092895
42.52,1.4424,0.087034
42.065000000000005,1.4571,0.081172
41.61,1.4746,0.084863
41.154999999999994,1.4928,0.090941
40.7,1.5111,0.09702
40.245000000000005,1.5045,0.096902
39.79,1.4741,0.090823
39.334999999999994,1.4437,0.084745
38.879999999999995,1.4194,0.080621
38.425000000000004,1.4165,0.08345
37.974999999999994,1.4138,0.086249
37.519999999999996,1.4109,0.089079
37.065,1.4162,0.087951
36.61000000000001,1.4253,0.084911
36.155,1.4344,0.081872
35.699999999999996,1.4236,0.078739
35.245,1.3809,0.075457
34.79,1.3383,0.072175
34.33500000000001,1.3169,0.07
33.88,1.3374,0.07
33.425,1.3579,0.07
32.97,1.3564,0.068645
32.515,1.3236,0.065363
32.059999999999995,1.2908,0.062081
31.604999999999993,1.2616,0.06
31.15,1.2386,0.06
30.695,1.2156,0.06
30.24,1.2022,0.058907
29.785,1.209,0.055488
29.330000000000002,1.2159,0.052069
28.874999999999996,1.2079,0.05
28.424999999999997,1.1774,0.05
27.970000000000002,1.1466,0.05
27.514999999999997,1.13,0.048493
27.060000000000002,1.13,0.045211
26.605,1.13,0.041928
26.15,1.1232,0.04
25.695,1.1068,0.04
25.24,1.0904,0.04
24.785,1.0725,0.04
24.33,1.052,0.04
23.875,1.0315,0.04
23.419999999999998,1.0187,0.038659
22.965,1.0156,0.03562
22.51,1.0126,0.03258
22.055,1.0086,0.03
21.6,0.99951,0.03
21.145,0.99039,0.03
20.69,0.98127,0.03
20.235,0.97477,0.03
19.779999999999998,0.96869,0.03
19.325000000000003,0.96261,0.03
18.875,0.95541,0.03
18.419999999999998,0.9472,0.03
17.965000000000003,0.939,0.03
17.509999999999998,0.93079,0.03
17.055,0.92725,0.03
16.6,0.92422,0.03
16.145,0.92118,0.03
15.69,0.91441,0.028137
15.235,0.90529,0.025097
14.780000000000001,0.89617,0.022058
14.325000000000001,0.89,0.020981
13.870000000000001,0.89,0.02402
13.415,0.89,0.02706
12.959999999999999,0.88961,0.03
12.504999999999999,0.87745,0.03
12.05,0.86529,0.03
11.595,0.85313,0.03
11.14,0.85,0.027744
10.685,0.85,0.024705
10.229999999999999,0.85,0.021666
9.774999999999999,0.84313,0.02
9.325,0.8281,0.02
8.87,0.81291,0.02
8.415,0.79918,0.020412
7.96,0.79371,0.023147
7.505,0.78823,0.025882
7.05,0.78276,0.028618
6.595,0.78,0.02884
6.14,0.78,0.026496
5.685,0.78,0.024151
5.23,0.78,0.021807
4.7749999999999995,0.77826,0.02
4.32,0.77066,0.02
3.8649999999999998,0.76306,0.02
3.4099999999999997,0.75546,0.02
2.955,0.74786,0.02
2.4999999999999996,0.74027,0.02
2.045,0.73267,0.02
1.59,0.73,0.02
1.1350000000000002,0.73,0.02
0.68,0.73,0.02
0.225,0.73,0.02
23.915,0.68,0.02
23.580000000000002,0.68,0.02
23.245,0.68,0.02
22.91,0.68,0.02
22.575,0.68,0.02
22.24,0.68,0.02
21.905,0.68,0.02
21.57,0.68,0.02
21.234999999999996,0.68,0.02
20.905,0.68,0.02
20.57,0.68,0.02
20.235000000000003,0.68,0.02
19.900000000000002,0.68,0.02
19.564999999999998,0.68,0.02
19.23,0.68,0.02
18.895000000000003,0.68,0.02
18.56,0.6759,0.02
18.224999999999998,0.67016,0.02
17.895,0.66452,0.02
17.56,0.65879,0.02
17.224999999999998,0.65306,0.02
16.889999999999997,0.65,0.019065
16.555,0.65,0.017061
16.22,0.65,0.015058
15.885,0.65,0.013054
15.55,0.65,0.01105
15.215,0.64789,0.011056
14.885,0.64351,0.013243
14.55,0.63907,0.015463
14.215,0.63463,0.017684
13.88,0.63019,0.019904
13.545,0.63224,0.017755
13.209999999999999,0.63459,0.015408
12.875000000000002,0.63694,0.013061
12.540000000000001,0.63929,0.010714
12.205,0.64,0.01
11.875,0.64,0.01
11.54,0.64,0.01
11.205,0.64,0.01
10.87,0.64,0.012867
10.534999999999998,0.64,0.016026
10.200000000000001,0.64,0.019186
9.865,0.64265,0.02
9.530000000000001,0.64622,0.02
9.195,0.64979,0.02
8.865,0.65,0.02
8.53,0.65,0.02
8.195,0.64695,0.02
7.86,0.63874,0.02
7.525,0.63052,0.02
7.19,0.62615,0.02
6.855,0.62205,0.02
6.52,0.61411,0.018038
6.185,0.60238,0.014126
5.8549999999999995,0.59082,0.010273
5.52,0.58668,0.013323
5.1850000000000005,0.58311,0.016894
4.8500000000000005,0.57957,0.02
4.515,0.57629,0.02
4.18,0.573,0.02
3.8449999999999998,0.57,0.02
3.5100000000000002,0.57,0.02
3.175,0.57,0.02
2.845,0.57054,0.02
2.5100000000000002,0.57411,0.02
2.175,0.57768,0.02
1.84,0.58288,0.01904
1.5050000000000001,0.5911,0.016302
1.17,0.59931,0.013563
0.8350000000000001,0.60752,0.010825
0.5,0.61574,0.0080869
0.165,0.62395,0.0053486
25.875000000000004,1.012,0.052008
25.590000000000003,1.011,0.050985
25.305,1.01,0.049962
25.015,1.0089,0.048921
24.725,1.0079,0.04788
24.435,1.0068,0.046839
24.145,1.0058,0.045797
23.855,1.0048,0.044756
23.564999999999998,1.0037,0.043715
23.275000000000002,1.0027,0.042674
22.985,1.0016,0.041633
22.695,1.0006,0.040592
22.41,0.99598,0.039527
22.125,0.98643,0.038404
21.835,0.97672,0.037262
21.545,0.96701,0.036119
21.255,0.9573,0.034977
20.965,0.94759,0.033834
20.674999999999997,0.93788,0.032692
20.385,0.92817,0.03155
20.095000000000002,0.91846,0.030408
19.805,0.90875,0.029265
19.514999999999997,0.89904,0.028123
19.224999999999998,0.88933,0.02698
18.939999999999998,0.87979,0.025858
18.654999999999998,0.87025,0.024735
18.365,0.86054,0.023593
18.075,0.85083,0.02245
17.785000000000004,0.84112,0.021308
17.495,0.83141,0.020166
17.205,0.82249,0.02
16.915,0.81371,0.02
16.625,0.80492,0.02
16.335,0.79614,0.02
16.045,0.78735,0.02
15.755,0.77857,0.02
15.47,0.76994,0.02
15.185,0.7613,0.02
14.894999999999998,0.75252,0.02
14.605,0.74374,0.02
14.315000000000001,0.73495,0.02
14.024999999999999,0.72617,0.02
13.735000000000001,0.71942,0.02
13.444999999999999,0.71746,0.02
13.155,0.7155,0.02
12.865000000000002,0.71354,0.02
12.575,0.71158,0.02
12.285,0.70962,0.02
12.0,0.7077,0.02
11.715,0.70578,0.02
11.425,0.70382,0.02
11.135,0.70186,0.02
10.845,0.69984,0.02
10.555,0.69663,0.02
10.265,0.69343,0.02
9.975000000000001,0.69022,0.02
9.684999999999999,0.68702,0.02
9.395000000000001,0.68382,0.02
9.104999999999999,0.68061,0.02
8.815,0.67741,0.02
8.53,0.67426,0.02
8.245,0.67111,0.02
7.955,0.66477,0.02
7.665,0.65677,0.02
7.375,0.64878,0.02
7.085,0.64078,0.02
6.795,0.63278,0.02
6.505000000000001,0.62479,0.02
6.215,0.61679,0.02
5.925,0.60879,0.02
5.635000000000001,0.6008,0.02
5.345,0.59889,0.018895
5.0600000000000005,0.59769,0.017688
4.7749999999999995,0.59648,0.016482
4.484999999999999,0.59525,0.015254
4.195,0.59403,0.014027
3.905,0.5928,0.012799
3.615,0.59157,0.011572
3.3249999999999997,0.59034,0.010344
3.0350000000000006,0.59191,0.010955
2.745,0.59456,0.012282
2.4549999999999996,0.59722,0.013608
2.165,0.59987,0.014935
1.875,0.60252,0.016261
1.5899999999999999,0.60513,0.017565
1.305,0.60774,0.018869
1.0150000000000001,0.61039,0.020196
0.725,0.61304,0.021522
0.435,0.6157,0.022849
0.145,0.61835,0.024175
100.42999999999999,8.14,0.24389
98.215,8.1764,0.24591
95.44500000000001,8.2219,0.24844
92.68,8.2673,0.25096
89.91499999999999,8.3127,0.25348
87.145,8.3582,0.25601
84.38000000000001,8.4036,0.25854
81.615,8.4054,0.25897
78.845,8.3465,0.25652
76.08000000000001,8.2877,0.25407
73.315,8.229,0.25162
70.545,8.2088,0.25156
67.78,8.2642,0.25618
65.015,8.3196,0.2608
62.245000000000005,8.3752,0.26543
59.48,8.4311,0.27002
56.715,8.532,0.27213
53.945,8.6332,0.27423
51.18000000000001,8.7341,0.27633
48.415,8.835,0.27844
45.645,8.8807,0.27853
42.88,8.7676,0.27288
40.114999999999995,8.6545,0.26722
37.35,8.5414,0.26157
34.58500000000001,8.4283,0.25591
31.814999999999998,8.3149,0.25025
29.05,7.9776,0.23257
26.285,7.6299,0.21435
23.515,7.2816,0.19609
20.749999999999996,6.934,0.17787
17.985,6.5863,0.15965
15.215,6.2381,0.14139
12.45,5.8904,0.12317
9.684999999999999,5.83,0.12
6.915,5.83,0.12
4.15,5.83,0.12
1.385,5.83,0.12
495.97999999999996,12.076,2.2294
487.04,12.211,2.2499
478.105,12.357,2.2762
469.16999999999996,12.503,2.3024
460.23,12.649,2.3287
451.295,12.795,2.355
442.35999999999996,12.941,2.3813
433.42,13.087,2.4076
424.485,13.233,2.4338
415.54999999999995,13.379,2.4601
406.61,13.519,2.4953
397.675,13.639,2.5583
388.73999999999995,13.758,2.6213
379.8,13.878,2.6844
370.865,13.998,2.7474
361.92999999999995,14.118,2.8105
352.99,14.238,2.8736
344.055,13.757,2.7087
335.11999999999995,13.207,2.5179
326.185,12.658,2.3272
317.25000000000006,12.108,2.1364
308.30999999999995,11.574,1.9502
299.375,11.227,1.8215
290.44000000000005,10.88,1.6928
281.5,10.533,1.564
272.565,10.181,1.436
263.63000000000005,9.8159,1.31
254.68999999999997,9.45,1.1838
245.755,9.1107,1.0679
236.82,9.0154,1.0459
227.88,8.9201,1.0239
218.945,8.9902,1.0391
210.01,9.3427,1.1179
201.07,9.6954,1.1967
192.135,9.5056,1.1156
183.2,9.2924,1.0275
174.26,8.859,0.92312
165.325,8.3715,0.81477
156.39000000000001,8.0452,0.77379
147.45,7.7667,0.75277
138.515,8.053,0.79379
129.58,8.2149,0.80778
120.64,7.8422,0.72893
111.705,7.4437,0.67808
102.77,7.2792,0.63837
93.83500000000001,7.1025,0.60237
84.9,6.84,0.58417
75.96,6.775,0.57496
67.025,6.9493,0.58509
58.09,6.5142,0.51217
49.15,6.0591,0.44519
40.215,5.4943,0.37357
31.28,4.8175,0.29203
22.34,4.4235,0.23123
13.405000000000001,3.6297,0.16581
4.47,3.44,0.15
247.275,2.2877,0.16796
244.69999999999996,2.2952,0.16885
241.84,2.3036,0.16984
238.975,2.312,0.17083
236.10999999999999,2.3204,0.17181
233.25,2.3288,0.1728
230.39,2.3372,0.17379
227.53,2.3456,0.17478
224.665,2.354,0.17577
221.8,2.3624,0.17676
218.94000000000003,2.3708,0.17775
216.07999999999998,2.3792,0.17873
213.22000000000003,2.3876,0.17972
210.35500000000002,2.396,0.18071
207.49,2.4045,0.1817
204.62999999999997,2.4129,0.18269
201.77,2.4213,0.18368
198.90999999999997,2.4297,0.18467
196.045,2.4381,0.18566
193.18,2.4465,0.18664
190.32,2.4549,0.18763
187.46,2.4633,0.18862
184.6,2.4717,0.18961
181.73499999999999,2.4801,0.1906
178.86999999999998,2.4885,0.19159
176.01,2.4969,0.19257
173.15000000000003,2.5053,0.19356
170.29,2.5137,0.19455
167.42499999999998,2.5221,0.19554
164.55999999999997,2.5305,0.19653
161.70000000000002,2.5389,0.19752
158.83999999999997,2.5473,0.19851
155.98000000000002,2.5557,0.19949
153.115,2.5551,0.1986
150.25,2.545,0.19573
147.39000000000001,2.535,0.19286
144.53,2.525,0.19
141.67000000000002,2.515,0.18713
138.805,2.5049,0.18427
135.94,2.4949,0.1814
133.07999999999998,2.4849,0.17853
130.22,2.4748,0.17567
127.35999999999997,2.4648,0.1728
124.49499999999999,2.4548,0.16993
121.63,2.4447,0.16706
118.77,2.4347,0.1642
115.91,2.4247,0.16133
113.05,2.4417,0.16144
110.185,2.4823,0.16415
107.32,2.5229,0.16686
104.46,2.5635,0.16956
101.6,2.604,0.17227
98.74,2.6445,0.17497
95.87499999999999,2.6852,0.17768
93.00999999999999,2.7258,0.18039
90.14999999999999,2.7663,0.18309
87.29,2.8069,0.18579
84.43,2.8474,0.1885
81.57000000000001,2.8597,0.1891
78.705,2.8363,0.18707
75.84,2.813,0.18505
72.98,2.7897,0.18302
70.12,2.7665,0.181
67.26,2.7432,0.17897
64.39500000000001,2.7199,0.17694
61.53,2.6965,0.17492
58.67,2.6732,0.17289
55.809999999999995,2.65,0.17087
52.949999999999996,2.6481,0.16952
50.08500000000001,2.6623,0.16869
47.22,2.6764,0.16786
44.36,2.6906,0.16702
41.5,2.7047,0.16619
38.64,2.7189,0.16536
35.775,2.7331,0.16453
32.910000000000004,2.7473,0.16369
30.05,2.7614,0.16286
27.189999999999998,2.7756,0.16203
24.330000000000002,2.7897,0.16119
21.464999999999996,2.8039,0.16036
18.599999999999998,2.8181,0.15953
15.74,2.8322,0.15869
12.879999999999999,2.8464,0.15786
10.020000000000001,2.8605,0.15703
7.155,2.8747,0.15619
4.29,2.8889,0.15536
1.4300000000000002,2.903,0.15453
58.81,1.6249,0.07
57.56999999999999,1.6279,0.07
56.334999999999994,1.6251,0.07
55.099999999999994,1.6222,0.07
53.86000000000001,1.6158,0.068811
52.62,1.5957,0.063047
51.379999999999995,1.5755,0.057282
50.144999999999996,1.5554,0.051541
48.91,1.55,0.05
47.67,1.55,0.05
46.43,1.55,0.05
45.18999999999999,1.5484,0.05
43.95,1.5423,0.05
42.715,1.5363,0.05
41.480000000000004,1.5302,0.05
40.239999999999995,1.5235,0.05
39.0,1.5168,0.05
37.760000000000005,1.5101,0.05
36.525,1.5243,0.04643
35.29,1.5388,0.042793
34.05,1.5472,0.04
32.81,1.5352,0.04
31.57,1.5231,0.04
30.335,1.4994,0.04
29.1,1.4714,0.04
27.86,1.4509,0.04
26.619999999999997,1.4549,0.04
25.38,1.459,0.04
24.14,1.46,0.04
22.905,1.46,0.04
21.67,1.4643,0.037869
20.43,1.4731,0.033428
19.189999999999998,1.4764,0.03
17.95,1.4603,0.03
16.715,1.4444,0.03
15.48,1.4207,0.03
14.239999999999998,1.3941,0.03
13.000000000000002,1.3606,0.027576
11.76,1.3195,0.022442
10.525,1.2819,0.02
9.29,1.2471,0.02
8.05,1.2123,0.02
6.8100000000000005,1.1774,0.02
5.57,1.1278,0.017071
4.33,1.0632,0.011203
3.095,1.0343,0.01
1.86,1.0144,0.01
0.62,1.01,0.01
536.63,-0.56158,-2.2271
524.295,0.0030289,-1.8312
511.96,0.56764,-1.4353
499.61999999999995,1.1325,-1.0392
487.28499999999997,1.6971,-0.64332
474.95,2.2617,-0.2474
462.615,2.8263,0.14851
450.28000000000003,3.3909,0.54443
437.94,3.9558,0.94051
425.605,4.5204,1.3364
413.27000000000004,5.085,1.7323
400.93,5.6498,2.1284
388.595,6.2145,2.5243
376.26,6.7791,2.9203
363.92,7.3439,3.3163
351.58500000000004,7.9085,3.7123
339.25,8.4731,4.1082
326.91499999999996,9.0377,4.5041
314.58,9.6023,4.9
302.24,10.138,5.2661
289.905,10.255,5.2065
277.57,10.372,5.1469
265.22999999999996,10.489,5.0873
252.89499999999998,10.607,5.0278
240.56,10.724,4.9682
228.21999999999997,10.418,4.5401
215.885,10.045,4.0533
203.55,9.6725,3.5665
191.215,9.2995,3.0796
178.88,8.9309,2.6902
166.54000000000002,8.5689,2.4564
154.205,8.207,2.2228
141.87,7.8452,1.9892
129.52999999999997,7.4004,1.7843
117.195,6.944,1.5837
104.86000000000001,6.8038,1.4586
92.52,7.2946,1.4845
80.185,7.5051,1.5548
67.85,7.2916,1.6925
55.51499999999999,5.9908,1.0124
43.17999999999999,5.576,1.009
30.84,5.0845,0.83291
18.505,4.5584,0.58122
6.17,4.42,0.52
301.675,7.8552,6.6239
285.36499999999995,8.6395,5.5892
269.05999999999995,9.4235,4.5548
252.755,9.515,4.1019
236.44500000000002,9.2292,3.9657
220.14000000000001,8.9435,3.8295
203.83499999999998,8.6578,3.6934
187.525,8.3719,3.5572
171.21999999999997,8.0862,3.4211
154.915,8.0015,3.147
138.60500000000002,8.0035,2.8133
122.30000000000001,8.0056,2.4797
105.995,8.0077,2.1461
89.685,8.0098,1.8124
73.38,7.9101,1.7361
57.075,7.7993,1.6875
40.76499999999999,7.6886,1.6389
24.46,7.6,1.6
8.155000000000001,7.6,1.6
190.185,6.0803,1.0759
182.42,6.0297,1.0459
174.65999999999997,5.9791,1.0159
166.9,5.9285,0.98589
159.135,5.8779,0.95586
151.37,5.8273,0.92583
143.61,5.7767,0.89582
135.85,5.7427,0.8767
128.085,5.7274,0.86972
120.32000000000001,5.712,0.86274
112.55999999999999,5.6967,0.85576
104.80000000000001,5.6813,0.84879
97.035,5.666,0.84181
89.26999999999998,5.6506,0.83483
81.51,5.5917,0.81128
73.745,5.4348,0.75049
65.98,5.2779,0.68969
58.22,5.1211,0.62893
50.46000000000001,4.9643,0.56817
42.695,4.7572,0.50664
34.93,4.3582,0.44229
27.169999999999998,3.9595,0.37798
19.41,3.5608,0.31367
11.645000000000001,3.29,0.27
3.8800000000000003,3.29,0.27
320.995,19.649,52.533
312.20000000000005,16.67,40.59
303.40500000000003,13.691,28.648
294.61,10.712,16.705
285.81500000000005,7.7651,4.8769
277.025,8.3319,5.6442
268.22999999999996,8.899,6.4118
259.43499999999995,9.4661,7.1795
250.64,10.033,7.9471
241.84499999999997,10.156,7.5358
233.04999999999998,10.06,6.5454
224.255,9.9636,5.555
215.45999999999998,9.8676,4.5645
206.665,9.6695,3.8004
197.87500000000003,9.3182,3.3764
189.08,8.9666,2.9522
180.285,8.6151,2.5279
171.48999999999998,8.4031,2.2258
162.69499999999996,8.5603,2.2472
153.89999999999998,8.7174,2.2685
145.105,8.8746,2.2898
136.31500000000003,8.7089,2.1754
127.52,8.245,1.9357
118.725,7.7812,1.696
109.93,7.4311,1.4918
101.135,7.337,1.3677
92.34,7.243,1.2436
83.545,7.2793,1.2271
74.75,7.3861,1.2689
65.955,7.2056,1.2136
57.16499999999999,6.7324,1.0595
48.37,6.0633,0.85275
39.574999999999996,5.3765,0.6371
30.78,5.5235,0.61114
21.985,4.9781,0.58925
13.19,4.7226,0.49635
4.395,4.6,0.48
479.435,5.3401,1.432
461.345,5.3319,1.3871
443.25499999999994,5.3238,1.3423
425.15999999999997,5.3156,1.2975
407.065,5.3074,1.2527
388.97499999999997,5.2992,1.2078
370.88500000000005,5.291,1.163
352.79499999999996,5.2828,1.1182
334.7,5.2746,1.0734
316.605,5.2664,1.0285
298.515,5.2582,0.98371
280.425,5.25,0.93889
262.335,5.2418,0.89407
244.24499999999998,5.2336,0.84925
226.14999999999998,5.2254,0.80442
208.05499999999998,5.2172,0.75959
189.965,5.1884,0.71414
171.875,5.003,0.66392
153.785,4.8175,0.61371
135.69,4.6321,0.56347
117.595,4.4466,0.51324
99.505,4.2612,0.46302
81.415,4.0758,0.41281
63.325,3.8903,0.36259
45.23,3.77,0.33
27.134999999999998,3.77,0.33
9.045,3.77,0.33
583.0699999999999,9.5941,3.5012
561.8700000000001,9.4939,3.373
540.665,9.3935,3.2448
519.46,9.2933,3.1166
498.26,9.193,2.9884
477.06,9.0927,2.8602
455.855,8.9924,2.7319
434.65,8.8921,2.6037
413.45,8.7918,2.4755
392.25,8.6915,2.3473
371.04499999999996,8.5913,2.2191
349.84,8.491,2.0908
328.64,8.3907,1.9626
307.44,8.2904,1.8344
286.235,8.2242,1.7502
265.03,8.1924,1.7105
243.82999999999998,8.1606,1.6707
222.63,8.1287,1.6309
201.42499999999998,8.0969,1.5911
180.22,7.9508,1.5917
159.01999999999998,7.6749,1.6381
137.82,7.3991,1.6845
116.615,7.1231,1.731
95.41,6.7879,1.5826
74.21,6.4116,1.2989
53.010000000000005,6.0352,1.0152
31.805,5.71,0.77
10.6,5.71,0.77
772.2249999999999,4.7747,1.8594
754.0550000000001,4.7899,1.8063
735.885,4.8052,1.7532
717.715,4.8205,1.7
699.545,4.8357,1.6469
681.3750000000001,4.851,1.5938
663.205,4.8662,1.5407
645.0350000000001,4.8815,1.4876
626.865,4.8968,1.4345
608.6949999999999,4.912,1.3814
590.525,4.9273,1.3282
572.3549999999999,4.9425,1.2751
554.1850000000001,4.9578,1.222
536.015,4.9731,1.1689
517.845,4.9883,1.1158
499.67499999999995,5.0801,1.1323
481.505,5.1813,1.1572
463.335,5.2824,1.1822
445.165,5.3836,1.2072
426.995,5.4848,1.2322
408.825,5.5859,1.2571
390.655,5.6871,1.2821
372.485,5.7882,1.3071
354.315,5.784,1.2798
336.14500000000004,5.7659,1.2456
317.975,5.7478,1.2115
299.805,5.7297,1.1773
281.635,5.7116,1.1431
263.46500000000003,5.7002,1.1032
245.295,5.6894,1.0626
227.12500000000003,5.6786,1.0221
208.955,5.7002,1.0086
190.78499999999997,5.8453,1.0976
172.615,5.9903,1.1866
154.445,6.0648,1.2405
136.27499999999998,5.8064,1.1291
118.105,5.548,1.0177
99.935,5.8879,1.0611
81.765,6.2725,1.1161
63.595,6.0364,1.0644
45.425,5.5895,0.97645
27.255,5.15,0.89
9.084999999999999,5.15,0.89
327.91,7.3278,4.5011
311.095,7.0683,4.123
294.28,6.8088,3.7448
277.46500000000003,6.5492,3.3666
260.65000000000003,6.2897,2.9884
243.82999999999998,6.0301,2.6101
227.015,5.7706,2.2319
210.2,5.5111,1.8537
193.385,5.2516,1.4755
176.57,4.9921,1.0973
159.75,4.7356,0.72845
142.935,4.5829,0.67487
126.12,4.4302,0.62129
109.30499999999999,4.2775,0.56771
92.49000000000001,4.1248,0.51413
75.67,3.972,0.46054
58.855000000000004,3.8193,0.40696
42.04,3.6666,0.35338
25.225,3.6,0.33
8.41,3.6,0.33
568.33,7.3773,2.3101
549.0649999999999,7.1278,1.8776
529.8000000000001,6.9456,1.5192
510.53499999999997,7.2261,1.6709
491.265,7.5066,1.8226
472.0,7.7871,1.9742
452.735,8.0676,2.1259
433.47,8.348,2.2775
414.205,8.6285,2.4292
394.93999999999994,8.909,2.5808
375.67499999999995,9.1895,2.7325
356.41,9.4699,2.8841
337.14500000000004,9.7504,3.0358
317.88000000000005,10.031,3.1875
298.615,10.311,3.3391
279.34999999999997,9.9693,3.124
260.08500000000004,9.5278,2.8503
240.815,9.0861,2.5765
221.54999999999998,8.6446,2.3028
202.285,8.2031,2.0291
183.01999999999998,7.7616,1.7553
163.755,7.3201,1.4816
144.49,7.1062,1.3711
125.22500000000001,7.0492,1.3729
105.96,6.9922,1.3748
86.695,6.9352,1.3766
67.43,6.8782,1.3784
48.165,6.83,1.38
28.900000000000002,6.83,1.38
9.635,6.83,1.38
805.385,13.979,8.4778
772.5150000000001,13.773,8.1199
739.64,13.566,7.762
706.765,13.36,7.4041
673.895,13.154,7.0462
641.02,12.947,6.6883
608.145,12.741,6.3304
575.275,12.534,5.9725
542.405,12.328,5.6146
509.53000000000003,12.121,5.2567
476.655,11.915,4.8988
443.78499999999997,11.708,4.5409
410.91,11.502,4.183
378.035,11.295,3.8251
345.165,11.089,3.4672
312.295,10.882,3.1093
279.42,10.676,2.7514
246.54500000000002,10.793,2.6893
213.675,11.099,2.7988
180.8,11.404,2.9083
147.925,11.71,3.0177
115.05499999999999,12.015,3.1272
82.185,12.321,3.2367
49.31000000000001,12.626,3.3462
16.435000000000002,12.932,3.4557
312.54,3.819,1.6752
301.945,3.7956,1.5871
291.35,3.7723,1.4991
280.755,3.7489,1.411
270.15999999999997,3.7256,1.323
259.565,3.7023,1.2349
248.975,3.6789,1.1469
238.38,3.6556,1.0589
227.78500000000003,3.6561,0.99232
217.19,3.7048,0.96916
206.595,3.7534,0.94599
196.0,3.802,0.92283
185.40499999999997,3.8507,0.89967
174.81,3.8993,0.87651
164.215,3.948,0.85335
153.62,3.9966,0.83019
143.025,4.0452,0.80703
132.435,4.0648,0.78479
121.84,4.0717,0.76294
111.245,4.0786,0.74109
100.65,4.0855,0.71924
90.05499999999999,4.0924,0.69739
79.46000000000001,4.0993,0.67554
68.86500000000001,4.1062,0.65369
58.27,4.1131,0.63184
47.675000000000004,4.12,0.60999
37.08,4.1269,0.58815
26.485000000000003,4.1338,0.5663
15.89,4.1407,0.54445
5.295,4.1476,0.5226
389.185,3.5501,1.0477
375.99,3.6206,0.85858
362.79499999999996,3.6316,0.83479
349.605,3.6425,0.81101
336.40999999999997,3.6534,0.78722
323.21500000000003,3.6644,0.76343
310.025,3.6753,0.73965
296.835,3.6862,0.71587
283.64,3.6972,0.69208
270.445,3.7081,0.66829
257.255,3.719,0.64451
244.06499999999997,3.7299,0.62073
230.87,3.7409,0.59694
217.675,3.7518,0.57315
204.485,3.7627,0.54937
191.295,3.7736,0.52559
178.1,3.7846,0.5018
164.90500000000003,3.7483,0.47716
151.71499999999997,3.6655,0.45168
138.525,3.5827,0.4262
125.33,3.4998,0.40072
112.135,3.417,0.37523
98.94500000000001,3.3342,0.34976
85.755,3.2514,0.32428
72.56,3.1686,0.29879
59.365,3.0857,0.27331
46.175,3.01,0.25
32.985,3.01,0.25
19.790000000000003,3.01,0.25
6.595,3.01,0.25
87.56,3.5726,0.93267
82.825,3.3957,0.83475
78.095,3.219,0.73693
73.36000000000001,3.0421,0.63901
68.62499999999999,2.8652,0.54109
63.89500000000001,2.6885,0.44328
59.165,2.5188,0.34895
54.43000000000001,2.4936,0.3262
49.695,2.4683,0.30346
44.964999999999996,2.443,0.28074
40.230000000000004,2.4178,0.258
35.495,2.3925,0.23526
30.765,2.3673,0.21254
26.03,2.342,0.18979
21.295,2.32,0.17
16.565,2.32,0.17
11.835,2.32,0.17
7.1,2.32,0.17
197.03500000000003,2.0986,0.74374
191.32,2.1397,0.72478
185.605,2.1807,0.70582
179.895,2.2218,0.68687
174.185,2.2628,0.66793
168.475,2.2665,0.64225
162.765,2.2432,0.61174
157.055,2.22,0.58123
151.345,2.1967,0.55071
145.63500000000002,2.1735,0.5202
139.92499999999998,2.1502,0.48969
134.21,2.127,0.45915
128.495,2.0952,0.43406
122.78500000000001,2.0598,0.41133
117.075,2.0245,0.38859
111.365,1.9891,0.36586
105.655,1.9537,0.34312
99.94500000000001,1.9184,0.32039
94.235,1.883,0.29766
88.52499999999999,1.8477,0.27492
82.80999999999999,1.8183,0.25551
77.095,1.7905,0.23702
71.385,1.7628,0.21855
65.675,1.7351,0.20008
59.965,1.7074,0.18161
54.254999999999995,1.6797,0.16314
48.545,1.652,0.14467
42.835,1.6243,0.12619
37.12500000000001,1.5966,0.10772
31.415,1.57,0.09
25.7,1.57,0.09
19.985,1.57,0.09
14.275,1.57,0.09
8.565,1.57,0.09
2.855,1.57,0.09
170.04000000000002,0.94611,0.058264
166.46,0.9607,0.060088
162.88000000000002,0.97529,0.061912
159.3,0.98988,0.063736
155.72000000000003,1.0045,0.065559
152.14,1.0191,0.067383
148.56000000000003,1.0336,0.069207
144.985,1.0482,0.071028
141.40999999999997,1.0628,0.072849
137.83,1.0774,0.074673
134.24999999999997,1.092,0.076497
130.67000000000002,1.1066,0.078321
127.08999999999997,1.1212,0.080145
123.50999999999999,1.1358,0.081968
119.92999999999999,1.1503,0.083792
116.35,1.1649,0.085616
112.77,1.1795,0.08744
109.19,1.1941,0.089263
105.61,1.1993,0.087903
102.03,1.1981,0.084386
98.45,1.197,0.080869
94.86999999999999,1.1958,0.077351
91.28999999999999,1.1946,0.073834
87.71,1.1934,0.070317
84.13,1.1923,0.066799
80.55,1.1911,0.063282
76.97,1.1895,0.059858
73.39,1.1821,0.05774
69.81,1.1747,0.055623
66.23,1.1673,0.053505
62.65,1.1599,0.051387
59.07,1.1524,0.049269
55.489999999999995,1.145,0.047151
51.91,1.1376,0.045033
48.33,1.1302,0.042915
44.75,1.1228,0.040797
41.17,1.1046,0.038537
37.589999999999996,1.08,0.036193
34.01,1.0554,0.033848
30.43,1.0308,0.031503
26.849999999999998,1.0062,0.029158
23.27,0.98154,0.026813
19.689999999999998,0.95692,0.024468
16.11,0.93229,0.022123
12.53,0.91,0.02
8.95,0.91,0.02
5.37,0.91,0.02
1.79,0.91,0.02
988.295,4.8643,1.3334
959.6700000000001,5.2439,1.4084
931.025,5.6236,1.4835
902.3749999999999,6.0033,1.5585
873.73,6.3829,1.6335
845.085,6.7626,1.7085
816.4350000000001,7.1423,1.7835
787.785,7.522,1.8586
759.14,7.9016,1.9336
730.495,8.2813,2.0086
701.845,8.661,2.0836
673.2,9.0406,2.1586
644.555,9.4994,2.2901
615.905,10.056,2.4911
587.26,10.612,2.692
558.6150000000001,11.168,2.893
529.965,11.724,3.094
501.32,12.281,3.2949
472.67499999999995,12.908,3.584
444.025,13.775,4.1714
415.38000000000005,14.641,4.7587
386.73500000000007,15.508,5.346
358.085,16.192,5.6219
329.44,16.556,5.352
300.795,16.919,5.082
272.145,17.408,4.8555
243.495,17.985,4.6597
214.85000000000002,20.476,5.8591
186.205,23.099,7.4443
157.555,12.556,2.6509
128.91,18.248,4.9532
100.26499999999999,13.312,3.0643
71.615,14.87,3.8898
42.97,11.25,1.8487
14.325,7.7792,1.0012
778.15,2.2776,0.26104
746.3850000000001,2.6599,0.6818
714.62,3.0422,1.1026
682.86,3.4244,1.5232
651.1,3.8067,1.9439
619.34,4.1889,2.3646
587.58,4.3846,2.4531
555.8199999999999,4.2618,1.9739
524.06,4.1389,1.4947
492.29999999999995,4.1352,1.1133
460.54,5.0597,1.4942
428.77500000000003,5.9845,1.8752
397.01,6.9092,2.2561
365.25,6.6895,1.9704
333.49,6.2812,1.5749
301.73,5.8728,1.1793
269.96999999999997,6.1921,1.1047
238.20999999999998,6.7892,1.1526
206.45,7.3813,1.1996
174.69,7.5033,1.1605
142.92499999999998,7.6253,1.1215
111.16,7.4428,1.0437
79.39999999999999,6.8386,0.82497
47.63999999999999,5.8145,0.61161
15.879999999999999,4.2021,0.30549
587.35,10.001,1.7749
570.8050000000001,9.982,1.7404
554.26,9.9632,1.7059
537.7149999999999,9.9444,1.6713
521.1700000000001,9.9255,1.6368
504.625,9.9067,1.6023
488.08000000000004,9.8879,1.5677
471.535,9.869,1.5332
454.99,9.8502,1.4987
438.445,9.8314,1.4641
421.9,9.8125,1.4296
405.355,9.7937,1.3951
388.81,9.7748,1.3605
372.26499999999993,9.756,1.326
355.71999999999997,9.7372,1.2915
339.175,9.7183,1.2569
322.63,9.6995,1.2224
306.085,9.6807,1.1879
289.54,9.6618,1.1533
272.995,9.6073,1.1296
256.45,9.549,1.107
239.905,9.4907,1.0845
223.36,9.4324,1.0619
206.815,9.3741,1.0393
190.26999999999998,9.144,0.97988
173.72500000000002,8.7932,0.89455
157.17999999999998,8.4424,0.80923
140.63500000000002,8.0847,0.72854
124.09,7.7175,0.65418
107.545,7.4302,0.6066
91.0,7.3573,0.63091
74.455,7.0124,0.57232
57.910000000000004,6.3567,0.45742
41.365,5.9446,0.38456
24.82,4.9725,0.28631
8.274999999999999,4.57,0.22
476.87,6.9124,2.2085
453.60499999999996,6.9751,2.1035
430.34,7.0378,1.9986
407.08,7.1004,1.8937
383.82000000000005,7.1631,1.7887
360.56,7.2258,1.6838
337.30000000000007,7.1792,1.5838
314.035,7.1006,1.4852
290.77,7.0219,1.3866
267.51000000000005,6.9433,1.288
244.25,6.8647,1.1894
220.98999999999998,6.786,1.0909
197.725,6.7074,0.99224
174.46,6.6287,0.89364
151.2,6.476,0.7965
127.94,6.1045,0.70362
104.67999999999999,5.733,0.61074
81.41999999999999,5.3615,0.51787
58.155,4.8999,0.43164
34.89,4.3765,0.35
11.629999999999999,4.12,0.31
235.57500000000002,4.6109,0.89703
228.745,4.6086,0.87288
221.915,4.6062,0.84873
215.085,4.6039,0.82459
208.26,4.6015,0.80046
201.435,4.5991,0.77633
194.605,4.5968,0.75218
187.775,4.5944,0.72804
180.945,4.5921,0.70389
174.11499999999998,4.5897,0.67975
167.29,4.5874,0.65562
160.465,4.585,0.63149
153.635,4.5827,0.60734
146.80499999999998,4.5803,0.5832
139.975,4.5268,0.57275
133.14999999999998,4.4656,0.5644
126.32499999999999,4.4044,0.55605
119.495,4.3431,0.5477
112.665,4.2819,0.53934
105.835,4.2206,0.53099
99.005,4.1593,0.52263
92.17999999999999,4.1071,0.50444
85.355,4.0591,0.48171
78.52499999999999,4.0111,0.45895
71.695,3.9631,0.4362
64.865,4.0371,0.43996
58.03999999999999,4.1569,0.45364
51.214999999999996,4.2766,0.46732
44.385,4.1484,0.44743
37.555,3.9601,0.41937
30.724999999999998,3.7792,0.38962
23.895,3.6149,0.35609
17.07,3.4507,0.32258
10.245000000000001,3.34,0.3
3.415,3.34,0.3
553.045,6.9373,1.4872
539.72,6.9174,1.447
526.395,6.8975,1.4067
513.0649999999999,6.8776,1.3665
499.73999999999995,6.8577,1.3262
486.415,6.8378,1.286
473.085,6.8233,1.2491
459.76,6.8544,1.2403
446.435,6.8855,1.2315
433.10499999999996,6.9166,1.2228
419.78,6.9477,1.214
406.455,6.9787,1.2052
393.13,7.0098,1.1965
379.805,7.0409,1.1877
366.475,7.072,1.1789
353.15000000000003,7.1031,1.1702
339.82500000000005,7.1342,1.1614
326.495,7.1653,1.1526
313.17,7.1964,1.1439
299.845,7.228,1.1227
286.515,7.2602,1.092
273.19,7.2923,1.0613
259.865,7.3244,1.0306
246.535,7.3566,0.99982
233.21,7.3887,0.96909
219.885,7.4208,0.93837
206.56,7.3802,0.91907
193.23499999999999,7.2317,0.91675
179.905,7.0831,0.91442
166.58,6.9346,0.9121
153.255,6.7924,0.90495
139.92499999999998,6.7118,0.8512
126.6,6.6312,0.79747
113.275,6.5256,0.74174
99.94500000000001,6.2295,0.67069
86.62,5.9336,0.59967
73.295,5.6415,0.55162
59.97,5.3522,0.52006
46.645,4.914,0.43987
33.315,4.5069,0.35606
19.990000000000002,4.4484,0.33853
6.665,4.42,0.33
592.715,7.0295,1.4432
567.49,7.0937,1.4284
542.27,7.1578,1.4136
517.05,7.2219,1.3988
491.83,7.2861,1.384
466.605,7.3502,1.3692
441.38,7.4144,1.3544
416.15999999999997,7.4785,1.3396
390.94,7.5427,1.3248
365.71999999999997,7.6068,1.31
340.495,7.671,1.2952
315.27,7.7351,1.2804
290.05,7.7992,1.2656
264.83,7.8634,1.2508
239.60999999999999,7.8342,1.2122
214.39,7.5567,1.1102
189.165,7.2791,1.0082
163.94,7.0015,0.90627
138.72,6.724,0.80433
113.49999999999999,6.4465,0.70238
88.28,5.8607,0.59777
63.055,5.2675,0.49309
37.830000000000005,4.6743,0.3884
12.61,4.57,0.37
339.645,3.8843,1.4869
329.79999999999995,3.7906,1.3657
319.955,3.6968,1.2444
310.11,3.603,1.1231
300.265,3.5093,1.0018
290.42,3.4155,0.88057
280.57500000000005,3.3286,0.76731
270.73,3.313,0.73687
260.88500000000005,3.2973,0.70642
251.04000000000005,3.2816,0.67597
241.195,3.266,0.64553
231.35,3.2503,0.61508
221.505,3.2347,0.58464
211.66000000000003,3.219,0.55419
201.82,3.2034,0.52376
191.975,3.1877,0.49332
182.13000000000002,3.1721,0.46287
172.28500000000003,3.1564,0.43242
162.44,3.2131,0.42743
152.59499999999997,3.3198,0.43998
142.75,3.4265,0.45253
132.905,3.5332,0.46508
123.06,3.6399,0.47763
113.21499999999999,3.7465,0.49018
103.36999999999999,3.8532,0.50273
93.52499999999999,3.9599,0.51528
83.68,3.8954,0.49664
73.835,3.7277,0.4592
63.989999999999995,3.5601,0.42176
54.144999999999996,3.3924,0.38432
44.3,3.2247,0.34688
34.455,3.0571,0.30944
24.61,2.97,0.29
14.765,2.97,0.29
4.92,2.97,0.29
581.765,5.1836,1.1103
563.295,5.3115,1.1269
544.825,5.4394,1.1435
526.355,5.5673,1.16
507.88500000000005,5.6952,1.1766
489.41499999999996,5.8231,1.1932
470.95,5.9509,1.2097
452.485,6.0788,1.2263
434.015,6.2066,1.2429
415.545,6.3346,1.2594
397.075,6.4624,1.276
378.60499999999996,6.5903,1.2925
360.135,6.7182,1.3091
341.67,6.8461,1.3257
323.20500000000004,6.9739,1.3422
304.73499999999996,7.1018,1.3588
286.265,7.2297,1.3754
267.795,7.3576,1.3919
249.32500000000002,7.2921,1.3539
230.85500000000002,7.0422,1.2638
212.385,6.7924,1.1738
193.92,6.5426,1.0838
175.455,6.2928,0.99376
156.98499999999999,6.043,0.90372
138.515,5.7931,0.81367
120.04500000000002,5.5433,0.72363
101.575,5.3191,0.66672
83.10500000000002,5.1101,0.62957
64.64,4.9011,0.59242
46.175000000000004,4.6922,0.55528
27.705000000000002,4.55,0.53
9.235,4.55,0.53
246.715,3.3961,0.34968
241.82999999999998,3.3946,0.34571
236.945,3.3931,0.34174
232.055,3.3917,0.33776
227.17000000000002,3.3902,0.33379
222.285,3.3887,0.32981
217.4,3.3872,0.32584
212.51500000000001,3.3857,0.32187
207.63,3.3842,0.31789
202.745,3.3827,0.31392
197.86,3.3812,0.30995
192.975,3.3797,0.30597
188.09,3.3782,0.302
183.205,3.3768,0.29803
178.32,3.3753,0.29406
173.435,3.3738,0.29008
168.545,3.3723,0.2861
163.66,3.3708,0.28213
158.775,3.3704,0.27957
153.89,3.3714,0.27863
149.005,3.3723,0.2777
144.12,3.3732,0.27676
139.23499999999999,3.3742,0.27583
134.35,3.3751,0.2749
129.465,3.376,0.27396
124.58,3.377,0.27303
119.695,3.3779,0.27209
114.80499999999999,3.3788,0.27116
109.92,3.3798,0.27022
105.035,3.3807,0.26929
100.15,3.3817,0.26835
95.265,3.3826,0.26742
90.38,3.3835,0.26649
85.495,3.3845,0.26555
80.61,3.3854,0.26462
75.725,3.3863,0.26368
70.84,3.3872,0.26275
65.955,3.3882,0.26181
61.07,3.3891,0.26088
56.185,3.3901,0.25994
51.295,3.391,0.25901
46.41,3.3919,0.25807
41.525,3.3929,0.25714
36.64,3.3938,0.25621
31.755,3.3947,0.25527
26.869999999999997,3.3957,0.25434
21.984999999999996,3.3966,0.2534
17.099999999999998,3.3975,0.25247
12.215,3.3985,0.25154
7.33,3.3994,0.2506
2.4450000000000003,3.4003,0.24967
167.14000000000001,2.556,0.20019
161.835,2.5768,0.1992
156.53,2.5976,0.19821
151.225,2.6184,0.19722
145.91500000000002,2.6392,0.19623
140.61,2.66,0.19524
135.305,2.6808,0.19425
130.0,2.7016,0.19326
124.695,2.7224,0.19227
119.38499999999999,2.7432,0.19128
114.08,2.764,0.19029
108.775,2.7579,0.1878
103.465,2.7409,0.18472
98.16,2.724,0.18163
92.85499999999999,2.707,0.17854
87.55,2.69,0.17545
82.245,2.673,0.17237
76.935,2.6594,0.17187
71.63,2.6567,0.17988
66.32499999999999,2.654,0.18788
61.02,2.6514,0.19589
55.715,2.6372,0.19818
50.40500000000001,2.611,0.19443
45.1,2.5847,0.19068
39.794999999999995,2.4952,0.17894
34.49,2.3918,0.16545
29.185000000000002,2.3682,0.16606
23.875,2.3987,0.17622
18.57,2.3136,0.16269
13.264999999999999,2.1601,0.13514
7.96,2.02,0.11
2.655,2.02,0.11
76.375,0.93796,0.02
75.25999999999999,0.9348,0.02
73.39999999999999,0.92953,0.02
71.545,0.92428,0.02
69.69,0.91902,0.02
67.83,0.91375,0.02
65.97,0.90848,0.02
64.11,0.90321,0.02
62.25,0.89794,0.02
60.395,0.89269,0.02
58.54,0.88744,0.02
56.68,0.88217,0.02
54.82,0.8769,0.02
52.96,0.87163,0.02
51.1,0.86636,0.02
49.245,0.86111,0.02
47.39,0.85585,0.02
45.53,0.85058,0.02
43.67,0.84531,0.02
41.81,0.84004,0.02
39.95,0.82966,0.018707
38.095000000000006,0.81926,0.017407
36.24,0.80886,0.016108
34.38,0.79844,0.014804
32.52,0.78801,0.013501
30.66,0.77758,0.012198
28.8,0.76716,0.010894
26.945,0.7622,0.010549
25.09,0.76924,0.01231
23.23,0.7763,0.014076
21.37,0.78337,0.015842
19.509999999999998,0.79043,0.017607
17.65,0.79749,0.019373
15.795,0.80959,0.02
13.940000000000001,0.82448,0.02
12.08,0.83941,0.02
10.22,0.85434,0.02
8.36,0.86,0.02
6.500000000000001,0.86,0.02
4.645,0.86,0.02
2.79,0.86,0.02
0.93,0.86,0.02
239.18,2.7231,0.62142
235.835,2.7256,0.60759
232.49,2.7281,0.59375
229.14499999999998,2.7306,0.57991
225.8,2.7331,0.56607
222.455,2.7356,0.55223
219.105,2.7381,0.53838
215.76000000000002,2.7406,0.52454
212.41500000000002,2.7431,0.5107
209.07,2.7456,0.49686
205.725,2.7481,0.48302
202.38,2.7506,0.46919
199.03500000000003,2.753,0.45535
195.69,2.7555,0.44151
192.345,2.758,0.42767
189.0,2.7605,0.41383
185.655,2.763,0.4
182.31,2.7655,0.38616
178.96499999999997,2.768,0.37232
175.62,2.7705,0.35848
172.275,2.773,0.34464
168.93,2.7755,0.33081
165.58499999999998,2.778,0.31697
162.24,2.7804,0.30313
158.895,2.7829,0.28929
155.54999999999998,2.7854,0.27545
152.20499999999998,2.7879,0.26162
148.85999999999999,2.7925,0.24981
145.51500000000001,2.8079,0.24863
142.17000000000002,2.8232,0.24744
138.82500000000002,2.8386,0.24626
135.48,2.854,0.24508
132.135,2.8694,0.24389
128.79000000000002,2.8848,0.24271
125.44500000000001,2.9002,0.24153
122.1,2.9156,0.24034
118.755,2.931,0.23916
115.41,2.9463,0.23797
112.065,2.9617,0.23679
108.715,2.9771,0.23561
105.36999999999999,2.9925,0.23442
102.025,3.0079,0.23324
98.67999999999999,3.0233,0.23206
95.33500000000001,3.0387,0.23087
91.99,3.0541,0.22969
88.645,3.0694,0.2285
85.3,3.0848,0.22732
81.955,3.1002,0.22614
78.61,3.1156,0.22495
75.265,3.131,0.22377
71.92000000000002,3.1464,0.22259
68.575,3.1618,0.2214
65.23,3.1772,0.22022
61.885000000000005,3.1475,0.21409
58.53999999999999,3.1075,0.20682
55.19499999999999,3.0676,0.19956
51.85,3.0276,0.1923
48.505,2.9877,0.18504
45.16,2.9478,0.17778
41.815000000000005,2.9078,0.17051
38.470000000000006,2.8679,0.16325
35.125,2.8279,0.15599
31.78,2.788,0.14873
28.435000000000002,2.7481,0.14147
25.09,2.7081,0.1342
21.745,2.6682,0.12694
18.4,2.63,0.12
15.055,2.63,0.12
11.709999999999999,2.63,0.12
8.365,2.63,0.12
5.0200000000000005,2.63,0.12
1.675,2.63,0.12
89.31,1.7145,0.52236
87.92,1.6104,0.44511
86.175,1.4796,0.34812
84.43,1.3489,0.25114
82.69,1.2919,0.2
80.94999999999999,1.3171,0.2
79.21000000000001,1.3396,0.20038
77.47000000000001,1.3355,0.20448
75.72999999999999,1.3314,0.20858
73.99,1.2751,0.19077
72.25000000000001,1.191,0.16134
70.50999999999999,1.1404,0.14116
68.77,1.1783,0.14536
67.025,1.2162,0.14958
65.28,1.202,0.14278
63.54,1.182,0.13478
61.800000000000004,1.1716,0.12839
60.06,1.1756,0.12439
58.32,1.1796,0.12039
56.580000000000005,1.1475,0.10918
54.84,1.1115,0.097181
53.099999999999994,1.1077,0.09
51.36,1.1517,0.09
49.62,1.1957,0.09
47.875,1.2234,0.097802
46.13,1.2494,0.10646
44.39,1.2476,0.10504
42.65,1.2266,0.096633
40.910000000000004,1.2036,0.089195
39.169999999999995,1.173,0.085381
37.43000000000001,1.1425,0.081568
35.69,1.1345,0.077755
33.949999999999996,1.1421,0.073941
32.21,1.1497,0.070128
30.47,1.1536,0.07
28.725,1.1573,0.07
26.98,1.1525,0.068923
25.24,1.1264,0.065196
23.5,1.1003,0.061469
21.76,1.062,0.057453
20.02,1.0157,0.053249
18.279999999999998,0.97896,0.048964
16.54,0.97441,0.044409
14.8,0.9688,0.03985
13.059999999999999,0.93132,0.035165
11.32,0.89384,0.03048
9.575,0.88016,0.03
7.83,0.86814,0.03
6.09,0.84291,0.03
4.35,0.83,0.03
2.61,0.83,0.03
0.87,0.83,0.03
434.015,3.7272,0.82408
415.545,3.6986,0.79844
397.075,3.6699,0.7728
378.60499999999996,3.6412,0.74716
360.135,3.6126,0.72152
341.67,3.5839,0.69588
323.20500000000004,3.5552,0.67025
304.73499999999996,3.5265,0.64461
286.265,3.4979,0.61897
267.795,3.4692,0.59333
249.32500000000002,3.4405,0.56769
230.85500000000002,3.4119,0.54205
212.385,3.3832,0.51641
193.92,3.3545,0.49078
175.455,3.3259,0.46514
156.98499999999999,3.2972,0.4395
138.515,3.2685,0.41386
120.04500000000002,3.2398,0.38822
101.575,3.2112,0.36258
83.10500000000002,3.1825,0.33694
64.64,3.1538,0.31131
46.175000000000004,3.13,0.29
27.705000000000002,3.13,0.29
9.235,3.13,0.29
628.01,5.735,1.4804
620.99,5.7443,1.4575
613.9749999999999,5.7535,1.4346
606.9599999999999,5.7628,1.4118
599.94,5.7721,1.3889
592.9250000000001,5.7813,1.3661
585.9100000000001,5.7906,1.3433
578.89,5.7998,1.3204
571.875,5.8091,1.2975
564.86,5.8184,1.2747
557.84,5.8276,1.2518
550.825,5.8369,1.229
543.8100000000001,5.8461,1.2062
536.79,5.8554,1.1833
529.77,5.8647,1.1604
522.755,5.8739,1.1376
515.74,5.8832,1.1147
508.7200000000001,5.8925,1.0919
501.70500000000004,5.9017,1.069
494.68999999999994,5.911,1.0462
487.67,5.9203,1.0233
480.655,5.9295,1.0005
473.64,5.9388,0.97764
466.62000000000006,5.9481,0.95478
459.605,5.9978,0.95364
452.59,6.0582,0.95823
445.57000000000005,6.1187,0.96284
438.555,6.1791,0.96744
431.54,6.2396,0.97203
424.52,6.3001,0.97664
417.5,6.3605,0.98124
410.485,6.421,0.98584
403.46999999999997,6.4814,0.99043
396.45,6.5419,0.99504
389.435,6.6023,0.99963
382.41999999999996,6.6628,1.0042
375.40000000000003,6.7233,1.0088
368.385,6.7837,1.0134
361.36999999999995,6.8441,1.018
354.35,6.8356,1.0089
347.335,6.7755,0.98938
340.32,6.7154,0.96991
333.30000000000007,6.6552,0.95042
326.285,6.5951,0.93095
319.27,6.535,0.91148
312.25,6.4749,0.892
305.235,6.4147,0.87252
298.22,6.3547,0.85305
291.2,6.2945,0.83357
284.18,6.2344,0.81409
277.165,6.1742,0.79461
270.15,6.2599,0.80538
263.13,6.391,0.82554
256.115,6.522,0.84569
249.1,6.653,0.86585
242.08,6.7841,0.88601
235.065,6.915,0.90616
228.04999999999998,7.046,0.92631
221.03,7.1771,0.94648
214.01500000000001,7.3081,0.96663
207.00000000000003,7.4391,0.98678
199.98,7.3706,0.97646
192.965,7.2644,0.96036
185.95000000000002,7.1581,0.94426
178.92999999999998,7.0518,0.92814
171.91,6.9454,0.91203
164.895,6.8391,0.89593
157.88000000000002,6.7329,0.87983
150.85999999999999,6.6265,0.86372
143.845,6.5202,0.84761
136.83,6.4713,0.83873
129.80999999999997,6.4737,0.83631
122.79499999999999,6.4761,0.8339
115.78,6.4785,0.83148
108.75999999999999,6.4809,0.82906
101.745,6.4833,0.82665
94.72999999999999,6.4858,0.82423
87.71,6.4882,0.82182
80.695,6.4906,0.8194
73.67999999999999,6.493,0.81699
66.66,6.4954,0.81457
59.64,6.4978,0.81215
52.625,6.5003,0.80974
45.61,6.5027,0.80732
38.589999999999996,6.5051,0.8049
31.575,6.5075,0.80249
24.56,6.5099,0.80007
17.54,6.5123,0.79766
10.525,6.5148,0.79524
3.5100000000000002,6.5172,0.79283
668.435,13.653,3.1306
644.985,13.274,3.0649
621.53,12.894,2.9992
598.075,12.515,2.9335
574.62,12.136,2.8678
551.165,11.757,2.8021
527.7149999999999,11.378,2.7364
504.25999999999993,10.998,2.6707
480.80500000000006,10.619,2.605
457.35,10.24,2.5393
433.89500000000004,9.8609,2.4736
410.445,9.4818,2.4079
386.99,9.1027,2.3422
363.535,8.7235,2.2765
340.08,8.3443,2.2108
316.625,7.9651,2.1451
293.17499999999995,7.586,2.0794
269.71999999999997,7.2068,2.0137
246.26500000000001,6.8276,1.948
222.815,6.4485,1.8823
199.35999999999999,6.0693,1.8166
175.90499999999997,5.6901,1.7509
152.45,5.311,1.6852
128.995,4.9353,1.5417
105.545,4.5674,1.2264
82.09,4.1995,0.91101
58.635000000000005,3.8316,0.59565
35.18,3.58,0.38
11.725,3.58,0.38
343.21999999999997,4.0481,0.59867
336.14,4.0513,0.5872
329.065,4.0545,0.57574
321.99,4.0577,0.56428
314.91,4.0609,0.55282
307.835,4.0641,0.54136
300.76000000000005,4.0672,0.5299
293.68,4.0704,0.51843
286.605,4.0736,0.50697
279.53,4.0768,0.49552
272.45,4.08,0.48405
265.375,4.0832,0.47259
258.29999999999995,4.0864,0.46113
251.22,4.0895,0.44967
244.145,4.0927,0.43821
237.07,4.0959,0.42675
229.99,4.0991,0.41528
222.915,4.1023,0.40382
215.83999999999997,4.1055,0.39236
208.76,4.1086,0.3809
201.685,4.1118,0.36944
194.61,4.115,0.35798
187.52999999999997,4.1182,0.34651
180.45499999999998,4.1355,0.34095
173.37999999999997,4.1714,0.34315
166.3,4.2074,0.34535
159.225,4.2433,0.34755
152.15,4.2792,0.34975
145.06999999999996,4.3152,0.35195
137.99499999999998,4.3511,0.35415
130.92,4.3871,0.35635
123.84,4.423,0.35855
116.76500000000001,4.4589,0.36075
109.69,4.4949,0.36295
102.61000000000001,4.5308,0.36515
95.53500000000001,4.5667,0.36735
88.46,4.6027,0.36955
81.38000000000001,4.4583,0.35104
74.305,4.2679,0.32724
67.23,4.0775,0.30343
60.15,3.8869,0.27961
53.074999999999996,3.6965,0.25581
46.0,3.5061,0.23201
38.919999999999995,3.3155,0.20819
31.845,3.1251,0.18439
24.77,3.01,0.17
17.689999999999998,3.01,0.17
10.615,3.01,0.17
3.54,3.01,0.17
761.7850000000001,4.3787,1.5776
735.9599999999999,4.5505,1.5848
710.14,4.7223,1.5921
684.315,4.8941,1.5993
658.49,5.0659,1.6066
632.6700000000001,5.2377,1.6139
606.8449999999999,5.4095,1.6211
581.02,5.5814,1.6284
555.2,5.7531,1.6356
529.375,5.925,1.6429
503.55000000000007,6.0968,1.6502
477.72999999999996,6.2686,1.6574
451.905,6.4883,1.6988
426.08000000000004,6.7346,1.7593
400.26,6.9809,1.8197
374.435,7.2272,1.8802
348.60999999999996,7.4736,1.9406
322.79,7.7199,2.001
296.96500000000003,7.9662,2.0615
271.14000000000004,8.2126,2.1219
245.32000000000002,8.4589,2.1824
219.5,8.6288,2.2503
193.67499999999998,8.7878,2.3193
167.85,8.9467,2.3884
142.03,9.1056,2.4574
116.205,9.2646,2.5264
90.38,9.4235,2.5955
64.56,9.5824,2.6645
38.735,9.7414,2.7335
12.91,9.9003,2.8026
382.13,8.437,1.6262
361.47499999999997,8.3974,1.5291
340.82,8.3579,1.432
320.165,8.3183,1.3349
299.51,8.2696,1.2809
278.84999999999997,8.2131,1.2639
258.195,8.1565,1.247
237.54,8.1,1.23
216.885,8.0797,1.1894
196.23000000000002,8.0594,1.1489
175.57500000000002,8.2106,1.2118
154.92000000000002,8.5108,1.3646
134.26,7.9759,1.1875
113.605,7.233,0.94792
92.95,6.94,0.93948
72.295,6.872,0.90406
51.64,5.7806,0.59811
30.985,4.4021,0.32243
10.33,3.84,0.25
635.665,3.9836,1.0965
616.6899999999999,4.0147,1.0818
597.715,4.0457,1.0671
578.74,4.0767,1.0523
559.7650000000001,4.1077,1.0376
540.79,4.1387,1.0229
521.8149999999999,4.1697,1.0081
502.84,4.2007,0.9934
483.865,4.2317,0.97867
464.89000000000004,4.2627,0.96394
445.915,4.2938,0.94921
426.94,4.3248,0.93448
407.96500000000003,4.3558,0.91975
388.99,4.3868,0.90502
370.015,4.4178,0.89029
351.04,4.4488,0.87556
332.065,4.4798,0.86083
313.09,4.5108,0.8461
294.115,4.5419,0.83137
275.14,4.5729,0.81663
256.16499999999996,4.6039,0.8019
237.19,4.6349,0.78717
218.215,4.6533,0.76219
199.24,4.6597,0.72747
180.26500000000001,4.6662,0.69275
161.29,4.6726,0.65804
142.315,4.679,0.62332
123.34,4.6854,0.5886
104.36500000000001,4.6919,0.55388
85.39,4.6983,0.51916
66.415,4.5192,0.48275
47.44,4.2735,0.44574
28.464999999999996,4.0279,0.40872
9.49,3.97,0.4
448.96000000000004,6.6895,0.60206
432.02,6.5985,0.60049
415.08,6.5075,0.59892
398.135,6.4165,0.59735
381.19000000000005,6.3255,0.59578
364.24999999999994,6.2344,0.59421
347.31,6.1434,0.59264
330.37,6.0524,0.59108
313.425,5.9614,0.58951
296.47999999999996,5.8704,0.58794
279.54,5.7794,0.58637
262.6,5.6884,0.5848
245.66000000000003,5.5974,0.58323
228.715,5.5063,0.58166
211.77,5.4153,0.58009
194.83,5.3243,0.57852
177.89,5.2333,0.57695
160.95,5.1423,0.57538
144.01,5.0513,0.57381
127.06499999999998,4.9602,0.57225
110.11999999999999,4.8692,0.57068
93.17999999999999,4.8899,0.59865
76.24000000000001,4.9952,0.64899
59.3,4.7821,0.61122
42.355000000000004,4.0584,0.43209
25.410000000000004,3.6982,0.33227
8.47,3.51,0.28
