{
  "params": {
    "xi_max": 1.9967517221613822,
    "lnSigma_c": 2.6254341336909683,
    "width_sigma": 0.3622615719433564,
    "n_sigma": 2.8113888888663148,
    "gate_R_kpc": 4.399205780652126,
    "gate_width": 0.8806395431711591
  },
  "summary": {
    "avg_mean_off": 36.07730059129616,
    "galaxies": 143,
    "outer_points": 1167
  }
}