gal_id,s_obs,s_model
MilkyWay,-0.08749763284047536,-0.22695145172518727
