{
  "n": 61,
  "scatter_dex_orth": 0.0038490075817025765,
  "r2_vs_const": 0.9982451467496782
}