{
  "n": 61,
  "scatter_dex_orth": 0.0023907956934284985,
  "r2_vs_const": 0.9993971869445398
}