{
  "params": {
    "xi_max": 6.902048074930291,
    "xi_max_r": 2.139519891497264,
    "lnR0_base": -1.126217774203155,
    "width": 0.06856679850186956,
    "alpha_M": 0.06856386041394427,
    "xi_max_d": 7.053253422797434,
    "lnSigma_c": 1.1520624770464503,
    "width_sigma": 0.37081767180690417,
    "n_sigma": 1.608455977619332,
    "gate_R_kpc": 1.7545104559521787,
    "gate_width": 0.05,
    "gamma": 0.21988984643237872
  },
  "summary": {
    "avg_mean_off": 25.31348660817867,
    "avg_rmse": 34.48709233896939,
    "avg_pct_close_90": 23.164107237430965,
    "galaxies": 143,
    "outer_points": 1167
  }
}