{
  "params": {
    "xi_max": 6.47476235604115,
    "lnSigma_c": 2.765629079390148,
    "width_sigma": 0.477044771909519,
    "n_sigma": 3.122647691978584,
    "gate_R_kpc": 5.9269699496944455,
    "gate_width": 0.844370282468147
  },
  "summary": {
    "avg_mean_off": 36.07730059129616,
    "galaxies": 143,
    "outer_points": 1167
  }
}