r_kpc,n_e_cm3
1184.0,0.00028571
1163.0500000000002,0.00037185
1142.1000000000001,0.00036489
1121.15,0.00033859
1100.2,0.00045308
1079.2,0.00041445
1058.2500000000002,0.00045547
1037.3000000000002,0.00044569
1016.3500000000001,0.00054898
995.41,0.0004504
974.445,0.00057224
953.4899999999999,0.00051066
932.5300000000001,0.00058135
911.575,0.00052981
890.62,0.00064014
869.6650000000001,0.00052334
848.71,0.00072521
827.75,0.00062994
806.7950000000001,0.00064144
785.8400000000001,0.00083311
764.885,0.00071932
743.93,0.00088035
722.975,0.00082807
702.0200000000001,0.00086194
681.06,0.0010537
660.1049999999999,0.0010075
639.15,0.0012083
618.195,0.0012983
597.24,0.001287
576.285,0.001344
555.33,0.0014375
534.37,0.0015993
513.415,0.0018967
492.46000000000004,0.0020572
471.505,0.0020254
450.55,0.0024569
429.595,0.0025751
408.64,0.0027081
387.68,0.0030461
366.72499999999997,0.003935
345.77000000000004,0.0040592
324.81499999999994,0.0036988
303.86,0.0038629
282.9,0.0038308
261.945,0.0038462
240.99,0.0037464
220.03499999999997,0.0044469
199.07999999999998,0.0043426
178.12499999999997,0.0049292
157.17,0.0055815
136.21,0.0062729
115.255,0.0064234
94.3,0.0074633
73.345,0.0074458
52.39,0.0090727
31.435000000000006,0.0076534
10.48,0.0063279
148.41,0.0034155
145.15,0.003499
141.89000000000001,0.0039793
138.63,0.0037305
135.365,0.0031597
132.1,0.0045324
128.84,0.0030892
125.58,0.0041949
122.32000000000001,0.0039701
119.06,0.0042876
115.79500000000002,0.0043602
112.52999999999999,0.0042831
109.27000000000001,0.0041969
106.00999999999999,0.0049111
102.75000000000001,0.0053328
99.485,0.0048338
96.22,0.0050218
92.96,0.005159
89.7,0.0067958
86.43999999999998,0.0059787
83.18,0.0067131
79.915,0.0067052
76.64999999999999,0.0072477
73.39000000000001,0.0075279
70.13,0.0075725
66.87000000000002,0.0087168
63.605,0.008687
60.339999999999996,0.010072
57.08,0.010392
53.82,0.010501
50.56,0.014657
47.300000000000004,0.01157
44.035000000000004,0.017454
40.77,0.016841
37.510000000000005,0.021069
34.25,0.022466
30.990000000000002,0.024924
27.725,0.027737
24.46,0.037026
21.2,0.042631
17.94,0.041091
14.680000000000001,0.050951
11.42,0.060553
8.155,0.065334
4.890000000000001,0.065089
1.63,0.11969
571.4999999999999,0.0015147
566.92,0.00066901
559.8799999999999,0.00053096
552.84,0.00046969
545.7950000000001,0.00039406
538.7500000000001,0.00056388
531.71,0.00049173
524.67,0.0005725
517.625,0.00051975
510.58000000000004,0.00050095
503.53999999999996,0.00048263
496.5,0.00046991
489.455,0.00054861
482.41,0.00056069
475.36999999999995,0.00054577
468.33000000000004,0.00055329
461.285,0.00056706
454.23999999999995,0.00054725
447.20000000000005,0.00053607
440.15999999999997,0.00060808
433.115,0.0006347
426.07,0.00052372
419.03000000000003,0.00037153
411.98999999999995,0.00049113
404.945,0.00063371
397.90000000000003,0.00055894
390.86,0.00060424
383.82000000000005,0.00061617
376.77500000000003,0.00070724
369.73,0.00070772
362.68999999999994,0.00067018
355.65000000000003,0.00069364
348.605,0.00067582
341.56,0.00074394
334.52000000000004,0.00079902
327.48,0.00072457
320.435,0.00070836
313.39,0.0007653
306.35,0.00073396
299.30999999999995,0.00083964
292.265,0.00078189
285.22,0.00091393
278.18,0.00094897
271.14000000000004,0.00084852
264.095,0.00091808
257.05,0.00088862
250.00999999999996,0.0011623
242.97,0.0011747
235.92499999999998,0.001082
228.88,0.001121
221.83999999999997,0.00092156
214.79999999999998,0.0013262
207.755,0.0012239
200.71,0.0013876
193.67000000000002,0.0011821
186.63000000000002,0.0013398
179.585,0.0012889
172.54,0.0016996
165.5,0.0016964
158.45999999999998,0.0017192
151.415,0.0014451
144.37,0.0014111
137.33,0.0017357
130.29000000000002,0.0016568
123.24499999999999,0.0019711
116.2,0.0020838
109.16000000000001,0.0022327
102.11999999999999,0.0022541
95.07499999999999,0.0024127
88.03,0.002591
80.99000000000001,0.0027081
73.95,0.002806
66.905,0.0029726
59.86000000000001,0.0030228
52.82,0.0028064
45.78,0.0035103
38.735,0.0036295
31.689999999999998,0.0042737
24.65,0.0041613
17.61,0.006229
10.565,0.0083151
219.61999999999998,0.0013801
213.065,0.0010449
206.51,0.0010088
199.95000000000002,0.0010978
193.395,0.0012898
186.84,0.0013735
180.285,0.0012924
173.73,0.0013355
167.17499999999998,0.0014998
160.61999999999998,0.0014139
154.06,0.0015937
147.505,0.0014365
140.95,0.0019305
134.39499999999998,0.0020242
127.84,0.002457
121.28,0.0021775
114.725,0.0024793
108.16999999999999,0.0023924
101.615,0.003176
95.06,0.0033116
88.505,0.0037644
81.94999999999999,0.003948
75.39,0.0040155
68.835,0.0043514
62.279999999999994,0.0046674
55.724999999999994,0.0052978
49.17,0.0064249
42.60999999999999,0.0075848
36.055,0.0093253
29.5,0.011319
22.945,0.014992
16.39,0.024214
9.835,0.03064
3.28,0.033587
391.15,0.0011115
375.81,0.00095072
360.47,0.001312
345.135,0.00083513
329.79999999999995,0.0012641
314.46000000000004,0.0013021
299.12,0.0017995
283.78000000000003,0.0016591
268.44,0.0011957
253.1,0.0019567
237.76,0.0016056
222.42000000000002,0.0016539
207.07999999999998,0.0015629
191.74,0.0019354
176.4,0.0015994
161.05999999999997,0.0027116
145.72000000000003,0.0027422
130.38,0.00308
115.045,0.0042431
99.71,0.0053949
84.37,0.0060919
69.03,0.010237
53.690000000000005,0.0129
38.349999999999994,0.016631
23.009999999999998,0.022502
7.67,0.047305
480.495,0.00057554
451.37,0.00074642
422.25,0.00030864
393.13,0.00097836
364.01,0.0012133
334.89000000000004,0.00085974
305.77,0.0012107
276.65000000000003,0.0013876
247.53,0.0019223
218.41,0.0021594
189.29000000000002,0.0027223
160.165,0.0038909
131.04,0.0062567
101.92,0.0084845
72.8,0.013157
43.68,0.03273
14.56,0.071555
265.16499999999996,0.00056178
256.75000000000006,0.00057882
248.32999999999998,0.00035691
239.91000000000003,0.00056743
231.49,0.00047388
223.07500000000002,0.00020998
214.66000000000003,0.00064589
206.23999999999998,0.00071931
197.82,0.00079449
189.4,0.00051818
180.985,0.00087244
172.57,0.00095957
164.15,0.00092814
155.73,0.00085308
147.31,0.0011167
138.89499999999998,0.00099326
130.48,0.0014728
122.06,0.001302
113.63999999999999,0.0012917
105.22000000000001,0.0015848
96.805,0.0021569
88.39,0.0020784
79.97,0.0019862
71.55,0.0023089
63.135,0.0028841
54.720000000000006,0.0029792
46.300000000000004,0.0038062
37.879999999999995,0.0049987
29.46,0.0061334
21.045,0.0059319
12.63,0.013503
4.21,0.027422
670.27,0.00039544
651.39,0.00010671
632.51,0.00028722
613.63,0.00019473
594.75,0.00027652
575.87,0.00014195
556.99,0.00028016
538.11,0.00027515
519.23,0.00032688
500.345,0.00017899
481.46,0.00040827
462.58,0.00027081
443.7,0.00031242
424.82,0.00035072
405.94,0.00049511
387.06,0.000411
368.18,0.00046841
349.3,0.00048027
330.42,0.00063906
311.53999999999996,0.00073608
292.655,0.00063477
273.77000000000004,0.00080391
254.89000000000001,0.0010923
236.01,0.0010927
217.13,0.0012982
198.25,0.0015774
179.37,0.0017048
160.48999999999998,0.0020394
141.61,0.0024138
122.73,0.0033264
103.845,0.0037013
84.96000000000001,0.0049445
66.08,0.0061587
47.2,0.0098655
28.32,0.017098
9.440000000000001,0.027169
469.065,0.0007963
460.455,0.00019422
451.84999999999997,0.0005252
443.245,0.00050991
434.635,0.0004336
426.03000000000003,0.00037215
417.425,0.00059343
408.815,0.00040574
400.21,0.00048289
391.60499999999996,0.00054836
382.99499999999995,0.00048982
374.39,0.00064605
365.785,0.00060639
357.175,0.00043914
348.57000000000005,0.00079165
339.96500000000003,0.0004736
331.355,0.00074774
322.75,0.00063291
314.145,0.00072715
305.535,0.00085572
296.93,0.00077139
288.325,0.00071338
279.715,0.00093564
271.10999999999996,0.0010995
262.505,0.0010448
253.89499999999998,0.0012109
245.29000000000002,0.0010618
236.685,0.00097662
228.075,0.001335
219.47,0.0010263
210.865,0.0012295
202.255,0.0012752
193.64999999999998,0.0013383
185.04500000000002,0.001436
176.435,0.0014661
167.83,0.0015438
159.225,0.0015859
150.615,0.0014521
142.01,0.0016537
133.405,0.0017184
124.79499999999999,0.0022596
116.19,0.0011891
107.585,0.0027012
98.97500000000001,0.0022224
90.37,0.0024662
81.765,0.0026644
73.155,0.0033501
64.55,0.0029241
55.94499999999999,0.0034807
47.335,0.003295
38.730000000000004,0.0049487
30.125,0.0027091
21.515,0.0063929
12.91,0.0038876
4.305,0.0081999
637.23,0.00067902
617.6250000000001,0.0005817
598.015,0.00072389
578.4050000000001,0.00073921
558.8,0.00078016
539.195,0.00076279
519.5849999999999,0.00083767
499.97999999999996,0.00050708
480.375,0.0010403
460.765,0.00090242
441.15999999999997,0.0012615
421.555,0.001218
401.945,0.0012064
382.335,0.0013011
362.73,0.0013709
343.125,0.0020095
323.515,0.0019051
303.91,0.002077
284.305,0.0021137
264.695,0.0025992
245.085,0.0027151
225.48000000000002,0.003106
205.875,0.0032975
186.26500000000001,0.003876
166.66,0.0042876
147.05499999999998,0.0043601
127.44500000000001,0.0052775
107.83999999999999,0.0046351
88.23500000000001,0.005833
68.62499999999999,0.0060106
49.015,0.0082821
29.41,0.011182
9.805,0.016116
248.20999999999998,0.0026585
243.095,0.0022598
237.98,0.002407
232.86,0.0027374
227.74,0.0027801
222.625,0.0028854
217.51,0.0028078
212.39,0.0027196
207.27,0.0031073
202.15,0.0027562
197.035,0.0029173
191.92,0.0033526
186.79999999999998,0.0027067
181.68,0.0033269
176.56,0.0034251
171.44500000000002,0.0027667
166.33,0.0039255
161.21,0.0036485
156.09,0.0036654
150.975,0.0041892
145.85999999999999,0.003935
140.74,0.004442
135.62,0.0047822
130.5,0.004566
125.38499999999999,0.0049236
120.26999999999998,0.0049245
115.15,0.0054636
110.02999999999999,0.0056813
104.915,0.0057712
99.8,0.0056468
94.67999999999999,0.0070055
89.56,0.007592
84.43999999999998,0.0078301
79.325,0.0077897
74.21,0.0092533
69.09000000000002,0.0088298
63.97,0.010331
58.855000000000004,0.010323
53.74,0.011715
48.62,0.012382
43.5,0.014569
38.379999999999995,0.015467
33.265,0.018454
28.150000000000002,0.022245
23.03,0.025719
17.91,0.028419
12.795000000000002,0.040358
7.6800000000000015,0.063456
2.56,0.085558
489.99,0.0020829
484.205,0.00103
475.63500000000005,0.00098171
467.065,0.00087855
458.495,0.00085954
449.925,0.0008367
441.355,0.00082929
432.78499999999997,0.00082545
424.21500000000003,0.00082647
415.64500000000004,0.00083029
407.075,0.00083656
398.505,0.00084471
389.93500000000006,0.00085445
381.365,0.00086023
372.79499999999996,0.00086503
364.225,0.00087058
355.655,0.00087673
347.085,0.00088339
338.515,0.00089046
329.94500000000005,0.00089809
321.37499999999994,0.00091527
312.805,0.00093306
304.235,0.00095144
295.66499999999996,0.00097038
287.09499999999997,0.00098987
278.52500000000003,0.0010099
269.955,0.0010266
261.385,0.0010436
252.815,0.0010611
244.24499999999998,0.001079
235.675,0.0010973
227.105,0.0011161
218.53499999999997,0.0011332
209.965,0.0011508
201.39499999999998,0.0011689
192.82500000000002,0.0011878
184.255,0.0012076
175.68499999999997,0.0012284
167.115,0.0012481
158.545,0.0012689
149.975,0.0012914
141.405,0.0013161
132.83499999999998,0.0013435
124.265,0.0013743
115.695,0.0014093
107.125,0.0014499
98.555,0.0014974
89.98500000000001,0.0015537
81.415,0.0016214
72.845,0.0017038
64.275,0.0018049
55.705000000000005,0.0019299
47.135,0.0020848
38.565000000000005,0.0022751
29.995,0.002502
21.425,0.0027541
12.854999999999999,0.0029926
4.285,0.0031476
135.62,0.0033842
130.5,0.0031117
125.38499999999999,0.0035938
120.26999999999998,0.0030947
115.15,0.0035176
110.02999999999999,0.0038911
104.915,0.0036471
99.8,0.0042959
94.67999999999999,0.0034859
89.56,0.0049553
84.43999999999998,0.0039545
79.325,0.0052958
74.21,0.0049011
69.09000000000002,0.0054962
63.97,0.0064744
58.855000000000004,0.0067836
53.74,0.0075961
48.62,0.0083158
43.5,0.0093171
38.379999999999995,0.012301
33.265,0.014643
28.150000000000002,0.01415
23.03,0.017686
17.91,0.025804
12.795000000000002,0.033425
7.6800000000000015,0.040681
2.56,0.040986
1081.1000000000001,0.00020431
1062.95,0.00026721
1044.8,0.00019291
1026.6000000000001,0.00030721
1008.4300000000002,0.00030871
990.275,0.00040829
972.105,0.00048034
953.935,0.00055523
935.765,0.00055355
917.5899999999999,0.00053783
899.415,0.00033342
881.245,0.00053465
863.075,0.00046442
844.905,0.00064551
826.735,0.00050292
808.5649999999999,0.00055233
790.395,0.00044823
772.2249999999999,0.00052667
754.0550000000001,0.00077014
735.885,0.0007086
717.715,0.00074347
699.545,0.00056367
681.3750000000001,0.00066457
663.205,0.00054018
645.0350000000001,0.00061714
626.865,0.00044156
608.6949999999999,0.00061504
590.525,0.00058462
572.3549999999999,0.00037791
554.1850000000001,0.00066275
536.015,0.00048628
517.845,0.00076269
499.67499999999995,0.00071917
481.505,0.00069666
463.335,0.0010297
445.165,0.00071905
426.995,0.00086497
408.825,0.00061782
390.655,0.0010055
372.485,0.0011834
354.315,0.0012674
336.14500000000004,0.0012615
317.975,0.0016389
299.805,0.0014794
281.635,0.0017786
263.46500000000003,0.0014076
245.295,0.0019227
227.12500000000003,0.0024875
208.955,0.0027741
190.78499999999997,0.0030087
172.615,0.0024584
154.445,0.0026309
136.27499999999998,0.0029446
118.105,0.0033195
99.935,0.0030476
81.765,0.0031473
63.595,0.0044038
45.425,0.0054998
27.255,0.005612
9.084999999999999,0.0040496
413.605,0.00078281
409.275,0.00034725
404.945,0.00046425
400.61500000000007,0.0003909
396.28000000000003,0.00039507
391.945,0.00037977
387.61500000000007,0.00037596
383.28499999999997,0.00037156
378.95500000000004,0.00036972
374.625,0.00036881
370.295,0.000369
365.965,0.00036994
361.63500000000005,0.00037158
357.305,0.00037378
352.975,0.00037649
348.64,0.00037965
344.30499999999995,0.00038321
339.975,0.00038713
335.645,0.0003914
331.31500000000005,0.00039598
326.98499999999996,0.00040086
322.65500000000003,0.00040603
318.325,0.00041147
313.995,0.00041718
309.66499999999996,0.00042314
305.33500000000004,0.00042935
301.0,0.00043581
296.66499999999996,0.00044251
292.33500000000004,0.00044946
288.00499999999994,0.00045664
283.675,0.00046406
279.34499999999997,0.00047172
275.015,0.00047961
270.68499999999995,0.00048598
266.355,0.00049231
262.025,0.0004988
257.695,0.00050545
253.36000000000004,0.00051224
249.025,0.00051918
244.695,0.00052627
240.365,0.0005335
236.035,0.00054089
231.70499999999998,0.00054841
227.375,0.00055608
223.045,0.00056389
218.715,0.00057184
214.385,0.00057994
210.05,0.00058819
205.715,0.00059658
201.38500000000002,0.00060511
197.055,0.0006138
192.725,0.00062263
188.395,0.00063163
184.065,0.00064078
179.735,0.00065011
175.405,0.0006606
171.07500000000002,0.00067327
166.745,0.00068629
162.41,0.00069969
158.075,0.00071349
153.745,0.00072773
149.415,0.00074245
145.08499999999998,0.00075769
140.755,0.0007735
136.42499999999998,0.00078994
132.095,0.0008071
127.76499999999999,0.00082504
123.43499999999999,0.00084389
119.105,0.00086375
114.77000000000001,0.00088477
110.435,0.00090711
106.105,0.00093097
101.775,0.00095657
97.44500000000001,0.00098418
93.11500000000001,0.0010141
88.785,0.0010467
84.455,0.0010824
80.125,0.0011216
75.795,0.0011649
71.46,0.0012129
67.125,0.0012661
62.795,0.0013253
58.465,0.0013912
54.135000000000005,0.0014643
49.805,0.0015451
45.475,0.0016342
41.145,0.0017313
36.815,0.0018359
32.485,0.0019467
28.155,0.0020612
23.82,0.0021759
19.485,0.0022858
15.154999999999998,0.0023849
10.825,0.0024662
6.494999999999999,0.0025233
2.165,0.0025517
189.47,0.0041304
184.795,0.0018423
180.12,0.002448
175.44,0.0020671
170.76,0.0021104
166.08,0.0020598
161.39999999999998,0.0020698
156.725,0.0020782
152.05,0.0021021
147.37,0.0021392
142.69,0.0021844
138.01000000000002,0.0022364
133.33,0.002295
128.655,0.0023532
123.97999999999999,0.0024155
119.29999999999998,0.0024836
114.62,0.0025575
109.94000000000001,0.0026317
105.25999999999999,0.0026955
100.58500000000001,0.0027638
95.91,0.0028365
91.23,0.0029149
86.54999999999998,0.0030066
81.87,0.0031033
77.19000000000001,0.0032046
72.515,0.0033105
67.84000000000002,0.0034305
63.16,0.0035873
58.480000000000004,0.0037497
53.8,0.0039168
49.12,0.0040872
44.445,0.0042594
39.77,0.0044312
35.089999999999996,0.0046004
30.41,0.0047639
25.730000000000004,0.0049187
21.05,0.0050615
16.375,0.0051888
11.700000000000001,0.0052974
7.0200000000000005,0.0053846
2.34,0.0054488
584.1350000000001,0.00056955
568.13,0.00061352
552.13,0.00070754
536.125,0.00070396
520.12,0.00089974
504.11499999999995,0.00089435
488.11,0.00083627
472.11,0.0010424
456.10499999999996,0.0011209
440.09999999999997,0.0012972
424.1,0.0012749
408.09499999999997,0.0012567
392.09,0.0010004
376.085,0.0011163
360.08,0.0012384
344.08,0.0016642
328.075,0.0017104
312.07,0.0017456
296.07,0.0019363
280.065,0.002123
264.06,0.0023436
248.06,0.002472
232.055,0.0024492
216.05,0.0027047
200.045,0.0029633
184.04,0.0032653
168.04,0.0036889
152.03499999999997,0.0037128
136.02999999999997,0.0042602
120.03,0.0041828
104.025,0.0052363
88.01999999999998,0.0059207
72.015,0.0051171
56.01,0.0063218
40.01,0.0076462
24.005,0.011879
8.0,0.014242
698.095,0.00035082
681.665,0.00041075
665.24,0.00041706
648.8149999999999,0.00040026
632.39,0.00040539
615.965,0.00051248
599.54,0.00048002
583.115,0.00054038
566.685,0.00053866
550.26,0.0004068
533.835,0.00057915
517.41,0.00053267
500.985,0.00063805
484.56,0.0004905
468.135,0.00067141
451.70500000000004,0.00058305
435.28,0.00072844
418.85499999999996,0.00072514
402.43,0.00098089
386.00500000000005,0.00095972
369.58000000000004,0.000942
353.155,0.00096966
336.7250000000001,0.00099896
320.3,0.0010288
303.875,0.00098928
287.45,0.0011165
271.025,0.0012962
254.6,0.001311
238.175,0.0012711
221.745,0.0014487
205.32,0.0017379
188.895,0.0018697
172.47,0.0020554
156.045,0.0022935
139.62,0.0026264
123.195,0.0027126
106.765,0.0024933
90.34,0.0031826
73.91499999999999,0.0030868
57.49,0.0040682
41.065,0.0034751
24.639999999999997,0.0049036
8.215,0.0058367
762.255,0.00038795
745.505,0.00018528
728.75,0.00021893
711.9949999999999,0.00019864
695.245,0.00017544
678.49,0.00019987
661.735,0.00016376
644.985,0.00022678
628.235,0.00023055
611.48,0.00020002
594.7249999999999,0.00020572
577.975,0.00020883
561.22,0.00028697
544.465,0.00026415
527.7149999999999,0.00026067
510.965,0.00024438
494.21,0.00027508
477.455,0.00027935
460.70500000000004,0.00030272
443.95,0.00033686
427.195,0.00033426
410.445,0.00036306
393.695,0.00039377
376.94,0.00042903
360.185,0.00040693
343.43500000000006,0.00034332
326.68,0.0003948
309.925,0.00042454
293.17499999999995,0.00059603
276.425,0.0005674
259.67,0.00074664
242.915,0.0007143
226.165,0.00091316
209.41,0.00086905
192.655,0.0010999
175.905,0.0011923
159.155,0.0014008
142.4,0.0013095
125.64500000000001,0.0014939
108.895,0.001755
92.14,0.0019306
75.385,0.0025028
58.635,0.0028014
41.885,0.0035078
25.13,0.0043547
8.375,0.0061957
81.32000000000001,0.0061806
79.675,0.0029193
78.03,0.0037263
76.39,0.0032997
74.75,0.0033604
73.105,0.0032374
71.46,0.0030456
69.82,0.0031125
68.18,0.0030913
66.53500000000001,0.003099
64.89,0.0031277
63.25,0.0031591
61.605,0.0032203
59.96,0.0032769
58.32,0.0032366
56.68,0.0033111
55.035000000000004,0.0033239
53.39,0.0032524
51.75000000000001,0.0032611
50.105,0.0033285
48.46,0.0034907
46.82,0.0036451
45.18,0.003758
43.535,0.0038966
41.88999999999999,0.0039245
40.25,0.0041604
38.605000000000004,0.0044476
36.96,0.0047138
35.32000000000001,0.0049951
33.68,0.0050994
32.035000000000004,0.0052474
30.39,0.005354
28.749999999999996,0.0054591
27.105,0.0057247
25.46,0.0060367
23.82,0.0064462
22.18,0.0067132
20.534999999999997,0.0070719
18.889999999999997,0.0077714
17.25,0.0084714
15.61,0.0090109
13.965,0.0097601
12.32,0.010774
10.68,0.010898
9.035000000000002,0.013122
7.390000000000001,0.017497
5.75,0.022314
4.11,0.027518
2.4650000000000003,0.030876
0.82,0.036569
587.5200000000001,0.00033401
569.4399999999999,0.00049952
551.3600000000001,0.00048605
533.285,0.00056275
515.2099999999999,0.00054231
497.13,0.00070388
479.04999999999995,0.00055854
460.975,0.00055995
442.90000000000003,0.0005446
424.82,0.00072779
406.74,0.00079327
388.665,0.00098219
370.59,0.00098194
352.51,0.0010357
334.43,0.00098399
316.355,0.0012661
298.28,0.0013319
280.2,0.0014536
262.12,0.001495
244.04500000000002,0.0018146
225.97,0.0021078
207.89000000000001,0.0022564
189.80999999999997,0.0026793
171.73499999999999,0.0030645
153.66000000000003,0.0037302
135.58,0.0040577
117.50000000000001,0.0046753
99.425,0.0051502
81.35000000000001,0.0052782
63.269999999999996,0.0062528
45.19,0.0064504
27.115000000000002,0.007571
9.04,0.0081435
570.795,0.00017502
553.23,0.00028653
535.67,0.00039342
518.105,0.00047986
500.53999999999996,0.00060115
482.97999999999996,0.00033919
465.42,0.00049762
447.855,0.00054285
430.29,0.00041927
412.72999999999996,0.00063895
395.16499999999996,0.00068544
377.59999999999997,0.00072508
360.04,0.00080773
342.48,0.00022726
324.915,0.0011647
307.35,0.00060146
289.78999999999996,0.0013621
272.225,0.0012053
254.66,0.0012043
237.09999999999997,0.0017544
219.53499999999997,0.0016566
201.96999999999997,0.0017124
184.41000000000003,0.0018856
166.85,0.0028159
149.285,0.0026942
131.72,0.0031149
114.16,0.0035762
96.595,0.0050288
79.03,0.0059401
61.470000000000006,0.0063933
43.910000000000004,0.011059
26.345,0.016942
8.78,0.028121
799.81,0.0013368
780.6149999999999,0.00064088
755.025,0.0007148
729.4300000000001,0.00068452
703.835,0.00064565
678.24,0.00072509
652.645,0.00072308
627.0550000000001,0.00089477
601.46,0.00091893
575.865,0.00097274
550.27,0.00089398
524.675,0.0009965
499.085,0.0010789
473.48999999999995,0.0012265
447.895,0.0012815
422.3,0.0014888
396.705,0.0015794
371.11499999999995,0.0016558
345.52000000000004,0.0019312
319.925,0.0021739
294.33,0.0024846
268.735,0.0024621
243.145,0.002791
217.54999999999998,0.003036
191.95499999999998,0.0032663
166.36,0.0034132
140.76500000000001,0.0035828
115.175,0.0042615
89.58,0.0043546
63.985,0.0048407
38.39,0.0044181
12.795000000000002,0.0049154
289.195,0.00175
274.36499999999995,0.0017589
259.535,0.0022346
244.705,0.0019397
229.875,0.0021258
215.04000000000002,0.0019468
200.20499999999998,0.0032289
185.375,0.0033986
170.54500000000002,0.0039001
155.715,0.0044554
140.885,0.0059087
126.055,0.0051443
111.225,0.007362
96.39500000000001,0.0091997
81.565,0.0098296
66.73499999999999,0.014673
51.905,0.015042
37.074999999999996,0.023961
22.245,0.045562
7.415,0.074562
499.76,0.00070946
493.315,0.00070396
486.865,0.00074273
480.415,0.00079719
473.965,0.00081503
467.515,0.00080228
461.065,0.00078419
454.62,0.00081427
448.175,0.00077671
441.725,0.00082295
435.275,0.0007907
428.825,0.00090353
422.375,0.0008774
415.925,0.00093424
409.48,0.00088978
403.035,0.00093744
396.585,0.00094662
390.135,0.0009514
383.685,0.00093115
377.235,0.00093661
370.79,0.001032
364.345,0.0010894
357.895,0.0011372
351.445,0.0010604
344.995,0.001075
338.54499999999996,0.0010674
332.095,0.0012074
325.65,0.0012312
319.205,0.0013123
312.755,0.0012855
306.30500000000006,0.0013607
299.85499999999996,0.001377
293.40500000000003,0.0014105
286.955,0.0013944
280.51,0.001402
274.065,0.00144
267.61500000000007,0.0014909
261.16499999999996,0.0015418
254.71500000000003,0.0015941
248.26500000000001,0.0016415
241.82,0.0017183
235.375,0.0017363
228.92499999999998,0.0017893
222.475,0.0017294
216.025,0.0016948
209.57500000000002,0.0016005
203.125,0.0015998
196.68,0.001673
190.23499999999999,0.0017704
183.785,0.0018765
177.33499999999998,0.0019426
170.88500000000002,0.0019959
164.435,0.0020002
157.98499999999999,0.0019243
151.54000000000002,0.0019162
145.095,0.0020179
138.645,0.0022295
132.195,0.0024341
125.74499999999999,0.0025044
119.29500000000002,0.0025679
112.845,0.0025846
106.39999999999999,0.0026587
99.95499999999998,0.0027395
93.50500000000001,0.0028008
87.05499999999999,0.003005
80.605,0.0031406
74.155,0.0035048
67.71000000000001,0.0037067
61.265,0.0040998
54.815000000000005,0.0041479
48.364999999999995,0.0045292
41.915,0.0047297
35.464999999999996,0.0052069
29.015,0.0053545
22.57,0.005298
16.125,0.0057906
9.674999999999999,0.0070274
3.225,0.0092133
241.82999999999998,0.0020847
239.445,0.0008911
237.06,0.0012005
234.68,0.00098734
232.3,0.00098767
229.91500000000002,0.00093489
227.53,0.00091503
225.15,0.00089318
222.76999999999998,0.0008784
220.385,0.00086601
218.0,0.00085653
215.62,0.00084903
213.23999999999998,0.00084329
210.85500000000002,0.000839
208.47,0.00083595
206.09,0.00083398
203.71,0.00083295
201.32500000000002,0.00083277
198.94,0.00083335
196.56,0.00083462
194.17999999999998,0.00083653
191.795,0.00083903
189.41,0.00084209
187.03,0.00084566
184.65,0.00084972
182.26500000000001,0.00085426
179.88,0.00085925
177.5,0.00086564
175.12,0.00087264
172.735,0.00088008
170.35,0.00088795
167.97,0.00089625
165.59,0.00090498
163.20499999999998,0.00091412
160.82,0.0009237
158.44,0.00093369
156.06,0.00094412
153.675,0.00095497
151.29000000000002,0.00096626
148.91,0.00097799
146.53,0.00099016
144.14499999999998,0.0010028
141.76,0.0010159
139.38,0.0010294
137.0,0.0010435
134.61499999999998,0.0010581
132.23000000000002,0.0010732
129.85,0.0010888
127.47,0.0011049
125.08500000000001,0.0011215
122.7,0.0011387
120.32000000000001,0.0011565
117.935,0.0011748
115.55,0.0011937
113.16999999999999,0.0012132
110.79,0.0012333
108.405,0.001254
106.02000000000001,0.0012754
103.64000000000001,0.0012974
101.26,0.0013191
98.875,0.0013365
96.49,0.0013543
94.11,0.0013726
91.73,0.0013913
89.34500000000001,0.0014104
86.96000000000001,0.0014299
84.58,0.0014498
82.19999999999999,0.0014701
79.815,0.0014908
77.42999999999999,0.0015118
75.05000000000001,0.0015332
72.67,0.0015548
70.285,0.0015767
67.9,0.0015989
65.52,0.0016212
63.14,0.0016436
60.755,0.0016661
58.370000000000005,0.0016886
55.989999999999995,0.0017111
53.61000000000001,0.0017334
51.225,0.0017554
48.839999999999996,0.0017771
46.46,0.0017984
44.07999999999999,0.0018191
41.69499999999999,0.0018391
39.309999999999995,0.0018582
36.93000000000001,0.0018764
34.55,0.0018934
32.165,0.0019092
29.78,0.0019234
27.400000000000002,0.0019361
25.02,0.001947
22.635,0.001956
20.25,0.0019629
17.87,0.0019676
15.49,0.0019699
13.105,0.0019698
10.72,0.0019671
8.34,0.0019617
498.215,0.00086617
491.525,0.00085999
484.84,0.00084011
478.155,0.00097497
471.46500000000003,0.00098085
464.775,0.0010776
458.09,0.0009964
451.405,0.0010223
444.715,0.00097878
438.03000000000003,0.0010589
431.34499999999997,0.0010544
424.65500000000003,0.0011354
417.96500000000003,0.001097
411.28,0.001107
404.595,0.0011141
397.90500000000003,0.0011708
391.215,0.0012342
384.53,0.0012004
377.84499999999997,0.0011868
371.15500000000003,0.00115
364.46500000000003,0.001126
357.78,0.0011851
351.09499999999997,0.0012611
344.405,0.0013904
337.715,0.0013843
331.03,0.001385
324.34499999999997,0.0014152
317.65500000000003,0.001484
310.965,0.0015902
304.28,0.0016314
297.59499999999997,0.001677
290.905,0.0016872
284.215,0.0017
277.53,0.0017701
270.845,0.0017856
264.15500000000003,0.001877
257.465,0.0019004
250.78,0.0020131
244.095,0.0020701
237.40499999999997,0.0021701
230.715,0.0022539
224.03,0.0023876
217.345,0.0025454
210.65499999999997,0.0026858
203.965,0.0028384
197.28,0.0029752
190.59500000000003,0.0031384
183.90499999999997,0.0032537
177.215,0.0034278
170.53,0.0035745
163.84500000000003,0.0037109
157.155,0.0038049
150.465,0.0039063
143.78000000000003,0.0040421
137.09500000000003,0.00421
130.405,0.0044051
123.715,0.0045747
117.03,0.004608
110.345,0.0046346
103.655,0.004865
96.96499999999999,0.005123
90.28,0.0054927
83.595,0.0055421
76.905,0.0057458
70.215,0.0058199
63.53,0.0060454
56.845,0.0061794
50.155,0.0065079
43.465,0.0069536
36.78,0.0075667
30.094999999999995,0.0076316
23.405,0.00764
16.715,0.0074199
10.030000000000001,0.0083288
3.3449999999999998,0.0099294
115.445,0.012686
113.655,0.0059436
111.865,0.00787
110.075,0.0070464
108.285,0.0072393
106.495,0.0072826
104.705,0.0075628
102.915,0.007757
101.12499999999999,0.0082969
99.33500000000001,0.0083431
97.54499999999999,0.0091432
95.75500000000001,0.00964
93.96499999999999,0.010432
92.17500000000001,0.01112
90.38499999999999,0.011276
88.59500000000001,0.011853
86.80499999999999,0.011461
85.015,0.011269
83.225,0.011305
81.435,0.011426
79.645,0.011605
77.855,0.011486
76.065,0.011905
74.275,0.012256
72.49,0.012876
70.70499999999998,0.012677
68.915,0.013551
67.12499999999999,0.014435
65.33500000000001,0.015295
63.54499999999999,0.016325
61.754999999999995,0.017195
59.964999999999996,0.017663
58.175,0.01813
56.385,0.019268
54.595,0.020048
52.805,0.021058
51.015,0.021631
49.225,0.022777
47.434999999999995,0.023141
45.644999999999996,0.023457
43.855,0.024697
42.065,0.025331
40.275,0.025621
38.485,0.026421
36.695,0.028002
34.905,0.027276
33.115,0.028542
31.325,0.029542
29.535,0.032482
27.744999999999997,0.033135
25.955,0.037421
24.165,0.039213
22.375,0.044566
20.585,0.047741
18.794999999999998,0.047565
17.005,0.050707
15.215,0.051657
13.424999999999999,0.054032
11.635,0.052382
9.844999999999999,0.045787
8.055,0.039337
6.265,0.045186
4.475,0.043782
2.685,0.040269
0.895,0.038041
659.9150000000001,0.0012772
655.03,0.00065563
646.895,0.00042223
638.76,0.00051632
630.62,0.00065235
622.4849999999999,0.00041347
614.3499999999999,0.00038201
606.21,0.00054986
598.075,0.00054228
589.94,0.00044652
581.8,0.00061682
573.6600000000001,0.00060429
565.5250000000001,0.00060958
557.3900000000001,0.00066159
549.25,0.00058589
541.115,0.00075177
532.98,0.00052831
524.8399999999999,0.00098192
516.6999999999999,0.00060661
508.56499999999994,0.00096777
500.42999999999995,0.0007994
492.29,0.00094468
484.15500000000003,0.0011721
476.02,0.00093204
467.87999999999994,0.0012657
459.74499999999995,0.0012052
451.60999999999996,0.0013309
443.47,0.0012608
435.33,0.0014112
427.195,0.0013569
419.06,0.0016895
410.92,0.0016906
402.785,0.0016692
394.65,0.0017412
386.51000000000005,0.0015462
378.37,0.0017788
370.23499999999996,0.0019496
362.09999999999997,0.0017237
353.96,0.0021378
345.825,0.0020011
337.69000000000005,0.0022213
329.55,0.0022103
321.415,0.0021866
313.28000000000003,0.0021934
305.14,0.0024507
297.00000000000006,0.0023821
288.86500000000007,0.0028663
280.73,0.0026705
272.59,0.0026764
264.455,0.0031035
256.32,0.0029678
248.17999999999998,0.0033632
240.04,0.0036775
231.905,0.0033967
223.77,0.0036945
215.63,0.0042593
207.49499999999998,0.0044256
199.35999999999999,0.0044752
191.22,0.0048451
183.085,0.005136
174.95,0.005634
166.81,0.0064346
158.67,0.0063347
150.53499999999997,0.0066482
142.4,0.0076852
134.26,0.007846
126.12499999999999,0.0086904
117.99,0.009332
109.85000000000001,0.010176
101.71,0.011261
93.575,0.012668
85.44,0.013299
77.30000000000001,0.014582
69.165,0.016871
61.03,0.018643
52.89,0.022131
44.755,0.024347
36.62,0.029097
28.48,0.039445
20.34,0.053025
12.205,0.075614
4.069999999999999,0.10789
78.795,0.0056211
75.705,0.0064783
72.615,0.0062508
69.525,0.0064001
66.43499999999999,0.0070195
63.345,0.0068599
60.255,0.0073002
57.165,0.0083798
54.074999999999996,0.0095627
50.985,0.0094633
47.895,0.0097389
44.805,0.0090445
41.715,0.01076
38.625,0.011893
35.535,0.013991
32.445,0.013637
29.355,0.015502
26.265,0.017891
23.175,0.020671
20.084999999999997,0.020525
16.995,0.024202
13.905000000000001,0.030833
10.815,0.038999
7.7250000000000005,0.041174
4.635,0.066705
1.545,0.08523
762.58,0.0012752
747.79,0.00071157
731.355,0.0008464
714.92,0.00071054
698.485,0.00070971
682.0500000000001,0.00061363
665.6150000000001,0.00072567
649.18,0.00069697
632.745,0.00078331
616.3100000000001,0.00074474
599.8749999999999,0.00071982
583.4399999999999,0.00077781
567.005,0.00091011
550.57,0.0010216
534.135,0.0010445
517.7,0.0011411
501.2650000000001,0.001251
484.83,0.001505
468.395,0.0015016
451.96000000000004,0.0015738
435.52500000000003,0.0015232
419.09000000000003,0.0016647
402.655,0.001714
386.22,0.0016782
369.785,0.0018297
353.35,0.0019269
336.91499999999996,0.002041
320.47999999999996,0.0022908
304.045,0.002375
287.61,0.0024511
271.17500000000007,0.0022944
254.74,0.0022666
238.30499999999998,0.0023518
221.87,0.0023278
205.435,0.0024759
189.0,0.0025428
172.565,0.0025716
156.13,0.0027312
139.69500000000002,0.0024987
123.26,0.0028549
106.825,0.0028205
90.39,0.003375
73.95500000000001,0.003219
57.52,0.0033204
41.084999999999994,0.0031557
24.650000000000002,0.0035261
8.215,0.0041307
791.09,0.00027084
771.555,0.00030102
752.025,0.00029581
732.4900000000001,0.00031241
712.955,0.00037337
693.425,0.0003974
673.895,0.00041649
654.36,0.00040285
634.8249999999999,0.00050431
615.295,0.00048851
595.7600000000001,0.00052152
576.225,0.00048091
556.6949999999999,0.00058399
537.1600000000001,0.00055738
517.625,0.00055484
498.09499999999997,0.00058194
478.56,0.00056903
459.02500000000003,0.00061009
439.49499999999995,0.00056191
419.96500000000003,0.00061249
400.43,0.00064404
380.895,0.00066612
361.36500000000007,0.00074497
341.83000000000004,0.00072941
322.295,0.00073103
302.76499999999993,0.00071044
283.22999999999996,0.00075909
263.695,0.00082402
244.165,0.00081822
224.63,0.00078436
205.095,0.0008263
185.565,0.0010585
166.03,0.0010428
146.49499999999998,0.00095714
126.96499999999999,0.0010766
107.435,0.0013467
87.9,0.0019915
68.36500000000001,0.0026633
48.835,0.0032622
29.3,0.0038055
9.764999999999999,0.0044179
313.28999999999996,0.0015614
311.3,0.00082398
308.45500000000004,0.00081209
305.61000000000007,0.0007223
302.77,0.00074972
299.925,0.00073128
297.08,0.00075104
294.24,0.0007091
291.4,0.00078297
288.555,0.00079415
285.71000000000004,0.00074306
282.86999999999995,0.00068778
280.025,0.00074424
277.18,0.00087431
274.34000000000003,0.00088816
271.49999999999994,0.00087704
268.655,0.00077527
265.81,0.00076324
262.97,0.00076826
260.125,0.00082766
257.28,0.0008456
254.44,0.00082544
251.60000000000005,0.00089544
248.755,0.00082509
245.91000000000003,0.00074937
243.07000000000002,0.00067914
240.22500000000002,0.00083606
237.38,0.00083843
234.54,0.00079847
231.695,0.00066987
228.85,0.00066803
226.01,0.00078361
223.17000000000002,0.0008164
220.325,0.00086971
217.48000000000002,0.0007719
214.64,0.00085706
211.79500000000002,0.00086869
208.95,0.00093618
206.11,0.00081732
203.27,0.0008579
200.425,0.00086185
197.58,0.00090648
194.74,0.0010162
191.89499999999998,0.0010465
189.04999999999998,0.0010283
186.20999999999998,0.00084603
183.37,0.00088315
180.52499999999998,0.00087611
177.68,0.0010153
174.84,0.0010051
171.995,0.0011142
169.15,0.0010471
166.31,0.00098778
163.47,0.0010604
160.62500000000003,0.0012617
157.78,0.0012602
154.94,0.0012512
152.09499999999997,0.001197
149.25,0.0012436
146.41,0.0012488
143.57,0.001217
140.725,0.0013556
137.88,0.0013459
135.04,0.0011787
132.195,0.0012169
129.35,0.0012626
126.51,0.0014957
123.66499999999999,0.0014941
120.82000000000001,0.0014976
117.98,0.0015221
115.13999999999999,0.0014844
112.295,0.0016508
109.44999999999999,0.0015417
106.61000000000001,0.0016379
103.765,0.0015753
100.92000000000002,0.0016169
98.08,0.0016411
95.24,0.0017131
92.39500000000001,0.0019307
89.55,0.0019186
86.71000000000001,0.0019008
83.865,0.0019776
81.02000000000001,0.0021641
78.17999999999999,0.0021849
75.33999999999999,0.0018398
72.495,0.0020954
69.64999999999999,0.0021609
66.81,0.002479
63.964999999999996,0.0022124
61.12,0.002023
58.28,0.0022892
55.440000000000005,0.0024198
52.595000000000006,0.0025373
49.75,0.0024436
46.910000000000004,0.0023624
44.065,0.0027251
41.22,0.002511
38.379999999999995,0.0032344
35.535,0.0031761
32.69,0.0032152
29.85,0.0018592
27.009999999999998,0.0022928
24.165,0.0030575
21.32,0.0037963
18.48,0.0052665
15.635,0.005589
12.79,0.0077325
9.950000000000001,0.0084843
7.11,0.01247
4.265,0.021113
1.42,0.033795
329.9,0.0014568
321.49499999999995,0.00090117
311.605,0.00098891
301.71000000000004,0.00088029
291.81500000000005,0.00082831
281.92499999999995,0.00080045
272.035,0.00083975
262.14,0.00094928
252.245,0.00094306
242.355,0.0010162
232.465,0.00099041
222.575,0.0010393
212.67999999999998,0.0010774
202.785,0.0010322
192.89499999999998,0.0011103
183.005,0.0010317
173.11499999999998,0.00099903
163.21999999999997,0.001035
153.325,0.0013648
143.435,0.0015174
133.545,0.0014867
123.65499999999999,0.0015458
113.76,0.0014975
103.865,0.0017607
93.97500000000001,0.0017818
84.085,0.0020058
74.19000000000001,0.0022371
64.29499999999999,0.0023209
54.404999999999994,0.0022734
44.515,0.0021931
34.625,0.0022837
24.73,0.0026563
14.834999999999999,0.0030397
4.944999999999999,0.0038148
177.915,0.003981
174.72,0.0017605
170.96,0.0021873
167.20000000000002,0.0019127
163.445,0.0019548
159.69,0.0018908
155.93,0.0018212
152.17,0.0018103
148.41500000000002,0.0017856
144.66000000000003,0.0018568
140.9,0.0018109
137.14,0.0018452
133.38499999999996,0.0018265
129.63,0.0018744
125.87,0.001825
122.115,0.0019285
118.36,0.0020078
114.60000000000001,0.0020767
110.83999999999999,0.0020477
107.085,0.0019574
103.33,0.0020794
99.57,0.0022529
95.81,0.0022273
92.05499999999999,0.002155
88.29999999999998,0.002116
84.54,0.0023455
80.77999999999999,0.0023909
77.02499999999999,0.002714
73.27,0.0027326
69.50999999999999,0.0026743
65.75,0.0026738
61.995,0.0027605
58.24,0.0033631
54.480000000000004,0.0032654
50.725,0.0035398
46.97,0.0035727
43.21,0.0038094
39.449999999999996,0.0042879
35.69500000000001,0.0044723
31.940000000000005,0.0051545
28.18,0.0059313
24.42,0.0062217
20.665000000000003,0.0063756
16.91,0.0058171
13.15,0.0063969
9.39,0.0068282
5.635000000000001,0.0072448
1.88,0.0073727
323.58,0.0017069
309.20000000000005,0.0016871
294.82,0.0010717
280.44,0.0020981
266.05999999999995,0.0015233
251.68,0.0023392
237.29500000000002,0.0022778
222.91,0.0030397
208.53,0.0031892
194.14999999999998,0.0038015
179.76999999999998,0.0034666
165.39000000000001,0.0035633
151.01000000000002,0.004956
136.625,0.0056501
122.23999999999998,0.0055157
107.86,0.00734
93.48,0.0080323
79.10000000000001,0.0091063
64.72,0.01223
50.335,0.01091
35.949999999999996,0.014574
21.57,0.019841
7.19,0.012385
675.2249999999999,0.00029047
653.7900000000001,0.00027586
632.355,0.00020879
610.92,0.00037007
589.48,0.00026428
568.0450000000001,0.00023888
546.61,0.00034609
525.175,0.00032464
503.74000000000007,0.00035737
482.305,0.00047229
460.87,0.00027326
439.43,0.00050287
417.995,0.00050741
396.56,0.00045849
375.12500000000006,0.00052928
353.69,0.00090978
332.255,0.00054253
310.82,0.00077253
289.38,0.00098548
267.945,0.0010575
246.51000000000002,0.001156
225.075,0.0012505
203.64,0.0014988
182.205,0.001827
160.77,0.0021445
139.33,0.0026354
117.895,0.0031496
96.46,0.0041583
75.025,0.0047223
53.589999999999996,0.0056696
32.155,0.00842
10.72,0.012905
508.46999999999997,0.0020596
502.55499999999995,0.00083087
495.985,0.0010566
489.415,0.00099789
482.84499999999997,0.0010261
476.275,0.00096336
469.70500000000004,0.00095785
463.14,0.00089348
456.575,0.0010824
450.005,0.00092865
443.435,0.0010451
436.865,0.00091233
430.29499999999996,0.001004
423.725,0.0009245
417.155,0.0010408
410.585,0.0011435
404.015,0.0010661
397.445,0.0011578
390.875,0.00097785
384.305,0.0011823
377.73500000000007,0.0011567
371.16499999999996,0.0012577
364.595,0.0011828
358.03000000000003,0.0012325
351.46500000000003,0.0013142
344.895,0.0013826
338.325,0.0013734
331.755,0.0014249
325.185,0.0014734
318.615,0.001579
312.045,0.0015767
305.475,0.0015948
298.905,0.0016564
292.33500000000004,0.0017238
285.765,0.0017805
279.195,0.0019271
272.625,0.0019388
266.05500000000006,0.0020421
259.49,0.0018824
252.925,0.0022179
246.355,0.0022686
239.785,0.002391
233.215,0.0024202
226.64499999999998,0.0024775
220.07500000000002,0.0025811
213.505,0.0025965
206.93499999999997,0.0029287
200.365,0.0026955
193.795,0.0029187
187.225,0.0030961
180.655,0.0034707
174.08499999999998,0.0037086
167.515,0.0036929
160.945,0.0039023
154.38000000000002,0.0041205
147.815,0.0042926
141.245,0.0046578
134.67499999999998,0.0046281
128.105,0.0048787
121.53500000000001,0.0050594
114.965,0.0053629
108.395,0.0058464
101.825,0.0062721
95.25500000000001,0.0066258
88.685,0.0068236
82.115,0.0073352
75.545,0.008009
68.97500000000001,0.0086554
62.405,0.0089285
55.834999999999994,0.0095819
49.27,0.0096592
42.705,0.010075
36.135,0.010336
29.565,0.011627
22.995,0.010988
16.424999999999997,0.012366
9.855,0.011003
3.285,0.013771
863.675,0.0010101
850.87,0.00072549
835.81,0.00072914
820.7500000000001,0.00068441
805.69,0.00057965
790.63,0.00067749
775.575,0.00062269
760.5200000000001,0.00071736
745.46,0.0005855
730.4,0.00062506
715.34,0.00076031
700.28,0.00077013
685.2199999999999,0.00077635
670.1600000000001,0.00076592
655.1,0.00088458
640.04,0.00091739
624.9800000000001,0.00089567
609.9200000000001,0.00086136
594.8599999999999,0.00074945
579.8,0.00084512
564.74,0.00082757
549.68,0.00094477
534.62,0.0008208
519.5600000000001,0.0009282
504.49999999999994,0.00095513
489.44,0.0011098
474.38,0.0011309
459.32,0.0013557
444.26,0.0014383
429.20000000000005,0.0013706
414.14,0.0013545
399.08,0.0011567
384.02000000000004,0.0014902
368.96,0.0014321
353.9,0.0016975
338.84000000000003,0.0016956
323.78,0.0018724
308.71999999999997,0.0019767
293.66,0.0020875
278.59999999999997,0.0021241
263.545,0.0019739
248.49,0.002334
233.43,0.0023339
218.37,0.0028212
203.31,0.0025173
188.25,0.0030483
173.19,0.002897
158.13,0.0036305
143.07,0.0039839
128.01000000000002,0.0048032
112.94999999999999,0.0050812
97.89,0.0058445
82.83,0.0064782
67.77,0.0072769
52.71,0.0083504
37.650000000000006,0.0098677
22.59,0.010238
7.53,0.0097252
799.8499999999999,0.00058685
779.6050000000001,0.00069914
759.355,0.00068124
739.1049999999999,0.00065196
718.855,0.00064599
698.6049999999999,0.00072582
678.355,0.00073317
658.1049999999999,0.00089656
637.855,0.00095517
617.6049999999999,0.0010517
597.3550000000001,0.001085
577.105,0.0010809
556.8550000000001,0.0010862
536.605,0.0012047
516.3549999999999,0.0013315
496.105,0.0013506
475.86,0.0012082
455.615,0.0012834
435.365,0.0015835
415.115,0.0017888
394.865,0.0019688
374.615,0.0020662
354.365,0.0020108
334.115,0.0021733
313.865,0.0023938
293.615,0.002823
273.36499999999995,0.0027054
253.11499999999998,0.0032052
232.86499999999998,0.0035577
212.615,0.0043472
192.365,0.0046724
172.115,0.0051566
151.87,0.0056238
131.625,0.0060416
111.375,0.0068963
91.12500000000001,0.0072525
70.875,0.0067646
50.625,0.0074135
30.375,0.010557
10.125,0.016487
215.35999999999999,0.00060156
208.51999999999998,0.00065672
201.685,0.00063506
194.85,0.0004253
188.01000000000002,0.00067867
181.175,0.0006113
174.34,0.00068794
167.49999999999997,0.00076362
160.665,0.00075496
153.82999999999998,0.00079631
146.99,0.000683
140.155,0.00082655
133.32,0.0010043
126.47999999999998,0.00095254
119.645,0.001106
112.80999999999999,0.0010296
105.97000000000001,0.0011709
99.135,0.0012957
92.3,0.0013852
85.46000000000001,0.0017157
78.61999999999999,0.0014338
71.785,0.0018773
64.95,0.0017625
58.11,0.0021622
51.275,0.0023251
44.44,0.0024609
37.6,0.0031254
30.765,0.0033127
23.93,0.0040922
17.09,0.0049061
10.255,0.0066241
3.42,0.0092618
392.79999999999995,0.0035044
387.6,0.0015761
382.40000000000003,0.0020047
377.195,0.0016477
371.99,0.0016559
366.79,0.0016218
361.59,0.0015812
356.38499999999993,0.0014963
351.18,0.0015019
345.98,0.0015395
340.77500000000003,0.0014795
335.57000000000005,0.0015042
330.37,0.0014761
325.17,0.0015053
319.965,0.0015086
314.76,0.0014527
309.56,0.001441
304.35999999999996,0.0014509
299.155,0.0015758
293.95,0.0016224
288.75,0.0016691
283.54999999999995,0.0014527
278.34499999999997,0.0015465
273.14,0.0015354
267.94,0.0016767
262.735,0.0016743
257.53,0.0017445
252.33,0.0018399
247.13000000000002,0.001788
241.925,0.0016895
236.72,0.0017167
231.52,0.0017829
226.32000000000002,0.0019522
221.115,0.0017787
215.91,0.0020168
210.71,0.0018734
205.505,0.0020893
200.29999999999998,0.0020724
195.1,0.0021157
189.9,0.0021348
184.695,0.0021711
179.48999999999998,0.0022941
174.29,0.0022639
169.09000000000003,0.0022395
163.885,0.0022693
158.67999999999998,0.0023563
153.48000000000002,0.0023791
148.28,0.0024158
143.07500000000002,0.0024232
137.87,0.0023966
132.67000000000002,0.0023969
127.46499999999999,0.0024402
122.26,0.0027885
117.06,0.0029199
111.86,0.0031846
106.655,0.0031896
101.45,0.0036117
96.25,0.003746
91.05,0.0038995
85.845,0.0039347
80.63999999999999,0.0039749
75.44000000000001,0.0038886
70.23499999999999,0.004068
65.03,0.0041616
59.83,0.0043729
54.629999999999995,0.0038224
49.425,0.0041686
44.22,0.0041438
39.019999999999996,0.0050659
33.82,0.0049531
28.615000000000002,0.0051328
23.41,0.0048821
18.21,0.0054767
13.010000000000002,0.0059762
7.805000000000001,0.0069713
2.6,0.008065
999.225,0.00027523
981.8599999999999,0.00022321
964.48,0.0002932
947.1050000000001,0.00033597
929.7299999999999,0.00038792
912.35,0.00039176
894.97,0.00036549
877.59,0.00029909
860.2149999999999,0.00026357
842.84,0.0003758
825.4599999999999,0.00030642
808.08,0.00050821
790.6999999999999,0.00052236
773.325,0.00049946
755.95,0.00039091
738.5699999999999,0.00044904
721.19,0.00056765
703.8100000000001,0.00062459
686.43,0.00062959
669.055,0.00072194
651.6800000000001,0.00066782
634.3,0.00064119
616.9200000000001,0.000401
599.54,0.00062519
582.1650000000001,0.00081791
564.79,0.00094701
547.41,0.00090767
530.03,0.00063814
512.6500000000001,0.00079264
495.27500000000003,0.00083064
477.9,0.0010136
460.52000000000004,0.0011351
443.14,0.0010678
425.76000000000005,0.0011767
408.385,0.0012271
391.01,0.0013613
373.63,0.0016564
356.24999999999994,0.001467
338.87,0.001723
321.49499999999995,0.0016613
304.12,0.0019038
286.74,0.0016391
269.36000000000007,0.00212
251.98,0.0023483
234.6,0.0029905
217.225,0.0030252
199.85,0.0035887
182.47,0.0040304
165.09,0.0045167
147.71,0.0048409
130.335,0.0054536
112.96000000000001,0.0054521
95.58,0.0062798
78.19999999999999,0.0066668
60.82,0.0077615
43.445,0.0075737
26.07,0.0071385
8.69,0.0058157
805.6399999999999,0.00020387
792.5400000000001,0.00020577
779.4399999999999,0.00018967
766.34,0.00017574
753.2399999999999,0.00018491
740.14,0.00020603
727.04,0.0001412
713.94,0.00027231
700.8399999999999,0.00019738
687.74,0.00019343
674.6399999999999,0.00022344
661.54,0.00024282
648.4399999999999,0.00022153
635.34,0.00015575
622.2399999999999,0.00018328
609.14,0.00018509
596.0399999999998,0.00036929
582.94,0.00036084
569.8399999999999,0.00013203
556.74,0.00033817
543.6399999999999,0.00033617
530.54,0.00039629
517.4399999999999,0.00021734
504.34000000000003,0.0004532
491.24,0.00031679
478.14,0.00046675
465.04,0.00045384
451.94,0.00036029
438.84000000000003,0.00027409
425.74,0.00066049
412.64,0.00049814
399.54,0.00049941
386.44,0.00067208
373.34000000000003,0.00068399
360.24,0.00079027
347.14,0.00070896
334.04,0.00079574
320.94,0.00093264
307.84,0.00088089
294.74,0.00081448
281.64500000000004,0.001042
268.55,0.0011904
255.45000000000002,0.0012109
242.35000000000002,0.0011739
229.25,0.0013254
216.15,0.0016221
203.05,0.0018979
189.95000000000002,0.0019548
176.85,0.0022267
163.75,0.0024402
150.65,0.0027678
137.55,0.0030601
124.45,0.0036795
111.35000000000001,0.0035209
98.25,0.0043478
85.15,0.0051201
72.05,0.0060909
58.95,0.0071506
45.85,0.010738
32.75,0.01253
19.650000000000002,0.018453
6.550000000000001,0.03345
617.41,0.0016309
608.245,0.0008706
591.58,0.00055892
574.9150000000001,0.00079317
558.2499999999999,0.0005443
541.585,0.00062168
524.9200000000001,0.00067243
508.25999999999993,0.00063958
491.595,0.00088619
474.93,0.00061985
458.26500000000004,0.00094497
441.59999999999997,0.00079914
424.935,0.00093997
408.27000000000004,0.00089179
391.61,0.0011174
374.945,0.0011685
358.28,0.0011134
341.615,0.0011715
324.95,0.001444
308.29,0.0011059
291.625,0.001817
274.96,0.0018653
258.295,0.0017113
241.63000000000002,0.0020962
224.965,0.0024375
208.29999999999998,0.0022432
191.64000000000001,0.0028624
174.975,0.0030834
158.31,0.0039054
141.645,0.0040235
124.98,0.0047368
108.32,0.005335
91.655,0.0065275
74.99,0.0077585
58.325,0.0095249
41.660000000000004,0.011969
24.995,0.013669
8.33,0.02498
55.730000000000004,0.012847
54.720000000000006,0.0061005
53.46,0.0066859
52.205,0.0056604
50.949999999999996,0.0055522
49.69,0.0052766
48.43,0.0051494
47.17,0.0050301
45.915,0.0050742
44.66,0.0052289
43.4,0.0051538
42.13999999999999,0.0050474
40.88,0.0051649
39.625,0.0053522
38.370000000000005,0.0053396
37.11000000000001,0.0052425
35.85,0.005256
34.595,0.0053819
33.34,0.0054753
32.08,0.0055224
30.82,0.0055941
29.560000000000002,0.0058136
28.305,0.0060426
27.049999999999997,0.0061724
25.79,0.0063004
24.53,0.0063735
23.27,0.0063819
22.015,0.0063867
20.76,0.0065835
19.5,0.0068022
18.24,0.0070268
16.98,0.0071795
15.725,0.0073329
14.47,0.0074857
13.209999999999999,0.007608
11.95,0.0077187
10.69,0.0078214
9.434999999999999,0.0079139
8.18,0.0079939
6.92,0.0080591
5.66,0.0081075
4.3999999999999995,0.008137
3.145,0.008146
1.8900000000000001,0.0081335
0.63,0.0080993
999.255,0.00049935
974.5749999999999,0.00052105
949.9,0.00051852
925.2249999999999,0.0003571
900.555,0.00043317
875.885,0.00047897
851.21,0.00052225
826.535,0.0005563
801.865,0.00066761
777.19,0.00077407
752.5150000000001,0.0007863
727.8449999999999,0.0007749
703.175,0.00062439
678.5,0.00071316
653.825,0.00087389
629.155,0.00097543
604.4849999999999,0.0011793
579.81,0.0012417
555.135,0.0015558
530.4649999999999,0.0015544
505.78999999999996,0.0017767
481.11499999999995,0.0020408
456.445,0.0022499
431.77500000000003,0.0023949
407.1,0.0025665
382.425,0.0029573
357.755,0.0031481
333.085,0.0035866
308.40999999999997,0.0040439
283.73499999999996,0.004858
259.065,0.0055304
234.39,0.0061478
209.71499999999997,0.0070417
185.04500000000002,0.0077157
160.375,0.0094067
135.7,0.010944
111.025,0.013231
86.355,0.015908
61.685,0.01876
37.01,0.023239
12.335,0.030027
446.77,0.0018654
437.77,0.0011084
425.77500000000003,0.0011391
413.78499999999997,0.00093458
401.78999999999996,0.0010299
389.795,0.00088731
377.80499999999995,0.0012733
365.80999999999995,0.00086969
353.815,0.0013303
341.82,0.0010913
329.82500000000005,0.0010259
317.835,0.0013685
305.84,0.0017311
293.845,0.00083597
281.85499999999996,0.0021106
269.86,0.0013446
257.865,0.0020011
245.86999999999998,0.0021071
233.875,0.002114
221.885,0.0021745
209.89,0.0029039
197.89499999999998,0.0025691
185.90499999999997,0.0030264
173.91,0.0032009
161.915,0.0038411
149.92,0.0044645
137.92499999999998,0.0048956
125.93499999999999,0.006059
113.94,0.0066501
101.945,0.0076777
89.95500000000001,0.0093252
77.96000000000001,0.011325
65.96499999999999,0.013823
53.970000000000006,0.016759
41.975,0.021806
29.985,0.03086
17.99,0.055189
5.995,0.11321
473.155,0.001853
462.485,0.00075216
448.25499999999994,0.0010735
434.025,0.00089971
419.795,0.00079891
405.565,0.00076603
391.335,0.0008911
377.105,0.00081402
362.875,0.00079848
348.645,0.00080274
334.415,0.00070668
320.18,0.00081082
305.94500000000005,0.0010245
291.715,0.0014597
277.48499999999996,0.00076938
263.255,0.0012977
249.025,0.0015209
234.795,0.0013
220.565,0.0012136
206.33499999999998,0.0016981
192.105,0.0013843
177.875,0.0017057
163.64499999999998,0.002073
149.41500000000002,0.00172
135.185,0.0023816
120.955,0.0024257
106.725,0.0021675
92.49499999999999,0.0028767
78.265,0.0038381
64.03500000000001,0.0033903
49.805,0.0056184
35.574999999999996,0.0083172
21.345,0.011579
7.115,0.016952
337.22,0.00064493
323.46,0.0011686
309.695,0.00098719
295.93,0.0013826
282.165,0.00090178
268.4,0.0010451
254.635,0.0014743
240.87,0.0018496
227.11,0.0019099
213.345,0.00134
199.58,0.0025632
185.815,0.0029176
172.05,0.0024485
158.29,0.0034282
144.525,0.0037903
130.76000000000002,0.0048157
116.995,0.0049693
103.23,0.0072825
89.465,0.0084938
75.7,0.012054
61.940000000000005,0.015106
48.175,0.022096
34.41,0.031829
20.645,0.052448
6.88,0.080908
819.595,0.00055759
806.05,0.00026152
792.505,0.00034495
778.955,0.00030032
765.41,0.00030764
751.865,0.0003024
738.315,0.00030479
724.765,0.00030699
711.2199999999999,0.00031099
697.6750000000001,0.00031574
684.125,0.00032135
670.5799999999999,0.0003276
657.0350000000001,0.00033445
643.485,0.00034182
629.9350000000001,0.00034967
616.39,0.00035796
602.845,0.00036667
589.295,0.00037576
575.75,0.00038523
562.205,0.00039551
548.655,0.00040619
535.11,0.00041722
521.565,0.00042859
508.015,0.00044029
494.46500000000003,0.00045229
480.92,0.0004646
467.375,0.00047719
453.82500000000005,0.00049005
440.28000000000003,0.00050316
426.73499999999996,0.0005165
413.185,0.00053085
399.635,0.00054637
386.09,0.00056213
372.545,0.00057811
358.99499999999995,0.00059427
345.45,0.00061058
331.90500000000003,0.00062701
318.355,0.00064352
304.81,0.00066007
291.265,0.0006766
277.71500000000003,0.00069308
264.16499999999996,0.00070945
250.62,0.00072566
237.07500000000002,0.00074165
223.525,0.00075737
209.98,0.00077276
196.435,0.00078775
182.885,0.00080229
169.335,0.0008163
155.79000000000002,0.00082975
142.245,0.00084255
128.695,0.00085465
115.15,0.000866
101.605,0.00087653
88.05499999999999,0.00088621
74.50999999999999,0.00089497
60.964999999999996,0.00090277
47.415,0.00090959
33.865,0.00091537
20.319999999999997,0.00092011
6.7749999999999995,0.00092381
151.49,0.0024016
141.04500000000002,0.0014744
130.59500000000003,0.0029522
120.145,0.00311
109.69999999999999,0.00060518
99.25500000000001,0.0037787
88.80499999999999,0.003416
78.355,0.0044691
67.91,0.0066692
57.465,0.0059232
47.015,0.0084593
36.565,0.010492
26.119999999999997,0.016011
15.674999999999997,0.030068
5.225,0.043621
373.62,0.0017162
361.75500000000005,0.0017793
349.89000000000004,0.0014807
338.03,0.0019351
326.17,0.0017394
314.31,0.0019542
302.45,0.0016966
290.59000000000003,0.0020463
278.73,0.0021726
266.87,0.0027187
255.01000000000002,0.0021602
243.14999999999998,0.0028596
231.29,0.0027149
219.425,0.002718
207.56000000000003,0.0030608
195.7,0.0034975
183.84,0.0030831
171.98000000000002,0.0040733
160.11999999999998,0.0041234
148.26,0.0044186
136.40000000000003,0.0052973
124.53999999999999,0.0056612
112.68,0.0072583
100.82,0.0068733
88.96000000000001,0.0083553
77.095,0.009761
65.22999999999999,0.010038
53.37,0.01216
41.510000000000005,0.013518
29.650000000000002,0.017531
17.79,0.023869
5.930000000000001,0.024629
847.915,0.00027694
830.785,0.00037605
813.655,0.00030937
796.525,0.00042864
779.4,0.00025994
762.2750000000001,0.00035122
745.145,0.00042896
728.0150000000001,0.00057836
710.885,0.00045291
693.755,0.00032151
676.625,0.00025063
659.4949999999999,0.00050359
642.3650000000001,0.00039816
625.235,0.00041825
608.105,0.00041656
590.975,0.00062663
573.8449999999999,0.00063456
556.715,0.00068476
539.585,0.00067708
522.455,0.00059761
505.32500000000005,0.00043638
488.195,0.00059724
471.065,0.00080899
453.935,0.00066307
436.805,0.00073933
419.675,0.00038452
402.54499999999996,0.00081886
385.415,0.00084082
368.28499999999997,0.001023
351.155,0.0008663
334.02500000000003,0.0010516
316.89500000000004,0.00088928
299.765,0.0014161
282.635,0.0010693
265.51000000000005,0.0016126
248.38500000000002,0.0012532
231.255,0.0016322
214.125,0.0014484
196.99499999999998,0.0020112
179.865,0.0021518
162.735,0.0028369
145.605,0.0027815
128.475,0.0032035
111.345,0.0038877
94.21499999999999,0.004923
77.085,0.0064803
59.95499999999999,0.0085301
42.825,0.01072
25.695,0.01411
8.565,0.019
529.7199999999999,0.00086527
520.345,0.00047067
510.9699999999999,0.00057975
501.595,0.00047921
492.21999999999997,0.0005089
482.84499999999997,0.00049016
473.46999999999997,0.000481
464.09499999999997,0.00041357
454.72,0.00039412
445.34,0.00049002
435.965,0.00053724
426.59000000000003,0.00049478
417.215,0.00050788
407.84,0.00051727
398.46500000000003,0.00059172
389.09000000000003,0.0005919
379.71,0.00064645
370.335,0.00061265
360.9599999999999,0.00060645
351.585,0.00060827
342.21000000000004,0.00070988
332.835,0.00077167
323.46,0.00075761
314.085,0.0008282
304.71000000000004,0.00080201
295.33,0.00086592
285.95500000000004,0.00089051
276.58000000000004,0.00093195
267.20500000000004,0.00099782
257.83,0.0010049
248.45499999999998,0.00098891
239.07999999999998,0.0011572
229.7,0.0010211
220.325,0.0011621
210.95,0.0010192
201.57500000000002,0.0012915
192.20000000000002,0.0013382
182.82500000000002,0.0013594
173.45,0.0014659
164.075,0.0013563
154.70000000000002,0.0015082
145.32,0.001405
135.945,0.0016395
126.57,0.0016827
117.195,0.0018371
107.82,0.0020511
98.44500000000001,0.0022002
89.07,0.0024186
79.69,0.0023904
70.31499999999998,0.0025527
60.94,0.0027912
51.565,0.0031337
42.19,0.0033975
32.815,0.0034482
23.439999999999998,0.0037235
14.065,0.0049587
4.6899999999999995,0.0072343
416.745,0.00021404
409.85499999999996,0.00022427
402.96500000000003,0.00024547
396.07499999999993,0.00029953
389.19,0.00032197
382.305,0.00038423
375.415,0.00017412
368.525,0.00024721
361.63500000000005,0.00016274
354.745,0.00030923
347.86,0.00037608
340.975,0.00039457
334.085,0.00038057
327.195,0.00027661
320.30499999999995,0.00033342
313.415,0.00046979
306.53000000000003,0.00039954
299.64500000000004,0.00040139
292.755,0.0003434
285.865,0.00040332
278.97499999999997,0.00049376
272.08500000000004,0.0004797
265.2,0.00057119
258.31499999999994,0.0004876
251.425,0.0006179
244.535,0.00053621
237.64499999999998,0.00061056
230.755,0.00048574
223.87,0.00065201
216.98499999999999,0.00065283
210.095,0.00064225
203.20499999999998,0.00055969
196.31500000000003,0.00058395
189.425,0.00067767
182.54000000000002,0.00078932
175.655,0.00069459
168.765,0.00079296
161.875,0.00075245
154.98499999999999,0.00088029
148.095,0.00096663
141.21,0.00090191
134.325,0.0012692
127.43499999999999,0.00088848
120.545,0.0012485
113.655,0.0010528
106.765,0.0014133
99.88,0.0013461
92.99499999999999,0.0014224
86.105,0.0013323
79.215,0.0016344
72.325,0.001644
65.43499999999999,0.0018073
58.550000000000004,0.0019506
51.665,0.0017345
44.775,0.0022965
37.885000000000005,0.0026329
30.995,0.0028621
24.105,0.0021117
17.22,0.00281
10.335,0.0032227
3.4450000000000003,0.004726
1037.35,0.00039383
1016.4,0.00026084
995.425,0.00026179
974.4699999999999,8.4651e-05
953.5100000000001,0.0001594
932.5550000000001,0.00041934
911.5999999999999,0.00022829
890.645,0.00052377
869.69,0.00022393
848.73,0.00049435
827.7750000000001,0.00030969
806.82,0.00046743
785.86,0.00033649
764.905,0.00032124
743.95,0.00024141
722.99,0.00040448
702.035,0.00040778
681.0799999999999,0.00052078
660.125,0.00050373
639.1700000000001,0.00051999
618.2099999999999,0.00063019
597.255,0.0006839
576.3000000000001,0.00072919
555.3399999999999,0.00071721
534.385,0.00066595
513.4300000000001,0.00097215
492.475,0.00086294
471.52,0.00091499
450.56,0.00097909
429.605,0.0011486
408.65000000000003,0.0013055
387.69,0.0011588
366.735,0.001058
345.78,0.001257
324.82,0.0012898
303.865,0.0019534
282.90999999999997,0.0016773
261.955,0.002183
241.0,0.0020657
220.04000000000002,0.0026854
199.085,0.0030356
178.13000000000002,0.0031713
157.17,0.0040003
136.21499999999997,0.0040913
115.26,0.0057929
94.305,0.0061099
73.35,0.0076599
52.39,0.0086896
31.435000000000006,0.0088801
10.48,0.0077113
292.385,0.0032306
288.97499999999997,0.0014885
284.42,0.0015558
279.865,0.0013711
275.315,0.0013597
270.76500000000004,0.0013893
266.215,0.0012599
261.665,0.0012599
257.115,0.0012876
252.56500000000003,0.0013533
248.015,0.001331
243.46499999999997,0.0012709
238.915,0.0013189
234.36499999999998,0.0013649
229.815,0.0012495
225.265,0.0013278
220.71,0.0012803
216.15499999999997,0.0014675
211.605,0.0014355
207.05499999999998,0.0013978
202.505,0.0012723
197.95499999999998,0.0013673
193.405,0.0014524
188.855,0.0016014
184.305,0.0015071
179.755,0.0014469
175.205,0.0013566
170.655,0.0015722
166.105,0.0016046
161.555,0.0016837
157.0,0.0015326
152.445,0.0017269
147.895,0.0016953
143.345,0.001757
138.79500000000002,0.0016147
134.245,0.0017824
129.695,0.0018202
125.14500000000001,0.0020217
120.595,0.0019989
116.045,0.0019783
111.49499999999999,0.0021825
106.945,0.0022908
102.395,0.0025183
97.845,0.0024655
93.28999999999999,0.002435
88.735,0.0026088
84.185,0.0025608
79.63499999999999,0.0029191
75.085,0.0030921
70.535,0.0033334
65.985,0.0034684
61.435,0.0035743
56.885,0.0037059
52.335,0.0038989
47.785000000000004,0.0034372
43.235,0.0038845
38.684999999999995,0.0044231
34.135,0.0056097
29.580000000000002,0.0066156
25.025,0.0074612
20.475,0.0094602
15.925000000000002,0.012572
11.375,0.017473
6.825,0.024544
2.275,0.035019
276.25500000000005,0.0040978
269.22999999999996,0.0020634
261.43,0.0023546
253.625,0.0022327
245.82,0.0023661
238.01500000000001,0.0024541
230.21000000000004,0.0022052
222.41,0.0024761
214.605,0.0024746
206.79999999999998,0.0023426
198.995,0.0028309
191.19000000000003,0.0025698
183.39,0.0024421
175.58499999999998,0.0032268
167.77999999999997,0.0027691
159.98000000000002,0.0032445
152.175,0.0031245
144.37,0.0038313
136.565,0.0031319
128.76,0.0037455
120.96,0.0046412
113.155,0.0046645
105.35,0.0058038
97.55,0.0056877
89.74499999999999,0.0056128
81.94,0.0065972
74.135,0.0071662
66.33,0.0082506
58.53,0.0091862
50.725,0.010554
42.92,0.01138
35.12,0.012195
27.314999999999998,0.01546
19.509999999999998,0.017054
11.705,0.020876
3.9,0.034091
294.63,0.001453
287.17,0.0021745
279.71000000000004,0.00051954
272.25,0.0023365
264.795,0.0024602
257.34000000000003,0.0015151
249.88,0.0027415
242.42000000000002,0.0012189
234.96,0.0025167
227.49999999999997,0.0024241
220.04000000000002,0.0029022
212.57999999999998,0.0026739
205.12000000000003,0.0023942
197.66,0.0026551
190.205,0.0027275
182.75000000000003,0.0031504
175.29,0.0033682
167.82999999999998,0.0037318
160.37,0.0035045
152.91,0.0046015
145.45000000000002,0.0028521
137.99,0.0040097
130.52999999999997,0.0040118
123.07,0.0057974
115.615,0.0054353
108.16000000000001,0.0053501
100.7,0.0068626
93.24000000000001,0.0052225
85.78,0.006986
78.32000000000001,0.006629
70.86,0.008213
63.4,0.0094961
55.940000000000005,0.0086318
48.48,0.010139
41.025,0.011879
33.57,0.01133
26.110000000000003,0.008829
18.65,0.016379
11.189999999999998,0.012733
3.73,0.021616
399.46000000000004,0.00046578
388.20500000000004,0.00074328
376.955,0.00083343
365.705,0.00086993
354.45000000000005,0.00065371
343.19500000000005,0.00089508
331.945,0.00092291
320.695,0.00090795
309.44000000000005,0.0010312
298.18500000000006,0.0012075
286.935,0.0010233
275.685,0.0012413
264.435,0.0012528
253.17999999999995,0.0014063
241.925,0.0015791
230.675,0.0013551
219.42499999999998,0.0017608
208.17,0.0018254
196.91500000000002,0.0018489
185.665,0.0020649
174.415,0.0026525
163.16,0.0021985
151.905,0.0029791
140.655,0.0028818
129.405,0.002953
118.15,0.0033309
106.895,0.0044629
95.64500000000001,0.0054278
84.395,0.005874
73.14000000000001,0.007798
61.885,0.010102
50.635,0.01364
39.385000000000005,0.017432
28.13,0.021167
16.875,0.029007
5.625,0.05674
909.1700000000001,0.00048376
893.8900000000001,0.00022397
878.61,0.00046181
863.3299999999999,0.00027907
848.05,0.00047684
832.77,0.00034521
817.49,0.00055025
802.2099999999999,0.00043251
786.9300000000001,0.00014967
771.65,0.00043881
756.37,0.00055764
741.09,0.00050275
725.8100000000001,0.00044255
710.53,0.00036405
695.25,0.0006866
679.9699999999999,0.00072693
664.69,0.00048553
649.4100000000001,0.0006052
634.13,0.00061177
618.85,0.00073919
603.5699999999999,0.00069475
588.29,0.00073898
573.01,0.00097373
557.73,0.00094207
542.4499999999999,0.00053996
527.1700000000001,0.0013184
511.88999999999993,0.00097013
496.61,0.0011347
481.33000000000004,0.00094893
466.04499999999996,0.0013044
450.76,0.0010716
435.47999999999996,0.0014137
420.20000000000005,0.0016824
404.92,0.0015647
389.64,0.001579
374.36,0.0019007
359.0799999999999,0.0020379
343.8,0.0020007
328.52000000000004,0.0019026
313.23999999999995,0.0023071
297.96,0.0027996
282.68000000000006,0.002952
267.4,0.0033015
252.12,0.0031484
236.84,0.004025
221.55999999999997,0.0039797
206.28000000000003,0.00453
191.0,0.0053883
175.72,0.00605
160.44,0.0056602
145.16000000000003,0.0076372
129.88,0.0073742
114.60000000000001,0.0093845
99.32,0.011498
84.04,0.013671
68.76,0.018158
53.48,0.021289
38.199999999999996,0.025389
22.919999999999998,0.0335
7.64,0.039124
268.66499999999996,0.0019918
262.035,0.00092321
255.4,0.0012197
248.76500000000001,0.0010517
242.135,0.0010715
235.5,0.0010441
228.86499999999998,0.0010439
222.23,0.0010418
215.59499999999997,0.0010455
208.965,0.0010565
202.33,0.0010732
195.69500000000002,0.0010917
189.06499999999997,0.0011118
182.42999999999998,0.0011334
175.795,0.0011564
169.15999999999997,0.0011807
162.52499999999998,0.0012065
155.895,0.0012338
149.26,0.0012573
142.625,0.0012823
135.99499999999998,0.0013091
129.36,0.001338
122.725,0.0013696
116.09,0.0014042
109.455,0.0014426
102.825,0.0014856
96.19,0.0015343
89.55499999999999,0.00159
82.925,0.0016543
76.28999999999999,0.0017295
69.655,0.001818
63.019999999999996,0.0019229
56.385000000000005,0.0020478
49.755,0.0021968
43.120000000000005,0.0023735
36.48500000000001,0.0025802
29.855,0.0028155
23.220000000000002,0.0030701
16.585,0.0033218
9.950000000000001,0.0035331
3.315,0.0036608
693.635,0.00072351
673.53,0.00081429
653.425,0.00084635
633.32,0.00093357
613.215,0.00084642
593.11,0.00099279
573.005,0.001055
552.9,0.0013004
532.7950000000001,0.0014361
512.6899999999999,0.001541
492.585,0.0015994
472.47499999999997,0.0015567
452.37,0.001485
432.265,0.0015722
412.15999999999997,0.0013206
392.05500000000006,0.0014777
371.95,0.001357
351.84499999999997,0.0016129
331.73999999999995,0.0015762
311.635,0.0016988
291.53000000000003,0.0017212
271.425,0.001786
251.32,0.0018581
231.215,0.0019654
211.105,0.0022687
191.0,0.0021769
170.895,0.002579
150.79000000000002,0.0025268
130.685,0.0030728
110.58,0.0030574
90.475,0.0033658
70.37,0.0031813
50.265,0.0040177
30.16,0.0051292
10.055,0.0068403
993.1000000000001,0.0010109
979.985,0.00049111
964.5550000000001,0.00064191
949.12,0.00053273
933.685,0.00038844
918.255,0.00026599
902.8199999999999,0.00047097
887.385,0.00040722
871.955,0.00037429
856.525,0.00035967
841.09,0.00040494
825.655,0.00053951
810.225,0.00047955
794.795,0.00046749
779.36,0.00044054
763.925,0.00038376
748.495,0.00047652
733.0600000000001,0.00039815
717.625,0.00063731
702.195,0.0005203
686.7650000000001,0.00059009
671.3299999999999,0.00037689
655.895,0.00062049
640.465,0.00063365
625.03,0.00071331
609.595,0.00060397
594.1650000000001,0.00075519
578.735,0.0006759
563.3,0.00078328
547.865,0.00081345
532.435,0.00085422
516.9999999999999,0.00084018
501.56500000000005,0.00072938
486.135,0.00077514
470.70500000000004,0.00085462
455.27,0.00095956
439.835,0.00097227
424.40500000000003,0.0010197
408.97,0.0010105
393.53499999999997,0.0011878
378.105,0.001316
362.67499999999995,0.0012278
347.24,0.0014495
331.805,0.0013893
316.37499999999994,0.0015546
300.94,0.0016613
285.505,0.0017185
270.07499999999993,0.0019441
254.645,0.0020857
239.21,0.0023197
223.775,0.002619
208.345,0.0025246
192.91,0.0030389
177.475,0.0030637
162.045,0.0038413
146.615,0.0038578
131.17999999999998,0.0043111
115.745,0.0048389
100.315,0.005262
84.88000000000001,0.0064463
69.44500000000001,0.0061067
54.015,0.0067461
38.585,0.0056454
23.150000000000002,0.006234
7.715,0.0053814
376.575,0.0010158
370.91,0.0010137
365.25,0.0011475
359.58500000000004,0.0012456
353.92,0.0010881
348.26,0.0011463
342.6,0.0014126
336.935,0.0012092
331.27,0.0014859
325.61,0.0015001
319.94500000000005,0.001346
314.28000000000003,0.0014586
308.62,0.0016834
302.96,0.0014748
297.29499999999996,0.001972
291.63,0.0017737
285.97,0.002019
280.31,0.001814
274.64500000000004,0.0023407
268.98,0.0016423
263.32,0.002121
257.655,0.0020077
251.98999999999998,0.0022138
246.32999999999998,0.0020186
240.67,0.0023675
235.005,0.0021556
229.33999999999997,0.0025161
223.67999999999998,0.0022983
218.01500000000001,0.0031057
212.35000000000002,0.0028061
206.69000000000003,0.0027066
201.02999999999997,0.0030779
195.365,0.0029246
189.70000000000002,0.0031477
184.04000000000002,0.0036556
178.38000000000002,0.003154
172.715,0.0037221
167.05,0.0036834
161.39000000000001,0.0040445
155.725,0.0039333
150.06,0.0042923
144.4,0.0042832
138.74,0.0044881
133.075,0.0046782
127.41,0.0046593
121.75,0.0056649
116.09,0.0058477
110.425,0.0065711
104.76,0.0067
99.1,0.0074922
93.43499999999999,0.008012
87.77,0.0084065
82.11,0.0092795
76.45,0.010171
70.785,0.011606
65.11999999999999,0.012163
59.46,0.014097
53.794999999999995,0.014725
48.13,0.018528
42.47,0.018647
36.81,0.022216
31.145,0.025393
25.48,0.026506
19.82,0.035651
14.16,0.042247
8.495,0.046076
2.83,0.055396
589.835,0.0011114
571.11,0.0011464
552.3849999999999,0.0014644
533.66,0.0014549
514.935,0.0011645
496.21,0.0014614
477.485,0.0017014
458.76,0.0014383
440.035,0.0021602
421.30999999999995,0.0018206
402.585,0.0024114
383.85999999999996,0.0018765
365.135,0.0026761
346.40999999999997,0.0028407
327.685,0.003067
308.96000000000004,0.0031135
290.235,0.0036237
271.51000000000005,0.0038232
252.78499999999997,0.0045342
234.06,0.0046667
215.335,0.0058897
196.61,0.0066361
177.88500000000002,0.0074484
159.16,0.0094666
140.43499999999997,0.01023
121.71,0.01165
102.985,0.015636
84.26,0.020466
65.535,0.02852
46.809999999999995,0.039865
28.084999999999997,0.080362
9.36,0.11744
490.03,0.00082054
476.225,0.00097633
462.42,0.00097083
448.62,0.0010731
434.815,0.0011116
421.01,0.0013089
407.21,0.0014676
393.40500000000003,0.0015473
379.59999999999997,0.0014822
365.79499999999996,0.0018053
351.99,0.0016592
338.19,0.0021554
324.385,0.0020868
310.58,0.0024842
296.78000000000003,0.0026478
282.97499999999997,0.0030673
269.17,0.0033646
255.36999999999998,0.0037398
241.565,0.0040865
227.76000000000002,0.0045522
213.955,0.0049476
200.15,0.0051981
186.35000000000002,0.0055833
172.54500000000002,0.0058057
158.73999999999998,0.0060273
144.94000000000003,0.0063269
131.135,0.0067199
117.32999999999998,0.0073729
103.53,0.0076871
89.725,0.0087824
75.92,0.0094887
62.115,0.012046
48.31,0.013353
34.51,0.016278
20.705000000000002,0.017262
6.8999999999999995,0.018522
988.315,0.00035217
970.505,0.00032285
952.695,0.00032795
934.89,0.00033601
917.0849999999999,0.00028521
899.2750000000001,0.00019855
881.4649999999999,0.00031795
863.66,0.00028844
845.855,0.00033441
828.045,3.0884e-05
810.235,0.00029113
792.43,0.00035772
774.6249999999999,0.00042148
756.815,0.00029
739.0049999999999,0.00029259
721.2,0.000241
703.395,0.00033421
685.585,0.00028107
667.775,0.00040051
649.9699999999999,0.00033547
632.1650000000001,0.00055289
614.355,0.00040043
596.5450000000001,0.00051153
578.74,0.00034038
560.935,0.00049397
543.1250000000001,0.00036573
525.32,0.00052321
507.51499999999993,0.00043233
489.705,0.0005685
471.895,0.00052792
454.09,0.00070528
436.28499999999997,0.00070281
418.47499999999997,0.00078565
400.665,0.00079945
382.85999999999996,0.00089746
365.055,0.00080719
347.245,0.0008583
329.435,0.00097646
311.62999999999994,0.00097801
293.825,0.0011615
276.015,0.0010361
258.20500000000004,0.0012471
240.4,0.0011083
222.595,0.0014767
204.785,0.0014392
186.975,0.0018128
169.17,0.0015837
151.365,0.0021379
133.555,0.0018746
115.745,0.002832
97.94,0.002772
80.13499999999999,0.0037485
62.325,0.0036225
44.515,0.004676
26.71,0.0062395
8.905,0.0095235
197.08999999999997,0.0026013
191.69,0.0012205
186.29000000000002,0.001668
180.89,0.0012449
175.48999999999998,0.0017803
170.09000000000003,0.0011375
164.69,0.001636
159.29,0.0015191
153.89,0.0014785
148.49,0.0017293
143.09,0.001304
137.68999999999997,0.0021709
132.29000000000002,0.0017052
126.89,0.0025634
121.49,0.0019235
116.09,0.0022764
110.69000000000001,0.0023385
105.28999999999999,0.002693
99.89,0.0027776
94.49,0.003036
89.09500000000001,0.0028841
83.7,0.0033785
78.30000000000001,0.0035917
72.89999999999999,0.0043232
67.5,0.0040059
62.1,0.0050271
56.7,0.005586
51.3,0.0061893
45.9,0.0068398
40.5,0.0084984
35.1,0.0094098
29.699999999999996,0.011569
24.3,0.013808
18.9,0.017133
13.5,0.023754
8.1,0.046285
2.7,0.10231
977.3149999999999,0.0001006
954.32,0.0001506
931.3249999999999,0.00013116
908.33,0.00012925
885.335,0.00016843
862.34,0.00010883
839.3399999999999,0.00015457
816.345,7.3335e-05
793.35,0.00016879
770.355,0.00018024
747.36,0.00025086
724.3649999999999,0.00020333
701.37,0.00024666
678.3699999999999,0.00014487
655.375,0.00021367
632.38,0.00022352
609.3850000000001,0.0002742
586.39,0.00033369
563.395,0.00038229
540.4,0.00039564
517.4000000000001,0.00046907
494.405,0.000484
471.40999999999997,0.00055502
448.415,0.00053564
425.42,0.0006361
402.425,0.00069376
379.43,0.00081833
356.43,0.00088781
333.43500000000006,0.0010743
310.44,0.0011606
287.44499999999994,0.001261
264.45,0.0014917
241.455,0.0016445
218.45999999999998,0.001865
195.465,0.0021101
172.47,0.00234
149.47,0.0028159
126.47500000000001,0.0030455
103.48,0.0037487
80.485,0.0038606
57.49,0.0045399
34.495,0.0048736
11.5,0.0064065
496.71999999999997,0.00073435
489.865,0.00095395
483.015,0.000719
476.165,0.00096334
469.31500000000005,0.00096387
462.46500000000003,0.0010865
455.615,0.0010981
448.765,0.001113
441.91,0.0010784
435.05499999999995,0.0011428
428.205,0.0011177
421.355,0.0012873
414.505,0.0012046
407.655,0.0012042
400.80499999999995,0.0014255
393.95000000000005,0.0013481
387.09499999999997,0.0013833
380.245,0.0015338
373.39500000000004,0.001655
366.545,0.001683
359.695,0.0016915
352.84499999999997,0.001931
345.995,0.0017834
339.14,0.0020377
332.285,0.0021367
325.435,0.0020265
318.585,0.0020261
311.73499999999996,0.0021377
304.88499999999993,0.0022532
298.03499999999997,0.002097
291.185,0.0022809
284.33,0.0024904
277.475,0.0021613
270.625,0.0027663
263.775,0.0024861
256.925,0.0029235
250.075,0.0028257
243.22500000000002,0.0031524
236.37000000000003,0.0033219
229.51500000000001,0.0033685
222.665,0.0035671
215.81499999999997,0.0037797
208.965,0.0035659
202.11499999999998,0.0042527
195.26500000000001,0.0040921
188.415,0.0042499
181.56,0.0046482
174.705,0.0048848
167.855,0.0050347
161.005,0.0055473
154.15499999999997,0.0057878
147.305,0.0057666
140.45499999999998,0.0064557
133.6,0.0070971
126.74499999999999,0.0073797
119.895,0.0078476
113.045,0.0087815
106.195,0.0095349
99.345,0.010547
92.49499999999999,0.010978
85.645,0.012891
78.78999999999999,0.013323
71.935,0.015015
65.08500000000001,0.016451
58.23499999999999,0.01893
51.385,0.020909
44.535000000000004,0.023843
37.684999999999995,0.027222
30.835,0.032063
23.98,0.03757
17.125,0.048156
10.274999999999999,0.064681
3.4250000000000003,0.12773
867.7349999999999,0.00054953
828.8899999999999,0.00042359
804.125,0.00036874
780.82,0.00042286
757.515,0.00036738
734.205,0.00038094
712.35,0.00038474
691.9550000000002,0.00040714
671.5649999999999,0.00041093
649.715,0.0004286
629.3199999999999,0.00050098
611.8399999999999,0.00052063
594.355,0.00052827
576.87,0.00052232
560.85,0.00052146
544.825,0.00054097
528.8,0.00057505
514.235,0.00063759
499.665,0.00069331
485.09499999999997,0.00077057
471.985,0.00070234
460.33500000000004,0.00070152
448.68,0.00074418
437.025,0.00081461
425.37,0.00089624
413.715,0.00093948
403.52,0.00092129
393.32500000000005,0.00095948
383.13,0.00098021
374.39,0.0012951
365.645,0.0013068
356.9,0.0013327
348.16,0.0013748
339.42,0.0014973
332.14,0.0015152
326.315,0.0014722
320.485,0.001393
314.65500000000003,0.0017759
308.83000000000004,0.0016515
303.00500000000005,0.0018667
297.175,0.001506
291.35,0.0018075
285.525,0.0018613
279.69500000000005,0.0018332
273.87,0.0018842
268.04499999999996,0.0015934
262.215,0.0018691
256.385,0.0017837
250.56,0.0021589
244.735,0.0021249
238.905,0.0021211
233.08,0.0020128
227.25500000000002,0.0020218
221.425,0.0022868
215.60000000000002,0.0022659
209.77499999999998,0.0023525
203.945,0.0020963
198.11499999999998,0.0024214
192.29000000000002,0.0024313
186.465,0.0026734
180.635,0.0022072
174.81,0.0025164
168.98499999999999,0.0023381
163.155,0.0030042
157.32999999999998,0.0025797
151.505,0.0029687
145.675,0.0026969
139.845,0.0027541
134.02,0.0028559
128.195,0.0032462
122.365,0.0035212
116.54,0.0034927
110.715,0.0032914
104.885,0.0035367
99.06,0.0036504
93.235,0.0035459
87.405,0.0040059
81.57499999999999,0.0033307
74.28999999999999,0.0038642
65.55,0.0034631
56.81,0.0045138
48.07,0.0042636
39.330000000000005,0.0050774
29.135,0.0054132
11.655000000000001,0.0060712
122.24,0.006796
119.29999999999998,0.0032945
115.84,0.0039592
112.385,0.0035163
108.92999999999999,0.0034257
105.47000000000001,0.0035363
102.00999999999999,0.0037129
98.55,0.00375
95.095,0.0039326
91.64,0.0039985
88.18,0.0037583
84.71999999999998,0.0041621
81.26,0.0043263
77.80499999999999,0.0043221
74.35,0.0046688
70.89000000000001,0.0046659
67.42999999999999,0.0050506
63.97,0.0051337
60.515,0.0057239
57.06,0.0054046
53.599999999999994,0.0062397
50.14,0.0066061
46.68,0.0073778
43.225,0.008403
39.77,0.0091873
36.309999999999995,0.010127
32.849999999999994,0.011996
29.39,0.015011
25.935,0.017351
22.48,0.018396
19.020000000000003,0.022438
15.56,0.028648
12.1,0.024879
8.645,0.012035
5.19,0.020151
1.73,0.037529
287.16999999999996,0.0016803
283.73499999999996,0.00078523
280.3,0.00098456
276.86,0.00092933
273.42,0.00095055
269.98,0.0010259
266.54,0.0010171
263.1,0.00093661
259.66,0.0009685
256.22,0.00092359
252.78,0.00098781
249.34,0.0010836
245.9,0.0010803
242.46,0.0010622
239.02499999999998,0.0010453
235.59,0.0011606
232.15,0.0011801
228.71,0.0012044
225.27,0.0012827
221.83,0.0013655
218.39000000000001,0.0014303
214.95,0.0013889
211.51,0.0014817
208.07,0.0015079
204.63,0.0015012
201.19,0.0014594
197.75,0.001609
194.31500000000003,0.0015686
190.88,0.0018562
187.44,0.0016753
184.0,0.0019984
180.56,0.001699
177.12,0.001955
173.68,0.0017523
170.24,0.0019933
166.8,0.0019404
163.36,0.0021295
159.92000000000002,0.0020564
156.48000000000002,0.0021869
153.045,0.0019273
149.60999999999999,0.0022637
146.17,0.0019392
142.73,0.0022418
139.29,0.0020825
135.85,0.0023509
132.41,0.002388
128.97,0.0024916
125.53,0.0025029
122.09,0.0026604
118.65,0.0026719
115.21000000000001,0.0028515
111.77,0.002683
108.335,0.0027873
104.89999999999999,0.0028668
101.46,0.0029892
98.02,0.002906
94.58,0.0030417
91.14,0.0031768
87.7,0.0032582
84.26,0.0035564
80.82000000000001,0.0035959
77.38000000000001,0.0039253
73.94000000000001,0.0036705
70.5,0.0039836
67.05999999999999,0.0040044
63.625,0.0046216
60.19,0.0044331
56.75,0.0048133
53.309999999999995,0.0050201
49.87,0.0055804
46.43,0.0061835
42.99,0.0065693
39.550000000000004,0.007153
36.11000000000001,0.0076618
32.669999999999995,0.0080662
29.23,0.0091843
25.79,0.0094533
22.355,0.010232
18.919999999999998,0.010187
15.48,0.011514
12.04,0.012028
8.6,0.013471
5.159999999999999,0.01315
1.72,0.014167
537.365,0.0013459
530.515,0.00059238
523.67,0.00071097
516.8249999999999,0.00084436
509.97999999999996,0.00079755
503.135,0.00054036
496.29,0.0009077
489.445,0.00070359
482.6,0.00067915
475.75500000000005,0.00066716
468.91,0.00086037
462.065,0.00078235
455.21999999999997,0.00063825
448.37499999999994,0.00074035
441.525,0.00094356
434.67999999999995,0.00080811
427.835,0.00068806
420.98999999999995,0.00053013
414.145,0.00094277
407.3,0.00066878
400.455,0.0008014
393.61,0.00087357
386.76500000000004,0.00078095
379.92,0.00087683
373.075,0.00080478
366.23,0.00092443
359.385,0.00096574
352.53499999999997,0.0010348
345.69,0.00036816
338.845,0.0012922
331.99999999999994,0.0011963
325.155,0.0005065
318.31,0.0010958
311.465,0.0012764
304.62,0.0010223
297.77500000000003,0.00084473
290.93,0.0011443
284.08500000000004,0.00074829
277.24000000000007,0.0014257
270.395,0.00096315
263.545,0.0012745
256.70000000000005,0.00096014
249.855,0.0014876
243.01,0.0011788
236.16500000000002,0.0012997
229.32,0.0017469
222.47499999999997,0.00051822
215.63,0.0021284
208.785,0.00068435
201.94,0.0013813
195.09500000000003,0.0012017
188.25,0.0017654
181.40499999999997,0.001851
174.555,0.00195
167.71,0.0022169
160.86499999999998,0.0022828
154.01999999999998,0.0027375
147.175,0.0020115
140.33,0.0022702
133.485,0.0026063
126.64,0.0030076
119.795,0.0028935
112.94999999999999,0.0026435
106.105,0.0032492
99.25999999999999,0.0030403
92.41499999999999,0.0037708
85.565,0.0046877
78.72000000000001,0.0041611
71.875,0.0049987
65.03,0.0055868
58.185,0.0059041
51.339999999999996,0.006678
44.495,0.0054854
37.650000000000006,0.0061291
30.805,0.0069141
23.96,0.0094809
17.115,0.012043
10.270000000000001,0.018457
3.4250000000000003,0.024606
492.2,0.00055481
481.83500000000004,0.00050423
471.47,0.00063543
461.11,0.0005781
450.75,0.00062474
440.39,0.00056394
430.025,0.00060749
419.66,0.00064437
409.3,0.00060773
398.93999999999994,0.00058798
388.58000000000004,0.00061614
378.215,0.00069594
367.85,0.00074358
357.48999999999995,0.00083374
347.13,0.0007575
336.77000000000004,0.00082226
326.405,0.00082636
316.03999999999996,0.00081069
305.68,0.00084935
295.32000000000005,0.0009348
284.96,0.00097492
274.59499999999997,0.00098877
264.22999999999996,0.00087274
253.86999999999998,0.00097884
243.51,0.0009192
233.15,0.001064
222.78500000000003,0.00098849
212.42,0.001143
202.06000000000003,0.0010566
191.7,0.0010428
181.335,0.0010486
170.97,0.0011652
160.61,0.0012866
150.25,0.0014101
139.89000000000001,0.0010894
129.525,0.00124
119.16,0.00097734
108.80000000000001,0.0013348
98.44,0.0011546
88.08,0.0014652
77.715,0.0016219
67.35,0.0016638
56.99,0.0012485
46.63,0.0013333
36.269999999999996,0.0014367
25.904999999999998,0.001786
15.54,0.0015102
5.18,0.0017238
337.77000000000004,0.0018083
325.02500000000003,0.0019021
312.275,0.0017586
299.53,0.0019686
286.78499999999997,0.0019978
274.04,0.0019222
261.295,0.0021487
248.545,0.0024286
235.8,0.0020661
223.055,0.0025813
210.31,0.0026241
197.565,0.0027138
184.815,0.0030822
172.07,0.0036544
159.325,0.0039555
146.57999999999998,0.0037926
133.83499999999998,0.0033793
121.085,0.0044502
108.34,0.0041067
95.595,0.0049477
82.85000000000001,0.0055893
70.105,0.0050809
57.355,0.0069177
44.61,0.0059829
31.865000000000006,0.0071158
19.119999999999997,0.0098973
6.375,0.011196
249.92999999999998,0.0011838
245.93,0.00087016
241.93,0.00099854
237.935,0.00063325
233.94,0.00089095
229.94,0.00091688
225.94,0.00077033
221.94,0.0010455
217.94,0.0011048
213.94,0.0010385
209.94000000000003,0.00098765
205.94,0.00067428
201.945,0.0012556
197.95000000000002,0.0012277
193.95000000000002,0.0010038
189.95000000000002,0.0012497
185.95000000000002,0.00093247
181.95,0.0015513
177.95,0.00077459
173.95,0.0016556
169.95,0.0014142
165.95499999999998,0.00091634
161.95999999999998,0.0014601
157.95999999999998,0.0017037
153.95999999999998,0.0013
149.96,0.0017222
145.96,0.00076496
141.96,0.0017814
137.96,0.0014734
133.96,0.0016888
129.95999999999998,0.0020143
125.96499999999999,0.0014456
121.97,0.001555
117.96999999999998,0.002082
113.97,0.0018833
109.97,0.0022779
105.97000000000001,0.0014002
101.97,0.0023096
97.97,0.0022509
93.97,0.0022903
89.975,0.0023944
85.98,0.0021776
81.98,0.0027426
77.97999999999999,0.0022013
73.98,0.0029399
69.98,0.0023366
65.98,0.0034174
61.98,0.0032057
57.980000000000004,0.0034465
53.98500000000001,0.0024574
49.99,0.0038133
45.99,0.0036819
41.99,0.0042634
37.989999999999995,0.0053343
33.99,0.0037396
29.99,0.0055875
25.99,0.0034758
21.990000000000002,0.0065566
17.995,0.0055003
14.0,0.0071332
10.0,0.013583
6.0,0.021018
2.0,0.038587
826.735,0.00031893
808.5649999999999,0.00047492
790.395,0.00048163
772.2249999999999,0.00044456
754.0550000000001,0.00039939
735.885,0.00055036
717.715,0.00059709
699.545,0.00061472
681.3750000000001,0.00048551
663.205,0.00049881
645.0350000000001,0.00031136
626.865,0.00049751
608.6949999999999,0.00056722
590.525,0.0005997
572.3549999999999,0.00053546
554.1850000000001,0.00076045
536.015,0.00081279
517.845,0.00097918
499.67499999999995,0.00090449
481.505,0.00071558
463.335,0.00089819
445.165,0.0011245
426.995,0.0010204
408.825,0.001116
390.655,0.001144
372.485,0.0015805
354.315,0.0014113
336.14500000000004,0.0013986
317.975,0.0013791
299.805,0.0017119
281.635,0.0019677
263.46500000000003,0.0021525
245.295,0.0016934
227.12500000000003,0.0019986
208.955,0.0022012
190.78499999999997,0.0029146
172.615,0.002773
154.445,0.0028738
136.27499999999998,0.0028231
118.105,0.0036438
99.935,0.0035569
81.765,0.0039233
63.595,0.0041521
45.425,0.0052293
27.255,0.007752
9.084999999999999,0.011189
146.2,0.0012022
139.98,0.0013894
133.76,0.0012344
127.53999999999999,0.0014956
121.32,0.001239
115.10000000000001,0.0014159
108.875,0.0013426
102.65,0.0016128
96.43,0.0015371
90.21,0.0016321
83.99,0.0021158
77.77000000000001,0.0021132
71.55,0.002666
65.32499999999999,0.0023
59.1,0.0027547
52.879999999999995,0.0025692
46.66,0.003002
40.440000000000005,0.0035922
34.22,0.0033313
27.999999999999996,0.0034216
21.775,0.0042369
15.549999999999999,0.004738
9.33,0.006985
3.11,0.0091313
775.28,0.00060792
756.135,0.00029682
736.99,0.00038814
717.85,0.00034728
698.7099999999999,0.00036052
679.5649999999999,0.00036201
660.42,0.00037189
641.2800000000001,0.00038247
622.135,0.0003957
602.9899999999999,0.0004106
583.85,0.00042731
564.71,0.00044568
545.5649999999999,0.00046572
526.42,0.00048742
507.28,0.0005108
488.14000000000004,0.00053402
468.995,0.00055794
449.84999999999997,0.00058332
430.71000000000004,0.0006102
411.57,0.00063864
392.425,0.00066871
373.28,0.00070052
354.14,0.00073421
334.995,0.00076997
315.84999999999997,0.00080809
296.71000000000004,0.00084893
277.57,0.00089303
258.425,0.0009411
239.28,0.00099409
220.14000000000001,0.0010533
201.0,0.0011205
181.855,0.0011978
162.70999999999998,0.0012881
143.57,0.0013945
124.43,0.0015204
105.285,0.0016685
86.14,0.0018384
67.0,0.0020236
47.86,0.0022051
28.714999999999996,0.0023489
9.57,0.0024139
398.07000000000005,0.0014546
394.10999999999996,0.0014384
390.145,0.0015564
386.17999999999995,0.0015818
382.22,0.0017394
378.26000000000005,0.0017269
374.29999999999995,0.0017321
370.34,0.0016748
366.38000000000005,0.001576
362.41999999999996,0.0015854
358.46,0.0015756
354.50000000000006,0.0016306
350.53999999999996,0.0016575
346.58,0.0016376
342.615,0.0017093
338.65000000000003,0.0017182
334.69000000000005,0.0018566
330.72999999999996,0.0018945
326.77,0.0019908
322.81000000000006,0.0021521
318.84999999999997,0.0019427
314.89,0.002119
310.93000000000006,0.0020352
306.96999999999997,0.002174
303.01,0.0022491
299.045,0.0022498
295.08,0.0023847
291.12000000000006,0.0022906
287.15999999999997,0.0023986
283.2,0.0024111
279.24000000000007,0.0025571
275.28,0.0023793
271.32,0.0026446
267.36,0.0025302
263.4,0.0028566
259.44,0.0026106
255.48000000000005,0.0027247
251.515,0.0026927
247.54999999999998,0.003037
243.59,0.003056
239.63,0.0029933
235.67,0.0028471
231.71,0.0029642
227.75,0.0032137
223.79,0.0033244
219.82999999999998,0.0032903
215.87,0.0035196
211.91,0.0036501
207.95,0.003848
203.985,0.0037221
200.02,0.0038728
196.06,0.0037674
192.1,0.0039265
188.14000000000001,0.0038382
184.18,0.0041966
180.22,0.0041528
176.26,0.0044954
172.3,0.004362
168.34,0.0047971
164.38,0.004473
160.41499999999996,0.0048925
156.45,0.0046742
152.49,0.0052653
148.53,0.00509
144.57,0.005425
140.61,0.0050521
136.65,0.0053455
132.69,0.0053346
128.73000000000002,0.0059217
124.77,0.0060102
120.81,0.0061399
116.85000000000001,0.0064779
112.885,0.0066402
108.91999999999999,0.0068695
104.96,0.0070138
101.0,0.0072198
97.04,0.0075066
93.08,0.0075077
89.12,0.0078259
85.16,0.0082159
81.19999999999999,0.0088165
77.24000000000001,0.0090327
73.28,0.0093079
69.315,0.0096874
65.35,0.010278
61.39,0.010979
57.42999999999999,0.011747
53.470000000000006,0.012585
49.51,0.013192
45.55,0.014009
41.59,0.0146
37.629999999999995,0.016004
33.67000000000001,0.016009
29.71,0.017116
25.750000000000004,0.017897
21.785,0.019013
17.820000000000004,0.021735
13.860000000000001,0.022132
9.899999999999999,0.024127
3.96,0.02473
196.965,0.00115
193.48,0.0010963
189.995,0.00089531
186.51000000000002,0.00096513
183.025,0.00086602
179.535,0.0012262
176.04999999999998,0.0010071
172.565,0.0013627
169.08,0.0012506
165.595,0.0016083
162.105,0.0014077
158.61999999999998,0.0013123
155.135,0.0013325
151.645,0.0016492
148.16000000000003,0.0013955
144.675,0.0015158
141.18999999999997,0.00093843
137.70499999999998,0.0015586
134.215,0.0013574
130.73000000000002,0.0015653
127.24499999999999,0.0015265
123.76,0.001623
120.27499999999999,0.0014116
116.785,0.0015287
113.30000000000001,0.0016174
109.815,0.0020305
106.325,0.0016334
102.84,0.0019476
99.355,0.0017997
95.87,0.0024273
92.38499999999999,0.0019959
88.895,0.0016931
85.41,0.0013226
81.925,0.001502
78.44000000000001,0.0021355
74.955,0.0024739
71.465,0.0023794
67.98,0.002037
64.49499999999999,0.0021794
61.005,0.0021252
57.52,0.002391
54.035,0.0022142
50.55,0.0027578
47.065,0.001952
43.575,0.0024367
40.09,0.0016412
36.605,0.0035947
33.12,0.0020531
29.635,0.0031139
26.145000000000003,0.0017467
22.66,0.0024875
19.175,0.0029787
15.685,0.0031879
12.2,0.0044021
8.715,0.0043596
5.23,0.0050035
1.745,0.0054222
73.39,0.0033646
69.81,0.0019875
66.23,0.0038372
62.65,0.0031773
59.07,0.0015556
55.489999999999995,0.0046705
51.91,0.0010273
48.33,0.0040269
44.75,0.0039297
41.17,0.0032526
37.589999999999996,0.0051275
34.01,0.0039252
30.43,0.0059219
26.849999999999998,0.0056514
23.27,0.0063619
19.689999999999998,0.010225
16.11,0.010083
12.53,0.011039
8.95,0.015751
5.37,0.023885
1.79,0.061123
592.555,0.00084394
578.28,0.00096873
564.0,0.00094739
549.72,0.00093725
535.4399999999999,0.0010565
521.1600000000001,0.0010493
506.88500000000005,0.0012486
492.61,0.0010721
478.33000000000004,0.0010099
464.04999999999995,0.0013579
449.77,0.0012357
435.49000000000007,0.0014126
421.21,0.0014397
406.935,0.001518
392.66,0.0016158
378.38,0.0015031
364.09999999999997,0.0018596
349.82,0.0017245
335.54,0.0019375
321.26500000000004,0.0020692
306.99,0.0019332
292.71000000000004,0.0025024
278.42999999999995,0.0025345
264.15,0.0025304
249.87,0.0030191
235.595,0.0029455
221.32000000000002,0.0032706
207.04,0.0037005
192.76,0.0037989
178.48,0.0043174
164.20000000000002,0.0045993
149.92,0.0044221
135.645,0.0049346
121.37,0.0042208
107.08999999999999,0.0049205
92.81,0.004781
78.52999999999999,0.0055629
64.25,0.0048774
49.97500000000001,0.0046857
35.7,0.005864
21.419999999999998,0.0060674
7.14,0.0076273
403.16,0.00078615
387.945,0.0011112
372.73,0.00064089
357.51500000000004,0.00090173
342.30499999999995,0.0012604
327.09,0.0014578
311.875,0.0010146
296.66499999999996,0.0011538
281.45,0.0014415
266.235,0.0017824
251.025,0.0015923
235.81,0.0015757
220.595,0.0022108
205.38500000000002,0.0019987
190.17000000000002,0.0025849
174.955,0.0023498
159.745,0.0020571
144.53,0.0028592
129.315,0.0034685
114.10000000000001,0.0032432
98.885,0.0042457
83.675,0.0041024
68.46,0.0047887
53.245,0.0052133
38.035,0.0070423
22.82,0.0037426
7.6049999999999995,0.018701
103.945,0.015072
102.02,0.0071857
99.065,0.0068499
96.11,0.0062233
93.15,0.0058381
90.195,0.0066996
87.24,0.0055093
84.27999999999999,0.0064775
81.32000000000001,0.0061627
78.365,0.0061151
75.41000000000001,0.0066292
72.45,0.0068157
69.49,0.0068043
66.53500000000001,0.0076283
63.58,0.0080436
60.62,0.0066284
57.66499999999999,0.00968
54.709999999999994,0.0086101
51.75000000000001,0.0099159
48.79,0.010285
45.835,0.010854
42.88,0.011905
39.919999999999995,0.012374
36.964999999999996,0.012509
34.01,0.013031
31.05,0.01406
28.09,0.014975
25.135,0.014091
22.18,0.018139
19.220000000000002,0.016071
16.264999999999997,0.020745
13.309999999999999,0.024615
10.35,0.032003
7.39,0.041731
4.435,0.050096
1.48,0.088516
1039.75,0.00071508
1026.65,0.00050691
1013.55,0.00038702
1000.475,0.00041889
987.41,0.00035784
974.33,0.00038597
961.255,0.00033327
948.1800000000001,0.00035858
935.1,0.00030037
922.0200000000001,0.00036423
908.9399999999999,0.0003306
895.8649999999999,0.00038624
882.79,0.00037652
869.71,0.00043073
856.63,0.00041695
843.5500000000001,0.00042399
830.47,0.00042148
817.3950000000001,0.00043924
804.32,0.00041099
791.2399999999999,0.00038745
778.16,0.00041491
765.0799999999999,0.00044919
752.0,0.00049263
738.9250000000001,0.00050001
725.85,0.0005176
712.77,0.00051567
699.69,0.00046441
686.6099999999999,0.00050907
673.53,0.0004953
660.455,0.00057047
647.38,0.00057207
634.3,0.00061309
621.22,0.0006023
608.14,0.00062856
595.0600000000001,0.00063002
581.985,0.00063698
568.9100000000001,0.00067665
555.83,0.00073239
542.75,0.00077577
529.67,0.0008146
516.59,0.00080442
503.51499999999993,0.00087783
490.44,0.00088143
477.36,0.00096751
464.28000000000003,0.00097694
451.2,0.0010195
438.12,0.001054
425.045,0.0011592
411.97,0.0012299
398.89,0.0012853
385.81,0.0013548
372.73,0.001355
359.65000000000003,0.0015182
346.575,0.0016065
333.5,0.0018409
320.41999999999996,0.0018748
307.34,0.0020807
294.26,0.002233
281.18,0.0024581
268.105,0.0026729
255.02999999999997,0.002898
241.95,0.0031507
228.87,0.0034453
215.79,0.0037418
202.71,0.0041173
189.635,0.004458
176.56,0.0049816
163.48000000000002,0.0056554
150.39999999999998,0.0063362
137.32,0.0071881
124.24000000000001,0.0081987
111.165,0.0093481
98.09,0.01108
85.01,0.013011
71.92999999999999,0.01696
58.85,0.02228
45.77,0.032396
32.695,0.053484
19.619999999999997,0.088077
6.54,0.13307
770.51,0.00041382
756.11,0.00037772
741.71,0.00045463
727.305,0.00036425
712.9,0.00042937
698.5,0.0003307
684.0999999999999,0.00048044
669.6999999999999,0.00041635
655.295,0.00047326
640.89,0.00050515
626.49,0.00056115
612.09,0.00058937
597.69,0.00063385
583.2850000000001,0.00059219
568.8800000000001,0.00066167
554.48,0.00053844
540.08,0.00073923
525.675,0.00069314
511.27,0.00086307
496.87000000000006,0.00077542
482.47,0.0008323
468.07,0.00086956
453.66499999999996,0.00094097
439.26,0.0010277
424.86,0.0010532
410.46,0.001184
396.05999999999995,0.0011901
381.655,0.001201
367.24999999999994,0.0011673
352.85,0.001243
338.45000000000005,0.0014462
324.05,0.0016184
309.645,0.0017892
295.24,0.0019586
280.84,0.0020479
266.44,0.0023012
252.04000000000005,0.0024274
237.635,0.0026027
223.23,0.0028447
208.83,0.0029241
194.42999999999998,0.0033689
180.02499999999998,0.0032637
165.61999999999998,0.0038654
151.22000000000003,0.0037348
136.82,0.0045244
122.42,0.0044851
108.015,0.0049865
93.61,0.0050353
79.21000000000001,0.0056652
64.81,0.0064628
50.41,0.0067607
36.004999999999995,0.0069642
21.6,0.0062956
7.2,0.006139
649.045,0.0025606
635.615,0.0013288
617.71,0.0014451
599.805,0.0013136
581.9,0.0013952
563.995,0.0013865
546.0899999999999,0.001461
528.185,0.0014534
510.2800000000001,0.0015306
492.375,0.0016208
474.47,0.0017468
456.57000000000005,0.00196
438.66499999999996,0.0019893
420.76000000000005,0.0021527
402.85499999999996,0.0022066
384.95,0.0023462
367.045,0.0024909
349.14,0.0024603
331.235,0.0027932
313.33,0.0028983
295.425,0.003148
277.52,0.0034018
259.615,0.0035853
241.70999999999998,0.0039101
223.81,0.0041984
205.905,0.0044855
188.0,0.0048057
170.095,0.0050934
152.19,0.0054225
134.285,0.0057516
116.38,0.006409
98.47500000000001,0.0070136
80.57000000000001,0.0079839
62.665,0.0080468
44.76,0.0091524
26.855,0.010266
8.95,0.013622
318.21,0.0053281
313.355,0.0023907
304.53,0.0019862
295.705,0.0017915
286.875,0.0019848
278.04499999999996,0.0018995
269.22,0.0018511
260.395,0.0020437
251.56499999999997,0.0020892
242.74,0.0020299
233.915,0.0022329
225.085,0.0023967
216.26000000000002,0.0025032
207.435,0.0025207
198.605,0.0028425
189.78,0.0027705
180.955,0.0034639
172.125,0.0028345
163.295,0.0038329
154.47,0.0036239
145.645,0.0041867
136.815,0.0044016
127.99,0.0047523
119.16499999999999,0.0055768
110.33500000000001,0.0055044
101.51,0.0065823
92.685,0.0070331
83.855,0.0072398
75.03,0.0078499
66.205,0.0089097
57.37499999999999,0.0093963
48.545,0.0096496
39.720000000000006,0.010967
30.895,0.015451
22.065,0.016491
13.239999999999998,0.019994
4.415,0.02941
722.235,0.0013549
714.75,0.00059474
707.2700000000001,0.00079476
699.785,0.00066427
692.3,0.00066837
684.8149999999999,0.00063873
677.33,0.00062906
669.845,0.00061834
662.36,0.00061207
654.88,0.00060738
647.3950000000001,0.00060453
639.91,0.00060298
632.4250000000001,0.00060256
624.94,0.00060491
617.4549999999999,0.00060915
609.97,0.00061416
602.485,0.00061986
595.0,0.00062619
587.5200000000001,0.00063311
580.035,0.00064059
572.55,0.00064859
565.065,0.00065709
557.5799999999999,0.00066609
550.095,0.00067555
542.61,0.00068548
535.13,0.00069422
527.645,0.00070324
520.16,0.00071264
512.675,0.00072242
505.19000000000005,0.00073258
497.7049999999999,0.00074312
490.21999999999997,0.00075403
482.74,0.00076532
475.255,0.00077732
467.77000000000004,0.00079003
460.285,0.00080315
452.79999999999995,0.00081667
445.315,0.00083059
437.83,0.00084492
430.35,0.00085967
422.865,0.00087427
415.38,0.00088922
407.895,0.00090457
400.41,0.00092032
392.925,0.00093647
385.44,0.00095235
377.96,0.0009658
370.475,0.00097949
362.99,0.00099341
355.505,0.0010076
348.02,0.0010219
340.53499999999997,0.001036
333.04999999999995,0.0010504
325.57000000000005,0.0010649
318.085,0.0010796
310.59999999999997,0.0011012
303.115,0.0011383
295.63,0.0011762
288.145,0.0012149
280.66,0.0012545
273.17999999999995,0.0012835
265.695,0.001304
258.21,0.0013247
250.72499999999997,0.0013454
243.24,0.0013663
235.755,0.0013886
228.27,0.001411
220.79,0.0014334
213.305,0.0014557
205.82,0.0014808
198.335,0.0015083
190.85000000000002,0.0015357
183.365,0.0015632
175.87999999999997,0.0015905
168.39499999999998,0.0016161
160.91,0.0016406
153.43,0.0016647
145.945,0.0016883
138.46,0.0017113
130.975,0.0017371
123.49000000000001,0.0017641
116.005,0.0017904
108.52000000000001,0.0018159
101.03999999999999,0.0018405
93.55499999999999,0.0018642
86.07000000000001,0.0018867
78.58500000000001,0.0019082
71.1,0.0019283
63.615,0.0019472
56.13,0.0019646
48.65,0.0019804
41.165,0.0019947
33.68,0.0020074
26.195000000000004,0.0020183
18.71,0.0020275
11.225000000000001,0.0020349
3.7399999999999998,0.0020405
498.865,0.0033556
494.45,0.0016187
488.925,0.0017803
483.4,0.0015305
477.875,0.0015133
472.34999999999997,0.0014539
466.825,0.0014316
461.3,0.0014111
455.77500000000003,0.0013999
450.25000000000006,0.0013928
444.725,0.0013898
439.20000000000005,0.0013897
433.675,0.0013921
428.15000000000003,0.0013964
422.63,0.0014024
417.105,0.0014098
411.58,0.0014184
406.055,0.0014281
400.53,0.0014387
395.005,0.0014502
389.48,0.0014624
383.955,0.0014752
378.43,0.0014885
372.90500000000003,0.0015065
367.38000000000005,0.0015285
361.85999999999996,0.0015513
356.335,0.0015746
350.81,0.0015986
345.285,0.0016232
339.76,0.0016483
334.235,0.0016637
328.71,0.0016786
323.185,0.0016936
317.66,0.0017086
312.135,0.0017237
306.61,0.0017404
301.09,0.0017572
295.56499999999994,0.0017741
290.03999999999996,0.0017993
284.515,0.0018323
278.98999999999995,0.0018658
273.465,0.0018996
267.94,0.0018899
262.415,0.0018785
256.89,0.0018885
251.365,0.0019162
245.84,0.0019442
240.31999999999996,0.0019692
234.795,0.0019914
229.26999999999998,0.0020134
223.745,0.0020552
218.22000000000003,0.0020983
212.69500000000002,0.0021237
207.17000000000002,0.0021314
201.645,0.0021383
196.12,0.0021677
190.59500000000003,0.002224
185.07000000000002,0.0022795
179.54999999999998,0.0022977
174.02499999999998,0.0023154
168.49999999999997,0.0023325
162.975,0.0023419
157.45,0.0023503
151.92499999999998,0.0023683
146.39999999999998,0.0023948
140.875,0.0024208
135.35000000000002,0.0024464
129.82500000000002,0.0024736
124.3,0.0025003
118.78,0.0025264
113.255,0.0025458
107.72999999999999,0.0025573
102.20499999999998,0.002568
96.68,0.0025776
91.155,0.0025934
85.63,0.0026174
80.105,0.0026406
74.58000000000001,0.002663
69.055,0.0026844
63.53,0.002705
58.01,0.0027245
52.48500000000001,0.002743
46.96,0.0027605
41.435,0.0027769
35.91,0.0027923
30.384999999999998,0.0028065
24.86,0.0028195
19.335,0.0028314
13.81,0.0028421
8.285,0.0028516
2.76,0.0028599
785.2099999999999,0.00033445
771.31,0.00047779
757.415,0.00024642
743.52,0.00035481
729.6199999999999,0.00031308
715.72,0.0004754
701.825,0.00035184
687.9300000000001,0.00027948
674.03,0.0003077
660.13,0.00023516
646.235,0.00033864
632.34,0.00040548
618.4399999999999,0.00046946
604.54,0.00043031
590.645,0.00045743
576.75,0.00050051
562.8499999999999,0.00046095
548.95,0.00058191
535.0550000000001,0.00062778
521.16,0.00065338
507.26000000000005,0.00070041
493.36,0.00072926
479.46500000000003,0.00069438
465.57000000000005,0.00067096
451.67,0.00074484
437.77,0.00076569
423.875,0.00081753
409.98,0.00087942
396.08,0.0011656
382.17999999999995,0.0011755
368.28499999999997,0.0011015
354.39,0.0011463
340.49,0.0012913
326.59,0.0014397
312.695,0.0015357
298.8,0.0014909
284.9,0.0017037
271.0,0.0017059
257.105,0.0019333
243.20999999999998,0.0019631
229.31,0.0022512
215.41,0.0023776
201.515,0.0026735
187.62,0.0026952
173.72,0.0031386
159.82000000000002,0.003467
145.925,0.0037701
132.02999999999997,0.004092
118.13,0.0043624
104.23,0.0050917
90.335,0.0057389
76.44000000000001,0.0062444
62.54,0.0072761
48.64,0.0064857
34.745,0.0088901
20.85,0.0074023
6.949999999999999,0.0092168
486.65500000000003,0.00077512
469.58,0.001187
452.505,0.0010603
435.43,0.0015644
418.35,0.00051296
401.275,0.0014713
384.2,0.0016155
367.12500000000006,0.0017156
350.04999999999995,0.0013199
332.975,0.0016599
315.90000000000003,0.0021064
298.825,0.0020117
281.75,0.0026297
264.67,0.0018758
247.595,0.0032773
230.52,0.0035242
213.445,0.0030134
196.36999999999998,0.0047016
179.295,0.0048036
162.22,0.0053264
145.14,0.0065858
128.065,0.0070743
110.99000000000001,0.0089046
93.91499999999999,0.0094197
76.83999999999999,0.011479
59.765,0.01571
42.69,0.020143
25.615,0.025848
8.540000000000001,0.03949
591.2649999999999,0.00042962
577.0150000000001,0.00038946
562.765,0.00055344
548.52,0.00052429
534.2750000000001,0.00076851
520.025,0.00065092
505.775,0.00085711
491.53000000000003,0.00075493
477.285,0.00078271
463.03499999999997,0.00087432
448.79,0.00083823
434.545,0.00099162
420.29499999999996,0.00087947
406.045,0.00082444
391.8,0.0010287
377.55499999999995,0.0010133
363.305,0.0012411
349.055,0.00094429
334.81,0.0010794
320.565,0.0011727
306.315,0.0013915
292.07,0.001474
277.825,0.001331
263.575,0.0015513
249.32500000000002,0.0016668
235.08,0.0020059
220.835,0.0019243
206.585,0.0024396
192.335,0.0021913
178.09000000000003,0.0027044
163.84500000000003,0.0025203
149.595,0.0028878
135.35000000000002,0.0033295
121.105,0.0036399
106.855,0.0039634
92.60499999999999,0.0042109
78.36,0.0050743
64.11500000000001,0.0060906
49.865,0.0069831
35.615,0.0066714
21.37,0.010338
7.125,0.015546
506.93,0.0039378
502.36499999999995,0.0018415
496.995,0.0021385
491.62,0.0018068
486.245,0.0017922
480.875,0.0017109
475.505,0.0016797
470.13000000000005,0.001649
464.75500000000005,0.0016305
459.385,0.0016172
454.01000000000005,0.0016093
448.635,0.0016053
443.26500000000004,0.0016047
437.89,0.0016059
432.515,0.0016054
427.145,0.0016071
421.77500000000003,0.0016106
416.4,0.0016158
411.025,0.0016226
405.655,0.0016308
400.28,0.0016404
394.90500000000003,0.0016563
389.535,0.0016752
384.16499999999996,0.0016953
378.78999999999996,0.0017168
373.415,0.0017396
368.045,0.0017637
362.6700000000001,0.001789
357.295,0.0018123
351.925,0.0018342
346.555,0.0018571
341.18000000000006,0.0018812
335.805,0.0019064
330.43500000000006,0.0019327
325.06,0.0019602
319.685,0.0019952
314.315,0.0020328
308.94500000000005,0.0020719
303.57,0.0021125
298.195,0.0021548
292.825,0.0021987
287.45,0.0022408
282.07500000000005,0.0022743
276.705,0.0023091
271.33,0.0023451
265.955,0.0023824
260.58500000000004,0.002421
255.21499999999997,0.0024677
249.84,0.0025326
244.46499999999997,0.0025999
239.095,0.0026699
233.72,0.0027427
228.34500000000003,0.0028183
222.975,0.0028751
217.605,0.0029321
212.23,0.0029911
206.85500000000002,0.0030521
201.48499999999999,0.0031152
196.11,0.0032
190.73499999999999,0.0032929
185.365,0.0033893
179.995,0.0034894
174.62,0.0035917
169.245,0.0036667
163.875,0.0037439
158.5,0.003823
153.125,0.0039041
147.755,0.0039927
142.385,0.0041117
137.01,0.0042345
131.635,0.0043609
126.26500000000001,0.0044907
120.89,0.0046121
115.515,0.0047295
110.145,0.0048489
104.775,0.0049698
99.4,0.0050918
94.02499999999999,0.0052016
88.65500000000002,0.0053039
83.27999999999999,0.0054044
77.905,0.0055024
72.53499999999998,0.005597
67.16,0.0056875
61.785,0.0057727
56.415,0.0058519
51.045,0.005924
45.67,0.0059879
40.294999999999995,0.0060427
34.925,0.0060875
29.55,0.0061213
24.174999999999997,0.0061434
18.805,0.0061532
13.434999999999999,0.0061501
8.059999999999999,0.0061338
2.685,0.0061047
652.89,0.00099113
644.245,0.00039516
635.595,0.00071857
626.9449999999999,0.00040618
618.2950000000001,0.00051143
609.65,0.00044701
601.005,0.00056077
592.355,0.00027968
583.705,0.00043647
575.0600000000001,0.00038549
566.415,0.00057825
557.7650000000001,0.00011291
549.115,0.00060983
540.47,0.00033182
531.825,0.0001443
523.175,0.00051825
514.525,0.00049691
505.88,0.00038032
497.23499999999996,0.000652
488.58500000000004,
479.935,0.00024471
471.28999999999996,0.0006162
462.645,0.00043377
453.99500000000006,0.00030709
445.34499999999997,0.00061036
436.7,0.00020259
428.05499999999995,0.00066973
419.40500000000003,0.00035519
410.755,0.0005398
402.10999999999996,0.00059526
393.465,0.00053492
384.815,0.00044194
376.16499999999996,0.00074775
367.52000000000004,
358.875,0.00089881
350.225,0.00073779
341.575,0.00055498
332.93,0.00064472
324.285,0.00071998
315.635,0.00013429
306.98499999999996,0.0008049
298.34,0.00060813
289.69500000000005,0.00080294
281.045,0.00053849
272.395,0.00077549
263.75,0.00097499
255.10500000000002,
246.455,0.001043
237.80499999999998,0.00029564
229.16,0.001183
220.51500000000001,0.0011758
211.865,0.00083109
203.215,0.0013108
194.57000000000002,0.0010951
185.925,0.0016325
177.275,0.0012449
168.625,0.0017365
159.98000000000002,0.0013073
151.335,0.002032
142.685,0.0012207
134.03500000000003,0.0026563
125.39,0.0024638
116.745,0.0030562
108.095,0.002533
99.44500000000001,0.0031736
90.8,0.0032278
82.155,0.0032959
73.505,0.004635
64.85499999999999,0.0042897
56.209999999999994,0.0051809
47.565,0.0061807
38.915000000000006,0.0077765
30.265,0.0094892
21.62,0.011677
12.975,0.013541
4.325,0.018651
549.015,0.0012721
531.5849999999999,0.0012554
514.16,0.0013822
496.73499999999996,0.0016048
479.305,0.0016013
461.87500000000006,0.0018046
444.445,0.0018837
427.01500000000004,0.0019658
409.585,0.0019586
392.15500000000003,0.0022673
374.72499999999997,0.0024178
357.295,0.0025137
339.86499999999995,0.0028382
322.435,0.0027621
305.01,0.002824
287.585,0.0033637
270.15500000000003,0.0033494
252.72499999999997,0.0034578
235.29500000000002,0.0040396
217.865,0.0035818
200.435,0.0047578
183.005,0.0049911
165.575,0.0055457
148.145,0.0066244
130.715,0.0071987
113.285,0.0091087
95.86,0.010541
78.435,0.013569
61.005,0.01819
43.575,0.024001
26.145000000000003,0.035362
8.715,0.064634
397.49500000000006,0.00066139
385.26,0.00153
373.025,0.000882
360.79499999999996,0.0016309
348.565,0.00053431
336.335,0.00136
324.10499999999996,0.0015543
311.875,0.0016133
299.645,0.0015211
287.41499999999996,0.0014405
275.185,0.0023896
262.955,0.0020333
250.72499999999997,0.0019508
238.495,0.0024481
226.265,0.0033101
214.035,0.0017315
201.805,0.0038637
189.575,0.0024919
177.345,0.0037671
165.115,0.0025641
152.885,0.0039953
140.655,0.0043962
128.42000000000002,0.0048215
116.18500000000002,0.0040435
103.955,0.005922
91.725,0.0048718
79.495,0.0054326
67.265,0.0061791
55.035000000000004,0.0049185
42.80499999999999,0.011186
30.575,0.01176
18.345,0.019606
6.115,0.014659
677.2,0.0010694
669.375,0.00062342
661.5450000000001,0.00088358
653.715,0.0007644
645.885,0.00069101
638.0550000000001,0.00034005
630.225,0.00050278
622.395,0.0006103
614.565,0.00072598
606.74,0.00073215
598.915,0.0007012
591.0849999999999,0.00043456
583.255,0.00038043
575.425,0.00040081
567.5949999999999,0.00083829
559.765,0.00066727
551.935,0.00059645
544.1049999999999,0.00057489
536.28,0.00046477
528.455,0.00084407
520.625,0.00067061
512.795,0.00078185
504.965,0.00076963
497.135,0.00064433
489.305,0.0010111
481.47499999999997,0.00063974
473.645,0.00085203
465.815,0.0005829
457.99,0.00090536
450.16499999999996,0.00081898
442.335,0.00088658
434.505,0.00095625
426.675,0.00085983
418.845,0.00084183
411.01500000000004,0.0007984
403.185,0.00088257
395.355,0.0010149
387.53000000000003,0.0010426
379.70500000000004,0.0011947
371.875,0.0011225
364.045,0.0011448
356.21500000000003,0.0011885
348.385,0.00093056
340.555,0.0011796
332.72499999999997,0.0012155
324.895,0.0014414
317.06999999999994,0.0016164
309.245,0.0013298
301.41499999999996,0.0014525
293.585,0.0014027
285.755,0.0013652
277.92499999999995,0.0015315
270.09499999999997,0.0011616
262.26500000000004,0.0015416
254.43500000000003,0.0017039
246.60999999999999,0.0018739
238.785,0.0019238
230.95499999999998,0.0018814
223.125,0.0018607
215.29500000000002,0.0021111
207.465,0.0018831
199.63500000000002,0.0016739
191.805,0.0015315
183.975,0.0016055
176.15,0.0022035
168.325,0.0019718
160.495,0.0025636
152.665,0.0020262
144.83499999999998,0.002421
137.005,0.002344
129.175,0.0031662
121.34500000000001,0.0036477
113.515,0.0034616
105.69000000000001,0.0035172
97.86500000000001,0.0029942
90.03500000000001,0.003479
82.205,0.0029235
74.375,0.0037487
66.54499999999999,0.004295
58.715,0.0047832
50.885,0.0046811
43.05499999999999,0.0044465
35.23,0.00471
27.404999999999998,0.0047058
19.575000000000003,0.0044885
11.745000000000001,0.0044516
3.915,0.0047203
500.65000000000003,0.00060007
493.745,0.0002887
486.83500000000004,0.00037691
479.92999999999995,0.00033242
473.02500000000003,0.00034148
466.12,0.00033789
459.21500000000003,0.00034203
452.31,0.00034602
445.405,0.00035182
438.5,0.00035838
431.595,0.00036577
424.69,0.0003738
417.78499999999997,0.00038239
410.875,0.00039148
403.96999999999997,0.00040101
397.065,0.00041095
390.16,0.00042127
383.255,0.00043195
376.35,0.00044296
369.44500000000005,0.0004543
362.53999999999996,0.00046595
355.63500000000005,0.00047791
348.725,0.00049017
341.82,0.00050272
334.91499999999996,0.00051557
328.01000000000005,0.00052872
321.10499999999996,0.00054217
314.20000000000005,0.00055592
307.29499999999996,0.00057
300.39,0.00058441
293.485,0.00059917
286.58,0.0006143
279.675,0.00062983
272.76500000000004,0.00064578
265.86,0.00066219
258.955,0.00067912
252.04999999999998,0.00069661
245.145,0.00071472
238.24,0.00073352
231.335,0.00075311
224.43,0.00077358
217.52500000000003,0.00079505
210.615,0.00081764
203.71,0.00084152
196.805,0.00086687
189.9,0.00089388
182.995,0.0009228
176.09,0.00095389
169.18499999999997,0.00098746
162.27999999999997,0.0010238
155.37499999999997,0.0010616
148.47,0.0011028
141.565,0.0011479
134.65500000000003,0.0011975
127.75,0.001252
120.845,0.0013121
113.94,0.0013783
107.03500000000001,0.0014513
100.13,0.0015315
93.22500000000001,0.0016195
86.32000000000001,0.0017154
79.415,0.0018195
72.505,0.0019314
65.6,0.0020502
58.695,0.0021745
51.790000000000006,0.0023019
44.885,0.0024289
37.98,0.0025511
31.075,0.002663
24.169999999999998,0.0027585
17.265,0.0028313
10.36,0.0028759
3.455,0.0028891
344.95,0.0013852
324.045,0.001545
303.135,0.0019023
282.22999999999996,0.001915
261.32500000000005,0.0021777
240.42,0.002459
219.51500000000001,0.002914
198.605,0.0032734
177.70000000000002,0.0039533
156.79500000000002,0.0038351
135.89000000000001,0.0052945
114.985,0.0053993
94.07499999999999,0.0073548
73.17,0.0080894
52.265,0.01075
31.36,0.015885
10.455,0.018732
589.99,0.00066137
580.07,0.00038689
570.155,0.00041494
560.2400000000001,0.00024889
550.3249999999999,0.00016322
540.4100000000001,0.00034833
530.4949999999999,0.00029977
520.58,0.00036736
510.66,0.00019594
500.745,0.00034414
490.83,0.00026067
480.91499999999996,0.00032289
471.0,0.00034106
461.085,0.00035631
451.16999999999996,0.00020992
441.25000000000006,0.00028955
431.33500000000004,0.00024582
421.42,0.00043382
411.505,0.00037464
401.59,0.00047875
391.66999999999996,0.00044898
381.755,0.00039971
371.84000000000003,0.00038066
361.925,0.00033997
352.01000000000005,0.00048584
342.095,0.00048313
332.18,0.00056485
322.26,0.00040279
312.34499999999997,0.00047864
302.42999999999995,0.00046303
292.515,0.00066008
282.59999999999997,0.00076946
272.685,0.00075702
262.77,0.00072754
252.85000000000002,0.00079169
242.935,0.00083702
233.02,0.00095902
223.105,0.00090334
213.19,0.00096737
203.27499999999998,0.00095585
193.36,0.0010985
183.44,0.001227
173.52499999999998,0.0013268
163.61,0.0013082
153.69500000000002,0.0013992
143.78000000000003,0.0016387
133.85999999999999,0.0018935
123.945,0.0019281
114.02999999999999,0.0021863
104.115,0.0021021
94.2,0.0025428
84.285,0.0024513
74.36999999999999,0.0027271
64.45,0.0027165
54.535,0.0032153
44.62,0.0037081
34.705,0.0040574
24.79,0.0051301
14.875,0.0072375
4.96,0.011008
248.145,0.0010897
240.51,0.0011569
232.875,0.0014647
225.24,0.0013161
217.605,0.0017038
209.97,0.0012547
202.33499999999998,0.0010596
194.7,0.001965
187.06499999999997,0.0017406
179.42999999999998,0.0018598
171.795,0.0023762
164.16,0.0019245
156.52500000000003,0.0027841
148.89000000000001,0.0023843
141.25,0.0030944
133.61499999999998,0.0031018
125.98,0.0031614
118.345,0.0037008
110.71000000000001,0.0036701
103.075,0.0049823
95.44,0.004481
87.80499999999999,0.0057812
80.16999999999999,0.0059117
72.535,0.0069838
64.9,0.0083383
57.26499999999999,0.008839
49.629999999999995,0.011285
41.995,0.011959
34.36,0.01677
26.724999999999998,0.021158
19.09,0.026413
11.455,0.041421
3.82,0.080812
115.025,0.0057579
110.99000000000001,0.0030455
106.94999999999999,0.0034309
102.915,0.0031862
98.88,0.0030197
94.845,0.0039315
90.81,0.0035211
86.77,0.0041213
82.735,0.0035056
78.69999999999999,0.0042753
74.665,0.004247
70.63,0.0042707
66.59,0.0039664
62.555,0.0040704
58.52,0.0037132
54.48500000000001,0.0041298
50.45,0.0050139
46.415,0.0053371
42.38,0.0045979
38.339999999999996,0.0039127
34.305,0.0065268
30.27,0.0062141
26.235000000000003,0.0076976
22.199999999999996,0.0074923
18.160000000000004,0.0084774
14.125,0.0085949
10.09,0.010506
6.055000000000001,0.012283
2.02,0.013816
87.07000000000001,0.010248
79.495,0.010591
71.925,0.012271
64.35499999999999,0.01408
56.785000000000004,0.016118
49.214999999999996,0.022143
41.645,0.026009
34.075,0.032752
26.500000000000004,0.035399
18.925,0.04305
11.355,0.065628
3.785,0.084861
204.62,0.0026434
199.69500000000002,0.0014713
194.225,0.0017026
188.755,0.0015472
183.28499999999997,0.0015103
177.815,0.0015359
172.34,0.0016858
166.86499999999998,0.0017126
161.395,0.0018747
155.92499999999998,0.0017646
150.455,0.0018064
144.98499999999999,0.0018072
139.515,0.0019934
134.04500000000002,0.0020809
128.575,0.0021208
123.1,0.0020992
117.62500000000001,0.0021875
112.155,0.0022203
106.685,0.0024725
101.215,0.0027282
95.74499999999999,0.0031163
90.27499999999999,0.0030807
84.805,0.0031601
79.33500000000001,0.0031348
73.86000000000001,0.0033147
68.385,0.0034455
62.915,0.0041503
57.44499999999999,0.0045622
51.975,0.0052065
46.505,0.0057839
41.035000000000004,0.0068084
35.565,0.0081506
30.094999999999995,0.0099574
24.62,0.011532
19.145000000000003,0.013444
13.674999999999999,0.015638
8.205,0.022263
2.735,0.032222
992.6300000000001,0.00034106
971.71,0.00034713
950.8149999999999,0.00035922
929.9200000000001,0.00037146
909.02,0.00038555
888.125,0.00040085
867.2299999999999,0.00041757
846.33,0.00043569
825.435,0.0004553
804.5400000000001,0.00047649
783.64,0.00049938
762.74,0.00052408
741.8450000000001,0.00055077
720.9499999999999,0.00057961
700.0500000000001,0.00061079
679.155,0.00064454
658.2600000000001,0.0006811
637.3599999999999,0.00072076
616.46,0.00076381
595.565,0.00081094
574.67,0.0008642
553.7700000000001,0.00092235
532.875,0.00098592
511.98,0.0010555
491.08000000000004,0.0011317
470.18499999999995,0.0012154
449.28999999999996,0.0013072
428.39,0.0014082
407.49,0.0015192
386.595,0.0016412
365.70000000000005,0.0017755
344.8,0.0019229
323.905,0.0020847
303.01,0.0022619
282.10999999999996,0.0024552
261.21,0.0026652
240.315,0.0028919
219.42000000000002,0.0031346
198.51999999999998,0.0033916
177.62499999999997,0.0036599
156.73,0.0039351
135.83,0.0042106
114.935,0.0044782
94.03999999999999,0.0047278
73.14,0.0049482
52.239999999999995,0.005128
31.345,0.0052568
10.45,0.0053283
350.435,0.0015475
346.52,0.0010345
342.6,0.0011573
338.685,0.00089623
334.77000000000004,0.00085938
330.855,0.00077728
326.94,0.00099101
323.02500000000003,0.00085829
319.11,0.00096415
315.195,0.00072382
311.28,0.00098609
307.365,0.00080695
303.45,0.00097901
299.53,0.00089213
295.61499999999995,0.00087322
291.69999999999993,0.00072591
287.78499999999997,0.00054204
283.86999999999995,0.00082227
279.955,0.00090133
276.04,0.00088394
272.125,0.00078124
268.21,0.00075237
264.295,0.0009677
260.38,0.0010186
256.46000000000004,0.0010047
252.54500000000002,0.00094041
248.63,0.00095364
244.715,0.0011287
240.8,0.00099354
236.88500000000002,0.0010104
232.97,0.0010298
229.055,0.00096406
225.14000000000001,0.00082548
221.225,0.00088919
217.31,0.0010895
213.39000000000001,0.0013056
209.47500000000002,0.0011416
205.56000000000003,0.0012147
201.645,0.001218
197.73000000000002,0.0011168
193.81500000000003,0.001119
189.9,0.0013567
185.985,0.00126
182.07000000000002,0.0012757
178.155,0.0010106
174.24,0.0011309
170.32,0.0013595
166.40500000000003,0.0012615
162.49,0.0014965
158.57500000000002,0.0015456
154.66000000000003,0.0015417
150.745,0.0016762
146.83,0.0016487
142.91500000000002,0.0019954
139.0,0.0019134
135.085,0.0017401
131.17000000000002,0.0018342
127.25,0.0017317
123.335,0.0020146
119.42,0.0018603
115.505,0.0022658
111.58999999999999,0.0022054
107.675,0.0019933
103.75999999999999,0.0021521
99.845,0.0022587
95.93,0.0027407
92.015,0.0024441
88.1,0.002385
84.18,0.0025908
80.265,0.0024927
76.35,0.0030366
72.435,0.0026851
68.52,0.0030156
64.60499999999999,0.0027308
60.68999999999999,0.0032657
56.775,0.0036896
52.86000000000001,0.0046664
48.945,0.004654
45.03,0.005358
41.10999999999999,0.0053193
37.195,0.0063927
33.28,0.006096
29.365000000000002,0.0067747
25.45,0.0064199
21.535,0.007005
17.62,0.0069654
13.705,0.0086192
9.790000000000001,0.010251
5.875,0.012395
1.96,0.015027
392.025,0.0017526
374.59999999999997,0.0018915
357.18,0.0021368
339.75500000000005,0.0023213
322.33,0.0021793
304.91,0.0029136
287.485,0.002922
270.06,0.0033957
252.64000000000004,0.003362
235.215,0.0043747
217.79,0.0039953
200.37,0.005591
182.945,0.0050728
165.52,0.006443
148.10000000000002,0.0081731
130.67499999999998,0.0080696
113.24999999999999,0.011868
95.83,0.012915
78.405,0.016761
60.98,0.019187
43.56,0.025077
26.134999999999998,0.041077
8.71,0.071004
330.51,0.0011077
327.98499999999996,0.00069538
323.40000000000003,0.00057273
318.815,0.00052065
314.22499999999997,0.00044353
309.635,0.00040125
305.05,0.00046571
300.465,0.00054509
295.875,0.00044467
291.29,0.00048809
286.705,0.00034547
282.115,0.00050957
277.52500000000003,0.00039896
272.93999999999994,0.00049256
268.355,0.00056138
263.76500000000004,0.00029422
259.17999999999995,0.00049606
254.59500000000003,0.00023296
250.00500000000002,0.00058041
245.415,0.00052933
240.82999999999998,0.00062333
236.24499999999998,0.00062394
231.655,0.00065261
227.06500000000003,0.00058781
222.48000000000002,0.00068289
217.895,0.00058235
213.30500000000004,0.00053589
208.72000000000003,0.00045823
204.13500000000002,0.00068277
199.545,0.00079764
194.95499999999998,0.00076559
190.36999999999998,0.00074352
185.78499999999997,0.00073377
181.195,0.00069844
176.60500000000002,0.00059354
172.02,0.00075813
167.435,0.00091215
162.84500000000003,0.0010295
158.26000000000002,0.0010157
153.675,0.00097959
149.085,0.0010329
144.49499999999998,0.00091538
139.90999999999997,0.001119
135.325,0.0012827
130.73499999999999,0.001296
126.14999999999998,0.0013213
121.56500000000001,0.0012362
116.975,0.0015169
112.385,0.0015782
107.80000000000001,0.0016266
103.215,0.0015085
98.62499999999999,0.0016623
94.03500000000001,0.001655
89.45,0.00186
84.865,0.0020009
80.275,0.0020483
75.69000000000001,0.0022617
71.105,0.0020835
66.51499999999999,0.0022806
61.925000000000004,0.0019915
57.34,0.0026823
52.754999999999995,0.0025556
48.165,0.0030375
43.58,0.0029509
38.995000000000005,0.0036944
34.40500000000001,0.0037415
29.815,0.0048106
25.23,0.0053895
20.645,0.006825
16.055,0.0072445
11.465,0.0085119
6.88,0.011784
2.2950000000000004,0.017554
1314.35,0.00028027
1291.85,0.00017319
1269.4,0.00027525
1246.95,0.00011071
1224.45,0.0002897
1202.0,0.00033287
1179.55,0.00022242
1157.05,0.00029162
1134.6,0.00028577
1112.1499999999999,0.00040071
1089.65,0.00015576
1067.2,0.00049364
1044.75,0.00043131
1022.2500000000001,0.00042241
999.7799999999999,0.00045153
977.325,0.00060245
954.86,0.00048138
932.395,0.00067418
909.925,0.00042526
887.455,0.0007574
864.9899999999999,0.00067446
842.525,0.0008043
820.055,0.0007186
797.585,0.00077276
775.12,0.000588
752.655,0.00064358
730.185,0.0007378
707.72,0.00072679
685.255,0.00078121
662.785,0.00074004
640.3149999999999,0.00065755
617.85,0.00075876
595.3850000000001,0.00067041
572.915,0.00093511
550.4449999999999,0.0010961
527.98,0.001027
505.51500000000004,0.0013999
483.045,0.00085595
460.58,0.001623
438.115,0.0013193
415.645,0.0014277
393.175,0.0016623
370.71,0.0014901
348.245,0.0020966
325.775,0.0012647
303.305,0.0023385
280.84,0.0020839
258.375,0.0023375
235.905,0.0026756
213.44000000000003,0.0027612
190.975,0.0029927
168.50500000000002,0.0025905
146.035,0.0036182
123.57,0.0034366
101.105,0.0037833
78.635,0.0037225
56.165,0.0043132
33.7,0.0041016
11.235,0.0034972
660.835,0.00034738
639.165,0.00029698
617.5,0.00038723
595.835,0.00015766
574.1650000000001,0.00052066
552.5,0.00017623
530.8349999999999,0.00030463
509.16499999999996,0.00041261
487.5,0.00038759
465.835,0.00063014
444.165,0.00039759
422.5,0.00071501
400.835,0.00070444
379.16499999999996,0.00066913
357.5,0.00055958
335.835,0.00109
314.165,0.00071268
292.5,0.00095466
270.835,0.0014509
249.165,0.0010487
227.49999999999997,0.0018139
205.83499999999998,0.0011668
184.16500000000002,0.0016744
162.5,0.0018505
140.83499999999998,0.0028642
119.16499999999999,0.0022079
97.5,0.0030547
75.835,0.0033858
54.165000000000006,0.0047021
32.5,0.0032713
10.834999999999999,0.0052768
485.495,0.00018284
476.58500000000004,0.00022202
467.675,0.00029085
458.77000000000004,0.00025674
449.86499999999995,0.00013689
440.955,0.00014851
432.045,0.00025171
423.13500000000005,0.00031928
414.225,0.00032012
405.32,0.00024882
396.41499999999996,0.00033723
387.505,0.00032776
378.595,0.00027011
369.685,0.00015251
360.78,0.00028355
351.875,0.00041515
342.965,0.00036138
334.055,0.00016355
325.14500000000004,0.00033605
316.23999999999995,0.0003803
307.33500000000004,0.00047431
298.425,0.00031809
289.515,0.00043781
280.605,0.00049483
271.695,0.00048633
262.78999999999996,0.00051925
253.88500000000002,0.0005317
244.975,0.00068532
236.06500000000003,0.00054905
227.155,0.00066768
218.25,0.00065226
209.345,0.00087024
200.43499999999997,0.00087247
191.525,0.00064344
182.615,0.00075002
173.70499999999998,0.00088677
164.8,0.00098064
155.895,0.001206
146.98499999999999,0.00094678
138.07500000000002,0.0013227
129.165,0.0012864
120.26,0.0016163
111.35499999999999,0.0019985
102.445,0.0020351
93.53500000000001,0.0020861
84.625,0.0020917
75.72000000000001,0.002542
66.815,0.0027718
57.905,0.0034581
48.995,0.0034822
40.085,0.0040722
31.175,0.0038413
22.27,0.0051227
13.364999999999998,0.006674
4.455,0.0097619
771.7799999999999,8.3777e-05
752.24,0.00019599
732.7049999999999,0.00028194
713.1700000000001,0.00032996
693.63,0.00027538
674.09,0.00028283
654.55,0.00022606
635.0100000000001,0.00026494
615.4699999999999,0.00028574
595.9300000000001,0.00032477
576.395,0.00033263
556.8599999999999,0.00032513
537.32,0.0003616
517.7799999999999,0.00045884
498.24,0.00050009
478.7,0.00044314
459.16,0.00051368
439.62,0.00053291
420.08,0.00065541
400.545,0.00059764
381.01,0.00064682
361.47,0.00060292
341.93,0.00088228
322.39,0.00085514
302.85,0.0010572
283.31,0.0010136
263.77,0.0011593
244.235,0.0012573
224.70000000000002,0.0014247
205.16,0.0015869
185.62,0.0018917
166.08,0.0021023
146.54,0.002848
127.0,0.0030445
107.46,0.0035915
87.925,0.0042309
68.38999999999999,0.0059035
48.849999999999994,0.0079691
29.309999999999995,0.012133
9.77,0.018016
245.365,0.0036301
239.96,0.0019703
233.20000000000002,0.0021231
226.44,0.0018811
219.67999999999998,0.0018981
212.92,0.0019425
206.16,0.0020589
199.4,0.0021075
192.64000000000001,0.0022519
185.88,0.0021867
179.12,0.0023385
172.36,0.0024729
165.6,0.0027925
158.84500000000003,0.0028398
152.09,0.0029354
145.33,0.0030348
138.57,0.0032019
131.80999999999997,0.0037198
125.05,0.0038216
118.29,0.004183
111.52999999999999,0.0039255
104.77,0.0044021
98.01,0.0049873
91.25,0.0058054
84.49000000000001,0.006393
77.72999999999999,0.0070009
70.97,0.0076486
64.21000000000001,0.0085551
57.45,0.0095505
50.69500000000001,0.011037
43.94,0.012979
37.18,0.015776
30.419999999999998,0.018963
23.66,0.024797
16.9,0.033525
10.14,0.050549
3.3800000000000003,0.076078
185.25,0.00068186
178.75,0.00049312
172.25,0.00061143
165.75,8.0255e-05
159.25,0.00076351
152.75,0.00073284
146.25,0.00070077
139.74999999999997,0.00089809
133.25,0.00084968
126.75,0.0010659
120.25,0.00013478
113.75,0.0011829
107.25,0.0011753
100.75,0.0009174
94.25,0.0014364
87.75,0.001411
81.25,0.0014808
74.75,0.0012547
68.25,0.001689
61.75,0.0020867
55.25,0.00201
48.75,0.002811
42.24999999999999,0.0034291
35.75000000000001,0.0029919
29.25,0.0056146
22.75,0.0053453
16.25,0.0083183
9.75,0.014587
3.25,0.028683
476.71000000000004,0.0026248
473.11,0.0012759
467.575,0.0011664
462.045,0.0011044
456.51,0.0010223
450.975,0.00090506
445.445,0.00084563
439.91,0.00090746
434.37499999999994,0.0010113
428.845,0.00097359
423.31,0.0010025
417.77500000000003,0.00090885
412.24499999999995,0.00097064
406.71000000000004,0.00091588
401.175,0.00098311
395.64500000000004,0.00099641
390.11,0.0010508
384.575,0.0010968
379.03999999999996,0.0010767
373.505,0.0010971
367.975,0.0010979
362.44,0.0010162
356.90500000000003,0.0010922
351.375,0.0011177
345.84,0.0012557
340.30499999999995,0.0012378
334.77500000000003,0.0012826
329.23999999999995,0.0011724
323.70500000000004,0.0013002
318.175,0.0012902
312.64000000000004,0.001418
307.10499999999996,0.0012594
301.57500000000005,0.0012958
296.03999999999996,0.001349
290.505,0.0015243
284.97499999999997,0.0015061
279.44,0.0014811
273.90500000000003,0.0014633
268.37500000000006,0.001518
262.84000000000003,0.0016116
257.305,0.0015774
251.77499999999998,0.0016029
246.24,0.0016761
240.705,0.0016695
235.175,0.0018002
229.64000000000001,0.0017892
224.105,0.0019498
218.57,0.0018925
213.035,0.0018207
207.505,0.0018911
201.96999999999997,0.0018572
196.435,0.0020563
190.905,0.0020837
185.37,0.0023028
179.83500000000004,0.002276
174.30499999999998,0.0023398
168.77,0.0023704
163.235,0.0023846
157.70499999999998,0.0023746
152.17,0.0023564
146.63500000000002,0.0023794
141.105,0.0026096
135.57,0.0026515
130.03500000000003,0.0030121
124.50500000000001,0.0028289
118.97,0.0029158
113.435,0.0031215
107.905,0.0032195
102.36999999999999,0.0035177
96.83500000000001,0.0034487
91.30499999999999,0.0037893
85.77,0.0038602
80.235,0.0038271
74.69999999999999,0.0040843
69.165,0.0040758
63.635,0.0043795
58.1,0.0044149
52.565,0.0044365
47.035,0.004516
41.49999999999999,0.0048497
35.964999999999996,0.0054334
30.435,0.0058253
24.9,0.0062843
19.365000000000002,0.0064814
13.835,0.006598
8.3,0.0061839
2.765,0.0063774
196.785,0.0022322
191.395,0.0022656
186.0,0.0022723
180.60500000000002,0.0022722
175.215,0.0022773
169.82500000000002,0.0022965
164.435,0.0023204
159.045,0.00235
153.65499999999997,0.0023881
148.26500000000001,0.0024313
142.87,0.0024774
137.47500000000002,0.0025237
132.085,0.002576
126.69500000000001,0.0026461
121.30499999999999,0.0027311
115.91499999999999,0.0028259
110.52499999999999,0.0029286
105.13,0.0030416
99.73499999999999,0.0031697
94.345,0.0033167
88.95500000000001,0.0034773
83.565,0.0035394
78.175,0.003637
72.785,0.0037659
67.395,0.0039151
62.0,0.0040903
56.605000000000004,0.0043072
51.214999999999996,0.0045639
45.825,0.0048605
40.435,0.0052061
35.045,0.0056142
29.655,0.0061076
24.265,0.0067298
18.869999999999997,0.0075747
13.475000000000001,0.0088828
8.085,0.011468
2.695,0.020931
960.6850000000001,0.0011674
952.375,0.00026117
939.59,0.00040136
926.8100000000001,0.00038463
914.0250000000001,0.00031614
901.24,0.00021576
888.455,0.00030057
875.67,0.00037297
862.8900000000001,0.00029609
850.105,0.00021179
837.3199999999999,0.00030319
824.5400000000001,0.00028464
811.755,0.0003933
798.9699999999999,0.0003549
786.1899999999999,0.00031865
773.405,0.00036358
760.62,0.00016114
747.84,0.00044745
735.0550000000001,0.00032324
722.27,0.0004284
709.4849999999999,0.00039707
696.6999999999999,0.00029297
683.92,0.00044475
671.135,0.00039191
658.35,0.00051488
645.5699999999999,0.00043598
632.785,0.00039159
620.0,0.00057917
607.22,0.00053925
594.4350000000001,0.00058562
581.65,0.00037018
568.87,0.00057044
556.0849999999999,0.00046954
543.3,0.00079132
530.52,0.00058217
517.735,0.00081371
504.95,0.00066161
492.16499999999996,0.00073098
479.38000000000005,0.00057537
466.6,0.00067707
453.81499999999994,0.0007203
441.03000000000003,0.0011244
428.25,0.00086141
415.465,0.0010907
402.68,0.00079549
389.90000000000003,0.0010682
377.11499999999995,0.00097232
364.33,0.0010131
351.55,0.0013235
338.765,0.001363
325.98,0.0014567
313.20000000000005,0.0014267
300.41499999999996,0.0014967
287.63,0.0016541
274.845,0.0016385
262.06,0.0017413
249.28,0.0019467
236.495,0.0021366
223.71,0.0025029
210.93,0.0025605
198.145,0.0029138
185.35999999999999,0.0030552
172.58,0.0031843
159.79500000000002,0.0033093
147.01,0.003415
134.23000000000002,0.0037169
121.445,0.0038382
108.66000000000001,0.0037865
95.875,0.0045811
83.09,0.0046061
70.31000000000002,0.0053837
57.525000000000006,0.0050674
44.74,0.0050147
31.96,0.0061691
19.174999999999997,0.0064308
6.39,0.008501
447.96999999999997,0.0014434
443.555,0.00061377
439.145,0.000825
434.73,0.00067553
430.315,0.00067332
425.905,0.00063386
421.49,0.0006216
417.075,0.00060816
412.665,0.0005995
408.25,0.00059243
403.835,0.00058733
399.425,0.00058358
395.01,0.00058103
390.595,0.00057919
386.17999999999995,0.00057795
381.76500000000004,0.00057747
377.355,0.00057765
372.94,0.00057843
368.525,0.00057976
364.11499999999995,0.00058158
359.70000000000005,0.00058386
355.28499999999997,0.00058588
350.875,0.0005875
346.46,0.00058948
342.045,0.00059182
337.635,0.00059448
333.22,0.00059746
328.805,0.00060076
324.395,0.00060435
319.97999999999996,0.00060823
315.565,0.00061271
311.15500000000003,0.00061786
306.74,0.00062332
302.325,0.00062907
297.91,0.00063511
293.495,0.00064145
289.08500000000004,0.00064809
284.66999999999996,0.00065504
280.25500000000005,0.00066299
275.845,0.00067194
271.43,0.00068125
267.015,0.00069092
262.60499999999996,0.00070096
258.19000000000005,0.00071137
253.77499999999998,0.00072218
249.365,0.00073338
244.95,0.000745
240.535,0.00075752
236.12499999999997,0.0007705
231.71,0.00078395
227.29500000000002,0.00079788
222.885,0.00081231
218.47,0.00082725
214.055,0.00084272
209.64,0.00085874
205.225,0.00087533
200.81500000000003,0.0008897
196.4,0.00090443
191.985,0.00091967
187.575,0.00093544
183.16,0.00095175
178.74499999999998,0.00096862
174.335,0.00098607
169.92000000000002,0.0010041
165.50500000000002,0.0010226
161.095,0.0010384
156.67999999999998,0.0010548
152.265,0.0010715
147.85500000000002,0.0010888
143.44,0.0011065
139.025,0.0011247
134.61499999999998,0.0011433
130.2,0.0011624
125.78499999999998,0.0011822
121.37,0.0012131
116.955,0.001245
112.545,0.0012778
108.13000000000001,0.0013114
103.715,0.0013459
99.305,0.0013812
94.89,0.0014172
90.475,0.001454
86.065,0.0014914
81.65,0.0015293
77.235,0.0015676
72.825,0.0016061
68.41,0.0016448
63.995,0.0016833
59.585,0.0017216
55.169999999999995,0.0017593
50.755,0.0017963
46.345,0.0018322
41.92999999999999,0.0018667
37.515,0.0018997
33.1,0.0019306
28.685000000000002,0.0019593
24.275,0.0019855
19.86,0.0020088
15.445,0.002029
11.035,0.0020459
6.619999999999999,0.0020594
461.87,0.0024346
457.855,0.0011776
452.5,0.0012238
447.14500000000004,0.0010535
441.79,0.0010315
436.435,0.00098717
431.08000000000004,0.00096775
425.725,0.00095075
420.37,0.00094054
415.01500000000004,0.00093364
409.66,0.00092995
404.305,0.00092864
398.95000000000005,0.00092858
393.595,0.00093021
388.24,0.00093334
382.88500000000005,0.00093781
377.53000000000003,0.00094346
372.175,0.00095021
366.82000000000005,0.00095798
361.46500000000003,0.00096669
356.11,0.0009763
350.75500000000005,0.00098678
345.40000000000003,0.00099809
340.045,0.0010102
334.69000000000005,0.0010232
329.33500000000004,0.0010369
323.98,0.0010514
318.625,0.0010665
313.27,0.0010823
307.915,0.001099
302.56,0.0011164
297.205,0.0011347
291.85,0.0011538
286.495,0.0011737
281.14,0.0011944
275.785,0.0012161
270.43,0.0012386
265.075,0.0012621
259.72,0.0012865
254.365,0.0013103
249.01000000000002,0.0013349
243.655,0.0013604
238.3,0.0013869
232.94500000000002,0.0014144
227.59,0.0014429
222.235,0.0014725
216.88000000000002,0.0015031
211.525,0.0015349
206.17000000000002,0.0015679
200.81500000000003,0.0016028
195.46000000000004,0.0016402
190.10500000000002,0.001679
184.75000000000003,0.0017191
179.395,0.0017605
174.04,0.0018034
168.685,0.0018478
163.32999999999998,0.0018935
157.97499999999997,0.0019407
152.61999999999998,0.0019893
147.265,0.0020366
141.90999999999997,0.0020782
136.55499999999998,0.0021206
131.2,0.0021636
125.84499999999998,0.0022072
120.49,0.0022513
115.135,0.0022956
109.78,0.0023401
104.42499999999998,0.0023846
99.07,0.0024288
93.71499999999999,0.0024724
88.36,0.0025153
83.005,0.0025571
77.64999999999999,0.0025974
72.295,0.002636
66.94,0.0026724
61.585,0.0027062
56.230000000000004,0.0027371
50.875,0.0027645
45.52,0.0027882
40.165000000000006,0.0028075
34.81,0.0028223
29.455000000000002,0.0028322
24.100000000000005,0.0028367
18.745,0.0028358
13.39,0.0028292
8.035,0.0028168
2.68,0.0027988
198.66,0.0024785
193.75500000000002,0.0011321
188.85000000000002,0.0015109
183.94500000000002,0.001299
179.04,0.0013286
174.135,0.0012991
169.23,0.0013061
164.325,0.0013126
159.42000000000002,0.0013283
154.51500000000001,0.0013482
149.61,0.0013731
144.705,0.0014019
139.79999999999998,0.0014345
134.89499999999998,0.0014707
129.98999999999998,0.0015104
125.08500000000001,0.0015535
120.18,0.0015999
115.275,0.0016497
110.36999999999999,0.0017028
105.465,0.0017592
100.555,0.0018189
95.65,0.0018819
90.74499999999999,0.001948
85.84,0.0020172
80.935,0.0020893
76.03,0.0021639
71.125,0.0022409
66.22,0.0023197
61.315,0.0023997
56.410000000000004,0.0024803
51.505,0.0025606
46.6,0.0026395
41.69499999999999,0.0027159
36.790000000000006,0.0027885
31.885000000000005,0.0028559
26.98,0.0029166
22.074999999999996,0.0029692
17.169999999999998,0.0030122
12.265,0.0030444
7.36,0.0030649
2.455,0.0030734
119.51500000000001,0.0022474
114.43,0.0020224
109.345,0.0010761
104.26,0.0023983
99.175,0.0030466
94.08500000000001,0.0026258
89.0,0.0022885
83.91499999999999,0.00379
78.83,0.0028056
73.745,0.0022651
68.66,0.0031884
63.574999999999996,0.0041637
58.48499999999999,0.0041295
53.400000000000006,0.0035398
48.315,0.00598
43.23,0.0062916
38.144999999999996,0.0049933
33.055,0.0088857
27.970000000000002,0.0085584
22.885,0.0089066
17.8,0.014462
12.715,0.020422
7.63,0.028106
2.545,0.037282
169.095,0.0061044
164.465,0.0028657
159.835,0.0040475
155.20000000000002,0.0028884
150.565,0.0037193
145.93499999999997,0.0027586
141.29999999999998,0.0028663
136.665,0.0033298
132.03500000000003,0.0029286
127.40499999999999,0.0029263
122.77000000000001,0.0029562
118.135,0.0035134
113.505,0.0033675
108.86999999999999,0.0035488
104.235,0.00353
99.605,0.0039395
94.97500000000001,0.0029474
90.34,0.0041158
85.705,0.0048038
81.075,0.0048612
76.445,0.0038153
71.81,0.0048381
67.175,0.0050693
62.545,0.0048607
57.910000000000004,0.0051756
53.275000000000006,0.0066514
48.645,0.0073997
44.015,0.0049902
39.379999999999995,0.0065252
34.745,0.0071991
30.115,0.0079562
25.48,0.0081059
20.845000000000002,0.0088161
16.215,0.0085451
11.584999999999999,0.0099509
6.949999999999999,0.010754
147.21499999999997,0.0013306
142.685,0.0021239
138.155,0.0019488
133.625,0.0016612
129.09500000000003,0.0028727
124.56500000000001,0.0021321
120.035,0.0012466
115.505,0.0025455
110.975,0.0026047
106.445,0.0026237
101.915,0.0027139
97.385,0.00303
92.85499999999999,0.0013026
88.325,0.0032377
83.795,0.0029138
79.27000000000001,0.0027986
74.745,0.0037463
70.215,0.0036894
65.68499999999999,0.0044176
61.155,0.0032255
56.62499999999999,0.0035878
52.095,0.0049693
47.565,0.0041201
43.035000000000004,0.0044252
38.504999999999995,0.0040548
33.97500000000001,0.0058888
29.445,0.0070353
24.915,0.0046591
20.385,0.0092274
15.855,0.0065386
11.325,0.0085607
6.795000000000001,0.0064593
2.265,0.013831
284.08500000000004,0.0047276
280.275,0.0030074
276.46000000000004,0.003556
272.64500000000004,0.0037668
268.835,0.0031043
265.02000000000004,0.0033299
261.20500000000004,0.0032165
257.395,0.003166
253.58000000000004,0.0031552
249.76500000000001,0.0038388
245.95499999999998,0.0033377
242.14,0.0037749
238.32500000000002,0.0028404
234.51500000000001,0.0033779
230.70000000000002,0.0032774
226.885,0.0029669
223.07500000000002,0.0031116
219.26000000000002,0.0027767
215.445,0.0023959
211.63500000000002,0.0031206
207.82,0.0027717
204.005,0.0034921
200.19500000000002,0.0033297
196.38,0.0034969
192.565,0.0033172
188.755,0.0039513
184.94,0.0030695
181.12499999999997,0.003627
177.315,0.0034889
173.5,0.0038665
169.685,0.0044021
165.875,0.0041265
162.06500000000003,0.0028577
158.25,0.0038137
154.435,0.0040194
150.625,0.0042755
146.81,0.0043041
142.99499999999998,0.0041041
139.185,0.0037341
135.37,0.0041511
131.55499999999998,0.0039896
127.745,0.0042978
123.93,0.0041336
120.115,0.0039311
116.30499999999999,0.0038973
112.49000000000001,0.0046577
108.675,0.003184
104.865,0.0045502
101.05,0.0044463
97.235,0.0050475
93.42500000000001,0.0051695
89.61,0.0043889
85.79500000000002,0.0061427
81.985,0.0060444
78.16999999999999,0.0062175
74.355,0.0049377
70.545,0.007246
66.73000000000002,0.0065816
62.915,0.0064079
59.105000000000004,0.0065685
55.294999999999995,0.0076018
51.48,0.0089345
47.665,0.0068021
43.855000000000004,0.0092012
40.04,0.008082
36.225,0.010305
32.415,0.0097701
28.6,0.012379
24.785,0.01218
20.975,0.014234
17.16,0.01311
13.344999999999999,0.015356
9.535,0.017514
5.72,0.021101
1.905,0.019929
107.405,0.0037452
105.235,0.0022299
103.065,0.002611
100.895,0.0019467
98.72500000000001,0.002074
96.555,0.0028096
94.38499999999999,0.0017625
92.21499999999999,0.0020574
90.045,0.0027859
87.87500000000001,0.0023655
85.705,0.0019326
83.535,0.0029249
81.365,0.0026612
79.19500000000001,0.0011453
77.02499999999999,0.0020153
74.855,0.002575
72.685,0.0026812
70.515,0.0028468
68.345,0.0012519
66.175,0.0037424
64.00500000000001,0.0026883
61.835,0.0036743
59.665,0.0034617
57.495000000000005,0.0030543
55.324999999999996,0.002464
53.154999999999994,0.004738
50.99,0.0047135
48.825,0.0038582
46.655,0.0057189
44.485,0.0027747
42.315000000000005,0.0050615
40.145,0.0046747
37.974999999999994,0.0062151
35.80500000000001,0.0071582
33.635,0.0071952
31.465,0.0085692
29.295,0.0077503
27.125,0.0091627
24.955,0.01058
22.785,0.0093361
20.615000000000002,0.012562
18.445,0.011609
16.275000000000002,0.015877
14.104999999999999,0.016961
11.935,0.019664
9.764999999999999,0.021685
7.595,0.026992
5.425,0.034286
3.255,0.041739
1.085,0.037899
295.21999999999997,0.0014128
289.9,0.0014609
284.58,0.0014478
279.26,0.0014584
273.94,0.0014964
268.61999999999995,0.0015364
263.29999999999995,0.0015525
257.97999999999996,0.0015596
252.66,0.0015385
247.34,0.0015543
242.02499999999998,0.0015403
236.71,0.0015951
231.39,0.0016326
226.07,0.0017264
220.75,0.0017935
215.43,0.0018708
210.10999999999999,0.0019391
204.79,0.0020137
199.47,0.0020263
194.14999999999998,0.0020568
188.82999999999998,0.0020772
183.51000000000002,0.002077
178.19000000000003,0.0021563
172.875,0.0021413
167.55999999999997,0.00229
162.24,0.0022935
156.92000000000002,0.0023962
151.60000000000002,0.0023988
146.28,0.0024356
140.96,0.0024761
135.64,0.0025428
130.32,0.0027214
125.0,0.0027531
119.68,0.0028938
114.35999999999999,0.0028638
109.03999999999999,0.0030283
103.725,0.0029933
98.41,0.0030781
93.09,0.0031342
87.77,0.0034
82.44999999999999,0.0035242
77.13000000000001,0.0034853
71.81,0.0035389
66.49,0.0035397
61.17,0.0038131
55.849999999999994,0.0037633
50.53000000000001,0.0040505
45.21,0.0042558
39.88999999999999,0.0043356
34.574999999999996,0.0041463
29.259999999999998,0.0037951
23.939999999999998,0.0039265
18.619999999999997,0.0041924
13.299999999999999,0.0047729
7.980000000000001,0.0050668
2.66,0.0057332
547.995,0.0013253
542.6750000000001,0.00084997
535.5799999999999,0.00074274
528.485,0.0006269
521.39,0.00063617
514.295,0.00072477
507.20500000000004,0.00068208
500.11000000000007,0.00061335
493.015,0.00060199
485.925,0.00058727
478.83,0.00074767
471.735,0.0006368
464.64,0.00068944
457.54499999999996,0.00063872
450.455,0.00070403
443.35999999999996,0.00072242
436.265,0.00067601
429.17499999999995,0.00063783
422.08,0.00061948
414.985,0.00065138
407.89,0.00075324
400.795,0.00063732
393.705,0.00078055
386.61,0.00065655
379.51500000000004,0.00070207
372.425,0.00068873
365.33,0.00079235
358.23499999999996,0.0009268
351.14,0.00083743
344.0450000000001,0.00080914
336.955,0.00070699
329.86,0.00089175
322.765,0.00093481
315.675,0.00097457
308.58000000000004,0.00061238
301.485,0.00076427
294.39,0.00072032
287.29499999999996,0.00088325
280.20500000000004,0.00088871
273.11,0.00097229
266.015,0.0012324
258.92499999999995,0.0010596
251.82999999999998,0.0012379
244.73499999999999,0.00082769
237.64,0.0012448
230.545,0.00092708
223.455,0.0013062
216.35999999999999,0.0014815
209.265,0.0012991
202.17499999999998,0.0015252
195.08,0.0012211
187.985,0.0015052
180.89,0.0015675
173.79500000000002,0.0016577
166.70499999999998,0.0020324
159.61,0.0016529
152.51500000000001,0.0016523
145.425,0.0016
138.33,0.0017869
131.23499999999999,0.0022055
124.14,0.0021873
117.04500000000002,0.0025456
109.955,0.002445
102.86000000000001,0.0021257
95.76499999999999,0.0020142
88.675,0.0022004
81.58,0.0030058
74.485,0.00258
67.39,0.0027032
60.295,0.0023188
53.205000000000005,0.0027516
46.11,0.0035029
39.015,0.0034071
31.925,0.0045679
24.83,0.0043759
17.735,0.0067389
10.64,0.0080842
3.545,0.01133
614.095,0.00067203
605.13,0.00070245
596.1650000000001,0.000296
587.1999999999999,0.00055061
578.235,0.00060858
569.27,0.0006079
560.3050000000001,0.00058279
551.3399999999999,0.00083558
542.375,0.00054159
533.41,0.00068201
524.445,0.0009256
515.4799999999999,0.0008187
506.51500000000004,0.000862
497.55,0.00077564
488.585,0.00071257
479.62,0.00092697
470.655,0.00091047
461.69,0.0010644
452.72999999999996,0.0011453
443.765,0.0011935
434.79999999999995,0.00082933
425.835,0.0012164
416.86999999999995,0.0011792
407.905,0.0012172
398.93999999999994,0.001095
389.97499999999997,0.0013259
381.00999999999993,0.001338
372.04499999999996,0.0012797
363.08,0.0010514
354.11499999999995,0.0015701
345.15,0.00149
336.18499999999995,0.0015976
327.22,0.0015727
318.255,0.0014131
309.29,0.0015249
300.325,0.0018053
291.36,0.001799
282.395,0.0018217
273.43,0.0018028
264.46500000000003,0.0020264
255.5,0.0019048
246.535,0.0022415
237.57,0.0021033
228.605,0.0024197
219.64000000000001,0.0024932
210.675,0.0024674
201.71,0.0029941
192.745,0.0026691
183.78,0.0031448
174.815,0.0034491
165.85,0.0028649
156.885,0.004137
147.92,0.0038741
138.95499999999998,0.0039871
129.98999999999998,0.0041198
121.025,0.0039791
112.05999999999999,0.0054513
103.095,0.0049876
94.13,0.0054006
85.16499999999999,0.0056294
76.2,0.0068126
67.235,0.0063473
58.27,0.0060269
49.305,0.0078231
40.34,0.0077943
31.375,0.008421
22.41,0.0092599
13.445,0.011159
4.4799999999999995,0.014863
766.285,0.0010971
760.76,0.00062202
752.2599999999999,0.00058564
743.76,0.00052113
735.26,0.00040989
726.7600000000001,0.00043233
718.26,0.00041652
709.76,0.00054633
701.26,0.00040303
692.76,0.00047145
684.26,0.00039675
675.76,0.00050155
667.26,0.00050355
658.76,0.00043454
650.2600000000001,0.00037749
641.76,0.00049126
633.26,0.00051168
624.76,0.00054304
616.26,0.00039626
607.7600000000001,0.00045537
599.26,0.00040845
590.76,0.00057871
582.26,0.00057768
573.76,0.00067971
565.26,0.00051586
556.7599999999999,0.00051907
548.26,0.00055038
539.76,0.00057524
531.2600000000001,0.00063836
522.76,0.00050628
514.26,0.00055702
505.76,0.00044665
497.255,0.00067623
488.75,0.00056366
480.24999999999994,0.000671
471.75,0.0006523
463.25000000000006,0.0008358
454.75,0.00079683
446.25000000000006,0.00074569
437.75,0.00078881
429.25,0.00085898
420.74999999999994,0.00083819
412.25,0.00075517
403.75,0.00079877
395.25,0.00076861
386.75000000000006,0.0010537
378.25,0.00098622
369.75,0.0011603
361.24999999999994,0.0008786
352.75,0.0010046
344.25,0.000979
335.75,0.001032
327.25000000000006,0.0011741
318.75,0.0011801
310.25,0.0013148
301.74999999999994,0.0013466
293.25,0.0012292
284.75,0.0012993
276.25,0.0011893
267.75000000000006,0.0014482
259.25,0.0014579
250.75000000000003,0.0014907
242.25,0.0014633
233.75,0.0017006
225.25,0.0016293
216.75,0.0018876
208.25,0.001672
199.74999999999997,0.0019458
191.25,0.0019405
182.75,0.0022194
174.25000000000003,0.0021728
165.75,0.0021612
157.25,0.0021897
148.75,0.0023799
140.25,0.0026337
131.75,0.0028442
123.25,0.0033982
114.74999999999999,0.003178
106.25,0.0037782
97.75,0.0037564
89.25,0.0041367
80.75,0.003994
72.25000000000001,0.0042983
63.75,0.0042914
55.24999999999999,0.0043425
46.75,0.0050259
38.25000000000001,0.0061026
29.75,0.0070613
21.249999999999996,0.0080229
12.750000000000002,0.010012
4.25,0.0135
199.91500000000002,0.0015645
197.08,0.0011847
194.24,0.0017724
191.405,0.00098479
188.57000000000002,0.0016137
185.735,0.0014537
182.9,0.0019201
180.065,0.0012218
177.23,0.0015765
174.39,0.0018892
171.555,0.0016341
168.72,0.0018523
165.885,0.00075594
163.05,0.0018623
160.215,0.0016395
157.38,0.0019794
154.54000000000002,0.0018511
151.705,0.0019639
148.87,0.0018065
146.035,0.0018424
143.2,0.0018288
140.36499999999998,0.0025821
137.52999999999997,0.0016888
134.69500000000002,0.0022618
131.86,0.0024023
129.01999999999998,0.0021082
126.18499999999999,0.0023454
123.35,0.0024996
120.515,0.0023966
117.68,0.0029884
114.845,0.0026163
112.01,0.0026446
109.16999999999999,0.0025884
106.335,0.0031488
103.50000000000001,0.0028437
100.665,0.0030546
97.83,0.003356
94.99499999999999,0.0031901
92.16,0.0031844
89.32000000000001,0.0043535
86.485,0.0033783
83.65,0.0042151
80.815,0.0036276
77.97999999999999,0.0052426
75.14500000000001,0.0038017
72.31,0.0049984
69.475,0.0050746
66.64,0.0056644
63.8,0.0045804
60.964999999999996,0.0054186
58.13,0.0054831
55.294999999999995,0.0064643
52.46,0.0060915
49.625,0.0058691
46.79,0.0072918
43.95,0.0081123
41.115,0.0082612
38.279999999999994,0.009325
35.445,0.0098529
32.61,0.0085631
29.775,0.011449
26.939999999999998,0.01149
24.105,0.011836
21.269999999999996,0.012839
18.430000000000003,0.015454
15.595,0.014153
12.76,0.016982
9.924999999999999,0.015725
7.09,0.017213
4.255,0.019987
1.42,0.022204
221.335,0.0037344
217.895,0.0018634
213.30500000000004,0.0019248
208.72000000000003,0.0017254
204.13500000000002,0.0017925
199.545,0.0018238
194.95499999999998,0.0018078
190.36999999999998,0.0017864
185.78499999999997,0.0017167
181.195,0.0017354
176.60500000000002,0.0017408
172.02,0.0018064
167.435,0.0018208
162.84500000000003,0.0018304
158.26000000000002,0.0019318
153.675,0.0020108
149.085,0.0020747
144.49499999999998,0.0021658
139.90999999999997,0.0022441
135.325,0.002434
130.73499999999999,0.002463
126.14999999999998,0.0025628
121.56500000000001,0.0025984
116.975,0.0027785
112.385,0.0028915
107.80000000000001,0.0030822
103.215,0.0031036
98.62499999999999,0.0033651
94.03500000000001,0.0034831
89.45,0.0038313
84.865,0.0040429
80.275,0.0044632
75.69000000000001,0.0048999
71.105,0.0054313
66.51499999999999,0.0054389
61.925000000000004,0.005879
57.34,0.0059938
52.754999999999995,0.0062259
48.165,0.0063172
43.58,0.0067649
38.995000000000005,0.0071143
34.40500000000001,0.0077484
29.815,0.0088607
25.23,0.0098885
20.645,0.010549
16.055,0.01161
11.465,0.017172
6.88,0.029209
2.2950000000000004,0.048184
259.26000000000005,0.0008579
253.43500000000003,0.00049514
247.60500000000002,0.00081985
241.78,0.0011839
235.95499999999998,0.0011826
230.13,0.0011223
224.305,0.00087886
218.475,0.00082426
212.65,0.0012874
206.82500000000002,0.0011399
201.0,0.0015084
195.17499999999998,0.0012713
189.345,0.0012387
183.52,0.0010514
177.695,0.001256
171.87,0.0014666
166.045,0.0013452
160.215,0.0015121
154.39,0.0013564
148.565,0.0015539
142.74,0.00099866
136.91500000000002,0.0014177
131.085,0.0012179
125.26,0.0017936
119.435,0.001715
113.605,0.0020095
107.78,0.0015929
101.955,0.0022211
96.13,0.0020099
90.30499999999999,0.0026681
84.475,0.001698
78.64999999999999,0.0017507
72.825,0.0019259
67.0,0.0025326
61.17499999999999,0.0027566
55.345,0.002109
49.519999999999996,0.0027891
43.695,0.002711
37.87,0.0030235
32.044999999999995,0.0037493
26.215000000000003,0.0037665
20.389999999999997,0.004585
14.565,0.0058176
8.740000000000002,0.0093339
2.915,0.013843
485.68,0.00065881
468.02,0.00091108
450.355,0.00098934
432.69,0.00091212
415.03000000000003,0.0010265
397.37,0.0012207
379.71,0.00083976
362.04999999999995,0.0011727
344.39,0.0013769
326.73,0.0015038
309.07,0.001394
291.41,0.0013755
273.745,0.001854
256.08,0.0018577
238.42,0.002185
220.76000000000002,0.0025745
203.1,0.0029804
185.44,0.0031725
167.77999999999997,0.0040425
150.12,0.0040701
132.46,0.0049799
114.8,0.0046386
97.135,0.0041657
79.47,0.0061331
61.809999999999995,0.0082179
44.14999999999999,0.0096011
26.49,0.019335
8.83,0.034105
986.0649999999999,0.00060266
963.395,0.00033262
940.725,0.00040779
918.0600000000001,0.00078051
895.395,0.00028416
872.725,0.00071027
850.055,0.00053735
827.385,0.00056127
804.715,0.00073814
782.05,0.00035806
759.385,0.00053812
736.715,0.00077504
714.0450000000001,4.0635e-05
691.375,0.00087602
668.7099999999999,0.00030839
646.045,0.00088444
623.375,0.00083203
600.705,0.00081473
578.035,0.00073409
555.3699999999999,0.0010728
532.7049999999999,0.00082918
510.035,0.001115
487.365,0.0010754
464.695,0.0010241
442.025,0.00096365
419.36,0.0012909
396.695,0.00132
374.025,0.0011011
351.35499999999996,0.0013486
328.685,0.0016536
306.02000000000004,0.0013014
283.355,0.0015693
260.685,0.0017584
238.015,0.0015702
215.345,0.0029004
192.68,0.0022366
170.015,0.0031552
147.345,0.0037023
124.675,0.0040714
102.005,0.0047732
79.33500000000001,0.0049074
56.67,0.0065379
34.005,0.0071749
11.334999999999999,0.0081816
78.32000000000001,0.0045272
76.6,0.0052708
74.88,0.0042967
73.16,0.0051482
71.435,0.0048797
69.71,0.0049088
67.99,0.0048609
66.27,0.0046848
64.55,0.005199
62.83,0.0053545
61.11,0.0045889
59.385,0.004816
57.660000000000004,0.0054576
55.940000000000005,0.0051607
54.22,0.0051084
52.5,0.0051145
50.78,0.0054294
49.06,0.0057666
47.34,0.0055848
45.615,0.0053138
43.89,0.0066555
42.17,0.0064282
40.45,0.0063891
38.730000000000004,0.0066646
37.01,0.0059733
35.29,0.0070786
33.565,0.0064071
31.84,0.0071937
30.12,0.0072174
28.400000000000002,0.0077069
26.68,0.0068565
24.96,0.0092524
23.240000000000002,0.0081329
21.52,0.0096269
19.795,0.0085017
18.07,0.010395
16.35,0.011673
14.63,0.013108
12.91,0.013911
11.19,0.014195
9.469999999999999,0.014846
7.75,0.020534
6.025,0.021168
4.3,0.027724
2.5799999999999996,0.042625
0.86,0.086211
63.195,0.011618
62.1,0.0051053
61.0,0.0068515
59.89999999999999,0.0056631
58.800000000000004,0.0057747
57.7,0.0054156
56.599999999999994,0.0054072
55.5,0.0053264
54.400000000000006,0.0054568
53.3,0.0054562
52.205,0.0054912
51.11,0.0055287
50.01,0.0057453
48.91,0.0057979
47.81,0.0058651
46.71,0.0059011
45.61,0.0060225
44.51,0.0061821
43.410000000000004,0.0064419
42.31,0.0066892
41.209999999999994,0.0069444
40.114999999999995,0.0070311
39.019999999999996,0.0071273
37.919999999999995,0.0071013
36.82,0.0074239
35.72,0.0073899
34.62,0.0074522
33.52,0.0073858
32.42,0.007569
31.32,0.0076507
30.219999999999995,0.0077311
29.124999999999996,0.007771
28.03,0.008104
26.930000000000003,0.0083499
25.83,0.0087212
24.73,0.008896
23.63,0.0094049
22.53,0.0099588
21.429999999999996,0.010384
20.330000000000002,0.011052
19.229999999999997,0.011708
18.13,0.012625
17.035,0.013765
15.94,0.014499
14.84,0.016067
13.74,0.017031
12.64,0.018638
11.54,0.021743
10.44,0.024167
9.34,0.026261
8.239999999999998,0.029899
7.140000000000001,0.036714
6.045,0.042503
4.949999999999999,0.048855
3.85,0.061574
2.75,0.095089
1.65,0.1279
0.55,0.1771
247.46,0.00058127
244.225,0.00048993
240.98999999999998,0.0007302
237.755,0.00056585
234.52,0.00081762
231.28500000000003,0.00053276
228.05,0.00082006
224.815,0.00068307
221.58,0.00069907
218.345,0.00071063
215.11,0.00074509
211.875,0.00082898
208.64,0.00068842
205.405,0.0008821
202.17000000000002,0.0007512
198.935,0.00054029
195.705,0.0010989
192.47,0.00071829
189.23499999999999,0.0008211
186.0,0.00077826
182.76500000000001,0.0008665
179.53000000000003,0.00083524
176.29500000000002,0.00081023
173.06,0.0010445
169.82500000000002,0.0010355
166.59,0.00099078
163.355,0.00091034
160.11999999999998,0.00115
156.885,0.0010257
153.65,0.00088546
150.415,0.0011191
147.17999999999998,0.0011434
143.945,0.0011738
140.71,0.0010532
137.47500000000002,0.00099469
134.245,0.0011839
131.01000000000002,0.00093892
127.775,0.0010947
124.53999999999999,0.0012034
121.30499999999999,0.0013259
118.07000000000001,0.0012745
114.835,0.0013961
111.60000000000001,0.0013211
108.365,0.0013328
105.13,0.0013102
101.895,0.0015231
98.66,0.0017329
95.42500000000001,0.001692
92.19,0.0018672
88.95500000000001,0.0018522
85.71999999999998,0.0016334
82.485,0.0021895
79.25,0.0019279
76.015,0.0025511
72.78,0.0021416
69.545,0.0026816
66.315,0.0028701
63.08,0.0028106
59.845,0.0034491
56.60999999999999,0.0034864
53.375,0.0037044
50.14,0.0043403
46.905,0.0040191
43.67,0.0054998
40.435,0.005389
37.199999999999996,0.0068004
33.964999999999996,0.0059923
30.73,0.0071093
27.494999999999997,0.0070031
24.26,0.0081281
21.025000000000002,0.0078348
17.79,0.0087064
14.555,0.013775
11.32,0.013516
8.085,0.020066
4.8500000000000005,0.027889
1.615,0.047152
835.43,0.00061918
796.575,0.00033961
757.7199999999999,0.00082795
718.86,0.00038419
679.9999999999999,0.00041905
641.1450000000001,0.000445
602.29,0.00044683
563.4300000000001,0.00097688
524.575,0.0012347
485.71999999999997,0.00099706
446.85999999999996,0.0016726
408.00000000000006,0.0013462
369.145,0.0014306
330.28999999999996,0.0023709
291.43,0.0022973
252.57000000000002,0.0037474
213.71499999999997,0.0044743
174.86,0.0060586
136.0,0.0069046
97.14,0.011872
58.285000000000004,0.01627
19.43,0.021862
156.09,0.0098235
152.87,0.0050722
147.50999999999996,0.0043433
142.14499999999998,0.0042828
136.78,0.0041977
131.42,0.0041644
126.055,0.004105
120.69,0.0042084
115.32500000000002,0.0043467
109.96000000000001,0.0045877
104.6,0.0048387
99.23499999999999,0.0050976
93.86999999999999,0.0052897
88.505,0.0055045
83.13999999999999,0.0061294
77.78,0.0070929
72.415,0.0082975
67.05,0.0094471
61.684999999999995,0.010771
56.31999999999999,0.012636
50.96000000000001,0.014867
45.595,0.017614
40.230000000000004,0.021342
34.865,0.025972
29.5,0.030206
24.14,0.032947
18.775,0.03518
13.41,0.037341
8.045,0.05553
2.68,0.082316
106.89999999999999,0.0013132
103.39499999999998,0.0020899
99.89,0.0010796
96.385,0.0021078
92.88000000000001,0.001538
89.37500000000001,0.0020736
85.87,0.0020196
82.365,0.0024189
78.86,0.001383
75.355,0.0030579
71.85,0.0020392
68.34499999999998,0.0030315
64.83999999999999,0.002602
61.335,0.0032399
57.83,0.0028565
54.324999999999996,0.0038401
50.82000000000001,0.003462
47.315000000000005,0.0034834
43.81,0.0041655
40.305,0.0046444
36.8,0.0049702
33.295,0.0046619
29.789999999999996,0.0062809
26.285,0.003416
22.78,0.0068373
19.275000000000002,0.0057335
15.77,0.0058459
12.265,0.0091061
8.76,0.014662
5.255,0.034675
1.75,0.065399
102.225,0.0013073
99.26,0.001307
96.3,0.001317
93.34,0.001332
90.375,0.0013527
87.41,0.0013784
84.45,0.0014091
81.485,0.0014447
78.52000000000001,0.0014854
75.55999999999999,0.0015315
72.595,0.0015833
69.63,0.0016415
66.67,0.0017065
63.705,0.0017794
60.74,0.001861
57.78,0.0019527
54.82,0.0020559
51.855,0.0021726
48.89,0.0022908
45.93,0.0023518
42.965,0.0024751
40.0,0.0026185
37.040000000000006,0.0027931
34.075,0.003001
31.11,0.0032516
28.150000000000002,0.0035569
25.185,0.0039353
22.22,0.0044146
19.259999999999998,0.0050396
16.3,0.0058862
13.334999999999999,0.0070945
10.370000000000001,0.008953
7.41,0.01216
4.445,0.018912
1.48,0.041198
146.54500000000002,0.0018064
142.83499999999998,0.0019136
139.125,0.0011509
135.41500000000002,0.0026552
131.705,0.00059712
127.995,0.0030049
124.28500000000001,0.0017364
120.575,0.0020257
116.865,0.0024473
113.155,0.0024964
109.44500000000001,0.0034222
105.735,0.0009328
102.025,0.0037502
98.315,0.0031773
94.60499999999999,0.0028727
90.89500000000001,0.0025565
87.185,0.0043723
83.475,0.0035648
79.765,0.0031547
76.05499999999999,0.004954
72.345,0.0024511
68.635,0.0055603
64.92500000000001,0.0044619
61.215,0.0050426
57.505,0.0057307
53.794999999999995,0.0064095
50.08500000000001,0.0068715
46.375,0.006645
42.66499999999999,0.0098875
38.955000000000005,0.0076315
35.245,0.0095432
31.535,0.011614
27.825000000000003,0.014189
24.115,0.014758
20.405,0.018163
16.695,0.02367
12.985,0.027861
9.275,0.039914
5.565,0.053089
1.8550000000000002,0.076441
49.1,0.0019228
47.635,0.0016086
46.165,0.0016625
44.7,0.0015929
43.235,0.0022387
41.77,0.0011622
40.305,0.0018224
38.839999999999996,0.0016311
37.375,0.0021796
35.91,0.0022383
34.445,0.0024884
32.974999999999994,0.0021481
31.509999999999998,0.0024624
30.044999999999998,0.002432
28.580000000000002,0.0029889
27.115000000000002,0.0032357
25.65,0.0023342
24.185,0.0034879
22.715,0.0039658
21.249999999999996,0.0038483
19.785,0.0060295
18.320000000000004,0.0067582
16.855,0.0092125
15.389999999999999,0.0090726
13.925,0.0098633
12.46,0.010859
10.995000000000001,0.013134
9.524999999999999,0.015441
8.059999999999999,0.015589
6.595,0.021121
5.13,0.024964
3.665,0.031761
2.1999999999999997,0.044819
0.735,0.08018
35.435,0.001052
34.10000000000001,0.00089733
32.76,0.00078387
31.425,0.00043171
30.09,0.0015355
28.75,0.0011127
27.41,0.00084503
26.075,0.0010317
24.74,0.0023699
23.400000000000002,0.0015287
22.065,0.0017266
20.729999999999997,0.0025689
19.39,0.001266
18.05,0.004185
16.715,0.0031871
15.379999999999999,0.0041558
14.040000000000001,0.0045982
12.7,0.0061329
11.365,0.0070589
10.030000000000001,0.0082452
8.69,0.010103
7.3549999999999995,0.008506
6.02,0.011594
4.68,0.013616
3.3400000000000003,0.020628
2.005,0.037339
0.67,0.090733
398.705,0.00078375
386.05,0.00078592
373.39,0.00083095
360.73,0.00088387
348.07500000000005,0.0009437
335.42,0.0010112
322.76,0.0010647
310.09999999999997,0.0011225
297.44499999999994,0.0011861
284.78999999999996,0.0012557
272.13,0.0013531
259.475,0.0014674
246.82,0.0015953
234.16,0.0017387
221.5,0.0019097
208.845,0.002104
196.19,0.0023241
183.53,0.0025671
170.87,0.0028198
158.215,0.0031069
145.56,0.0034371
132.89999999999998,0.003819
120.24499999999999,0.0042325
107.58999999999999,0.0047498
94.93,0.0054903
82.27,0.0062334
69.615,0.0071165
56.959999999999994,0.0082711
44.3,0.010104
31.64,0.013387
18.985,0.020553
6.33,0.050962
296.47,0.0021694
291.74,0.001232
286.47999999999996,0.0013568
281.225,0.0012218
275.97,0.0013139
270.71,0.001347
265.455,0.0013224
260.2,0.001421
254.94,0.0014403
249.685,0.0013649
244.42999999999998,0.0016806
239.17,0.0016035
233.915,0.0017988
228.66,0.0016012
223.39999999999998,0.0017692
218.14499999999998,0.0018751
212.89,0.0017662
207.63,0.0020344
202.375,0.002103
197.12,0.0022609
191.86,0.0022563
186.60500000000002,0.0024252
181.35000000000002,0.0025412
176.095,0.0025375
170.84,0.0025697
165.58,0.002774
160.325,0.0025584
155.07,0.0028192
149.81,0.0027979
144.55499999999998,0.0029561
139.3,0.0028219
134.04,0.0031774
128.785,0.0032708
123.53,0.003221
118.27,0.003657
113.015,0.0033911
107.75999999999999,0.0038548
102.50000000000001,0.0039839
97.245,0.0040851
91.99,0.0046546
86.73,0.0053925
81.475,0.0055067
76.22000000000001,0.0061623
70.96,0.0069684
65.705,0.007692
60.45,0.0086281
55.195,0.010435
49.94,0.012183
44.68,0.013874
39.425000000000004,0.015499
34.17,0.017152
28.909999999999997,0.020893
23.655,0.025129
18.4,0.030917
13.139999999999999,0.036801
7.885,0.050256
2.63,0.066128
8.985,0.006922
8.815,0.0057585
8.645,0.0060878
8.475,0.0080833
8.31,0.0041113
8.145,0.0068983
7.975,0.006627
7.805,0.0038632
7.635000000000001,0.0095224
7.47,0.0072755
7.305,0.0025444
7.135,0.0058049
6.965,0.0080228
6.800000000000001,0.0090431
6.635000000000001,0.008031
6.465,0.0017589
6.295,0.0096042
6.125,0.010907
5.96,0.0075389
5.795,0.010503
5.625,0.0089207
5.455,0.012392
5.285,0.010485
5.119999999999999,0.0060454
4.955,0.015985
4.785,0.0049639
4.615,0.012153
4.45,0.011878
4.285,0.015597
4.114999999999999,0.01106
3.945,0.0095582
3.7750000000000004,0.022036
3.6100000000000003,0.010916
3.4450000000000003,0.015615
3.2750000000000004,0.01959
3.105,0.020625
2.935,0.016011
2.77,0.014961
2.605,0.028797
2.435,0.022773
2.265,0.039788
2.095,0.033146
1.9300000000000002,0.037414
1.7650000000000001,0.038831
1.595,0.045992
1.425,0.063763
1.26,0.074466
1.095,0.09603
0.925,0.10829
0.755,0.11067
0.585,0.17973
0.42000000000000004,0.24037
0.255,0.34631
0.085,0.45872
54.21,0.018521
53.87500000000001,0.0089021
53.43000000000001,0.0091159
52.98500000000001,0.0077839
52.535,0.0074172
52.089999999999996,0.0070215
51.644999999999996,0.0067757
51.19500000000001,0.00675
50.745,0.0067953
50.3,0.0067243
49.855,0.0068267
49.405,0.0065983
48.96,0.0065724
48.515,0.0063874
48.065,0.0064945
47.615,0.0064269
47.17,0.0063721
46.725,0.0062874
46.275,0.0063815
45.83,0.0065024
45.385,0.0064662
44.935,0.0063117
44.485,0.0062799
44.04,0.0063923
43.59499999999999,0.0062922
43.145,0.0064044
42.7,0.0062764
42.255,0.0064075
41.80499999999999,0.0063913
41.355000000000004,0.0063769
40.910000000000004,0.0064541
40.465,0.0064931
40.01499999999999,0.0068412
39.57,0.0071449
39.125,0.007487
38.675000000000004,0.0075058
38.224999999999994,0.007638
37.78,0.0076166
37.335,0.0077518
36.885,0.0077353
36.44,0.0076693
35.995,0.0077391
35.545,0.0076422
35.095,0.0076731
34.65,0.0075884
34.205,0.007731
33.755,0.0078597
33.31,0.007941
32.865,0.0079277
32.415,0.007984
31.97,0.0080253
31.525,0.0081592
31.075,0.008159
30.625,0.0081956
30.18,0.0083098
29.735,0.0082742
29.285,0.0083998
28.839999999999996,0.0082153
28.395,0.0082959
27.945,0.0083026
27.494999999999997,0.0086742
27.049999999999997,0.008823
26.605,0.0091744
26.155,0.0092607
25.71,0.009373
25.265,0.0094143
24.815,0.0094337
24.365000000000002,0.0094645
23.92,0.0094557
23.474999999999998,0.0096277
23.025,0.0099292
22.580000000000002,0.01028
22.135,0.010517
21.685,0.01108
21.235,0.011239
20.790000000000003,0.011674
20.345000000000002,0.011687
19.895,0.011904
19.450000000000003,0.012207
19.005000000000003,0.012403
18.555000000000003,0.012682
18.105,0.012988
17.660000000000004,0.01342
17.215,0.013674
16.765,0.013926
16.32,0.014179
15.875,0.014551
15.425,0.015051
14.974999999999998,0.015589
14.53,0.016056
14.085,0.01634
13.635000000000002,0.016557
13.19,0.016918
12.745,0.017234
12.295,0.017748
11.845,0.018336
11.4,0.018757
10.955,0.019149
10.505,0.019312
10.059999999999999,0.019738
9.615,0.020229
9.165,0.020529
8.72,0.020746
8.275,0.021698
7.825,0.023768
7.375,0.026489
6.930000000000001,0.030249
6.484999999999999,0.033328
6.035,0.035024
5.59,0.035527
5.1450000000000005,0.036213
4.694999999999999,0.041446
4.245,0.047763
3.8,0.055107
3.355,0.062337
2.9050000000000002,0.070169
2.46,0.077166
2.0149999999999997,0.086347
1.565,0.11936
1.1150000000000002,0.13166
0.67,0.14883
461.46500000000003,0.0012066
436.52000000000004,0.00074313
411.58,0.0011411
386.635,0.0011511
361.68999999999994,0.0015796
336.74499999999995,0.0015467
311.79999999999995,0.0017418
286.86,0.0018719
261.915,0.002751
236.97000000000003,0.0025908
212.025,0.0032532
187.07999999999998,0.0038414
162.13499999999996,0.0047525
137.18999999999997,0.0061273
112.24999999999999,0.0069492
87.30499999999999,0.0088823
62.36,0.012588
37.415,0.022488
12.47,0.063641
783.5,0.00053674
759.3950000000001,0.00046594
735.285,0.00051479
711.175,0.00036984
687.0699999999999,0.00061017
662.965,0.00054465
638.8549999999999,0.00071874
614.745,0.00064932
590.635,0.00081443
566.53,0.00088186
542.425,0.00093153
518.315,0.001091
494.205,0.0011383
470.1,0.0013781
445.995,0.0014173
421.885,0.0016077
397.775,0.001618
373.67,0.0016975
349.565,0.0020435
325.455,0.00236
301.34499999999997,0.0025544
277.235,0.002832
253.13000000000002,0.003199
229.02499999999998,0.0041389
204.91500000000002,0.0046746
180.805,0.0053288
156.70000000000002,0.0062172
132.595,0.007515
108.485,0.0086548
84.375,0.01055
60.269999999999996,0.011302
36.165000000000006,0.01411
12.055,0.017584
685.145,0.00079727
658.275,0.00031088
631.4100000000001,0.00087536
604.545,0.0008272
577.675,0.00072357
550.805,0.0010306
523.9350000000001,0.0010636
497.065,0.0011604
470.2,0.0012157
443.33500000000004,0.0012006
416.465,0.0015254
389.595,0.0013689
362.72499999999997,0.0020002
335.855,0.0019872
308.98499999999996,0.002787
282.12,0.0031095
255.255,0.0029261
228.385,0.0041577
201.515,0.0051621
174.64499999999998,0.0060314
147.77499999999998,0.0070805
120.90499999999999,0.0089252
94.03999999999999,0.010947
67.175,0.017045
40.305,0.032168
13.435,0.074331
489.51,0.00047341
466.74499999999995,0.000774
443.975,0.00067333
421.205,0.0003224
398.435,0.0015064
375.67,0.00098828
352.90500000000003,0.0014949
330.13499999999993,0.00073565
307.365,0.0022397
284.595,0.0020841
261.83,0.0019704
239.065,0.0032904
216.29500000000002,0.0029343
193.525,0.0029644
170.76,0.0058584
147.99499999999998,0.0022714
125.22500000000001,0.0089855
102.45499999999998,0.011224
79.685,0.015037
56.92,0.025445
34.155,0.047785
11.385,0.11709
778.385,0.00017341
747.86,0.00020384
717.335,0.00023075
686.81,2.4321e-05
656.285,0.00021703
625.7600000000001,0.00022571
595.235,0.00017522
564.71,0.00038091
534.1850000000001,0.0002144
503.65999999999997,0.0003486
473.135,0.00041506
442.61,0.00021634
412.08500000000004,0.00048316
381.56,0.00051561
351.03499999999997,0.00049576
320.51,0.00083546
289.98500000000007,0.00069514
259.46000000000004,0.0010253
228.935,0.00088211
198.41,0.0014692
167.88500000000002,0.0016023
137.36,0.0022199
106.835,0.0026555
76.31,0.0040091
45.785,0.0052147
15.26,0.0070223
985.24,0.00022314
962.055,0.00021547
938.87,0.0002553
915.69,0.00024166
892.51,0.00025823
869.3299999999999,0.00027149
846.145,0.00030645
822.96,0.00033083
799.78,0.00033475
776.5999999999999,0.0003347
753.42,0.00024665
730.235,0.00034786
707.05,0.00034086
683.87,0.00044475
660.69,0.00042081
637.51,0.00054513
614.325,0.0004704
591.14,0.00044734
567.96,0.00036326
544.7800000000001,0.00059094
521.6,0.00044439
498.41499999999996,0.00052327
475.22999999999996,0.00049084
452.05,0.00061872
428.86999999999995,0.00055673
405.69,0.00067277
382.505,0.00089533
359.32,0.0011493
336.14,0.0012082
312.96000000000004,0.0013382
289.775,0.001497
266.59,0.0016896
243.41000000000003,0.0018481
220.23,0.0021231
197.05,0.0025191
173.86499999999998,0.0030846
150.67999999999998,0.0038595
127.5,0.0048696
104.32,0.0056963
81.14,0.0066676
57.955,0.0093179
34.769999999999996,0.009364
11.59,0.0093815
988.56,0.00035752
965.29,0.00044826
942.03,0.00044422
918.77,0.00029239
895.51,0.00024451
872.25,0.00032088
848.99,0.00032822
825.73,0.00034203
802.47,0.00031995
779.2099999999999,0.00029506
755.95,0.00049361
732.69,0.00057663
709.43,0.00074814
686.17,0.00068407
662.91,0.0006919
639.6500000000001,0.00076652
616.39,0.00083952
593.1299999999999,0.00099737
569.87,0.00085315
546.61,0.00093355
523.35,0.0008727
500.0899999999999,0.0012535
476.83,0.0013294
453.57000000000005,0.0014658
430.30999999999995,0.0015673
407.05,0.0017248
383.78999999999996,0.0019608
360.53000000000003,0.0020137
337.27,0.0020893
314.01,0.0024756
290.74999999999994,0.0030689
267.49,0.0032035
244.23,0.0035569
220.97,0.0037421
197.71,0.0044211
174.45,0.0051537
151.19,0.0058487
127.92999999999999,0.0066758
104.67,0.0085168
81.41,0.0093174
58.14999999999999,0.012473
34.89,0.013175
11.629999999999999,0.017227
987.02,0.0002476
958.4350000000001,0.0002707
929.825,0.00036907
901.215,0.00023608
872.605,0.00043135
843.995,0.00034534
815.385,0.00026359
786.775,0.00041484
758.165,0.00034685
729.555,0.0004884
700.945,0.00024248
672.335,0.00070711
643.725,0.00074682
615.115,0.00071915
586.5050000000001,0.00064074
557.895,0.0007426
529.285,0.00061257
500.67499999999995,0.0009778
472.065,0.00097967
443.455,0.00081064
414.845,0.0015636
386.235,0.0011292
357.62499999999994,0.0015978
329.015,0.0019942
300.40500000000003,0.0024287
271.795,0.0025898
243.18499999999997,0.0035211
214.57500000000002,0.0036649
185.965,0.0045816
157.35500000000002,0.0053917
128.745,0.0068183
100.135,0.0097842
71.525,0.015431
42.915,0.034335
14.305,0.082881
663.59,0.00159
635.355,0.0007627
607.12,0.0016392
578.8800000000001,0.0011191
550.64,0.0020931
522.4,0.0015907
494.16499999999996,0.0019858
465.92999999999995,0.0022846
437.69,0.0021972
409.45,0.0019755
381.21000000000004,0.0024868
352.975,0.0022501
324.74,0.0031118
296.5,0.0030435
268.26,0.0042197
240.01999999999998,0.0035718
211.785,0.0045045
183.54999999999998,0.0074915
155.31,0.0070778
127.07000000000002,0.0085419
98.83,0.010965
70.59499999999998,0.017838
42.36,0.034721
14.120000000000001,0.082523
492.525,0.0011879
465.9,0.00058687
439.28000000000003,0.0012608
412.655,0.00099281
386.03,0.00091481
359.41,0.0014927
332.785,0.0015295
306.15999999999997,0.0022216
279.54,0.0022245
252.92000000000004,0.002032
226.295,0.0031787
199.67000000000002,0.0038716
173.04999999999998,0.0047214
146.425,0.0048646
119.8,0.0080943
93.17999999999999,0.011
66.55999999999999,0.016707
39.934999999999995,0.032128
13.31,0.075477
996.675,0.00025238
972.64,0.0002747
948.625,8.9987e-05
924.6099999999999,0.00029366
900.59,0.00027764
876.575,0.00037369
852.56,4.7504e-05
828.5450000000001,0.00024714
804.53,0.00031114
780.5150000000001,0.00038243
756.5,0.00031501
732.48,0.00029208
708.465,0.00054539
684.45,0.00038983
660.435,0.00055047
636.42,0.00030348
612.4000000000001,0.00078074
588.385,0.00066425
564.37,0.0007786
540.3549999999999,0.00071861
516.34,0.00080574
492.325,0.00086925
468.31,0.00072797
444.28999999999996,0.0011281
420.27500000000003,0.00095819
396.26,0.0014384
372.245,0.0013721
348.23,0.0017238
324.21500000000003,0.0017833
300.20000000000005,0.0022419
276.18,0.0024787
252.16500000000002,0.0027377
228.15,0.0031831
204.13500000000002,0.0037067
180.12,0.0045737
156.10000000000002,0.0049328
132.085,0.0064853
108.07,0.0081883
84.055,0.010972
60.040000000000006,0.013972
36.025,0.017178
12.01,0.022172
482.84499999999997,0.00038874
465.9,0.00033687
448.96000000000004,0.00036395
432.02,0.00033944
415.08,0.00023475
398.135,0.00037543
381.19000000000005,5.1916e-05
364.24999999999994,0.00061537
347.31,0.00018491
330.37,0.00040994
313.425,0.00038661
296.47999999999996,0.00040995
279.54,0.00052057
262.6,0.00056315
245.66000000000003,0.00067596
228.715,0.00079869
211.77,0.00078529
194.83,0.00079566
177.89,0.0011734
160.95,0.0010599
144.01,0.001903
127.06499999999998,0.0019501
110.11999999999999,0.0027653
93.17999999999999,0.0032377
76.24000000000001,0.0038681
59.3,0.0050156
42.355000000000004,0.0091634
25.410000000000004,0.017836
8.47,0.027875
1175.8500000000001,0.00021005
1145.3,0.0003878
1114.75,0.00040686
1084.2,0.00042303
1053.6499999999999,0.00031748
1023.15,0.00048736
992.61,0.00047943
962.05,0.00075087
931.5100000000001,0.00062795
900.965,0.00074714
870.42,0.00073343
839.88,0.00084061
809.3399999999999,0.0009268
778.8000000000001,0.00093062
748.26,0.0012104
717.72,0.0012194
687.1800000000001,0.0013226
656.64,0.0013063
626.095,0.0014482
595.5500000000001,0.0015517
565.01,0.0016091
534.47,0.0018034
503.93,0.0019758
473.39,0.0022575
442.85,0.0023795
412.31,0.0027078
381.76500000000004,0.002909
351.21999999999997,0.0033117
320.68,0.0035791
290.14,0.0035915
259.6,0.0037929
229.05999999999997,0.0038159
198.52,0.0043837
167.98000000000002,0.0049057
137.435,0.0058804
106.89,0.0066457
76.35,0.0081033
45.81,0.0094634
15.270000000000001,0.010887
972.3,0.00053336
936.945,0.00032331
901.59,0.00041348
866.23,0.00044755
830.875,0.00049868
795.52,0.00026421
760.16,0.00069648
724.8050000000001,0.00084826
689.45,0.00068478
654.09,0.0009663
618.735,0.00083523
583.38,0.00094956
548.025,0.00085321
512.67,0.0013206
477.31,0.0013456
441.955,0.0013044
406.59999999999997,0.0022963
371.24,0.0016636
335.885,0.0028299
300.53,0.0032904
265.17,0.002962
229.815,0.0038864
194.46,0.0048378
159.105,0.0067
123.75,0.0099464
88.39,0.012996
53.035,0.02216
17.68,0.050318
831.9100000000001,0.00089709
803.71,0.00013985
775.51,0.00057332
747.3100000000001,0.00060541
719.11,0.00037897
690.91,0.00060407
662.71,0.00088296
634.51,0.00064676
606.3100000000001,0.00090791
578.11,0.0003048
549.91,0.00096132
521.71,0.0009561
493.505,0.00067651
465.3,0.0014972
437.09999999999997,0.0010759
408.9,0.00147
380.7,0.0017336
352.5,0.00056127
324.29999999999995,0.0021504
296.09999999999997,0.0026628
267.90000000000003,0.002181
239.70000000000002,0.0034262
211.5,0.0033445
183.29999999999998,0.0034316
155.1,0.0046137
126.89999999999999,0.0040547
98.7,0.0062494
70.5,0.0045334
42.3,0.0061589
14.1,0.0058252
848.2149999999999,0.00017108
823.63,0.00037424
799.045,0.00046237
774.4599999999999,0.00026683
749.8750000000001,0.0004749
725.285,0.00059519
700.7,0.00039878
676.115,0.00079088
651.53,0.00083577
626.945,0.00037085
602.355,0.00058654
577.77,0.00076804
553.1850000000001,0.00095388
528.5999999999999,0.00095093
504.015,0.0012013
479.425,0.0011118
454.84000000000003,0.0014979
430.255,0.0019783
405.66999999999996,0.0017204
381.085,0.0019205
356.495,0.0020181
331.91,0.002173
307.325,0.0026963
282.74,0.0027423
258.15500000000003,0.0041689
233.565,0.0043052
208.98,0.0051865
184.395,0.0058528
159.81,0.0077923
135.22500000000002,0.0091626
110.63499999999999,0.012192
86.05,0.015305
61.465,0.021194
36.879999999999995,0.043226
12.295,0.0825
784.59,0.0003888
763.09,0.00042019
741.595,0.00048434
720.0999999999999,0.00062035
698.605,0.00059729
677.11,0.00054618
655.615,0.00048098
634.12,0.00047794
612.625,0.00063018
591.1299999999999,0.00075437
569.6300000000001,0.0007783
548.135,0.00071406
526.64,0.00065339
505.145,0.0008193
483.65000000000003,0.00089459
462.155,0.00084162
440.65999999999997,0.0010991
419.165,0.0010928
397.66999999999996,0.0013334
376.17,0.0013765
354.675,0.0014947
333.18,0.0014033
311.685,0.0015336
290.19,0.0015755
268.695,0.001977
247.20000000000002,0.0020775
225.70499999999998,0.0022257
204.21,0.0023892
182.70999999999998,0.0026559
161.215,0.0029676
139.72,0.0034986
118.225,0.0044764
96.73,0.0055767
75.235,0.005962
53.74,0.0081682
32.245,0.012085
10.75,0.018998
1285.1,0.00032807
1253.3500000000001,0.00047859
1221.6499999999999,0.00044495
1189.95,0.00046747
1158.1999999999998,0.00036807
1126.4500000000003,0.00052874
1094.75,0.00042444
1063.0,0.00049782
1031.25,0.00031292
999.5350000000001,0.00045019
967.8050000000001,0.00047709
936.075,0.00053108
904.3449999999999,0.00056831
872.61,0.00057837
840.875,0.00078796
809.145,0.00074652
777.415,0.00075447
745.685,0.0006516
713.955,0.00085816
682.225,0.0009132
650.495,0.0011096
618.76,0.0010822
587.025,0.0012324
555.295,0.0012989
523.565,0.0015648
491.83500000000004,0.0017653
460.10499999999996,0.002033
428.375,0.0021666
396.64500000000004,0.0023022
364.91,0.0022391
333.175,0.0025377
301.44499999999994,0.0025894
269.71500000000003,0.0032282
237.985,0.0033935
206.25500000000002,0.0039305
174.52499999999998,0.0043223
142.79500000000002,0.0046048
111.05999999999999,0.005422
79.325,0.0058378
47.595,0.0063906
15.865,0.006094
988.345,0.00059704
961.25,0.00048619
934.17,0.00044253
907.095,0.00038892
880.02,0.00043301
852.94,0.00048384
825.86,0.00066048
798.7850000000001,0.00068421
771.71,0.00075042
744.63,0.00067459
717.5500000000001,0.0007509
690.4749999999999,0.00072562
663.4,0.00087533
636.32,0.0009975
609.24,0.0010609
582.1650000000001,0.00095828
555.0899999999999,0.0010595
528.01,0.0012951
500.93,0.0015197
473.855,0.001707
446.78000000000003,0.0018087
419.70000000000005,0.0021226
392.61999999999995,0.0022648
365.545,0.0023599
338.46999999999997,0.0026407
311.39,0.0029153
284.31,0.0033164
257.235,0.0038487
230.16,0.0046296
203.07999999999998,0.0057402
176.0,0.0069378
148.925,0.0081202
121.85000000000001,0.0096193
94.77,0.012784
67.69,0.016271
40.614999999999995,0.026947
13.54,0.043288
679.465,0.00029439
650.555,0.00041847
621.64,0.00047595
592.7249999999999,0.00035622
563.8149999999999,0.00067061
534.9,0.00047453
505.985,0.00028931
477.07500000000005,0.00052861
448.16,0.0011327
419.245,0.00028266
390.3299999999999,0.0011369
361.41499999999996,0.0011178
332.505,0.0014442
303.59000000000003,0.0019696
274.675,0.0020155
245.76500000000001,0.0020492
216.85,0.0029432
187.935,0.0039771
159.025,0.0044969
130.11,0.0068266
101.19500000000001,0.0092042
72.285,0.014945
43.37,0.022786
14.455,0.030732
478.665,0.00061939
449.65500000000003,0.00082226
420.645,0.0013243
391.635,0.00070135
362.625,0.0015578
333.615,0.0013384
304.605,0.0016673
275.595,0.0021625
246.585,0.0023137
217.57500000000002,0.0029612
188.56499999999997,0.0043669
159.555,0.003869
130.54500000000002,0.006408
101.535,0.0072247
72.525,0.012714
43.515,0.021589
14.505,0.067877
479.34,0.0015378
454.76,0.0013833
430.17499999999995,0.0014922
405.59000000000003,0.0010983
381.00999999999993,0.0020294
356.43,0.0015924
331.84999999999997,0.0025099
307.27000000000004,0.0012877
282.69,0.0032939
258.10499999999996,0.0031567
233.52,0.0040832
208.94000000000003,0.0049802
184.35999999999999,0.0059997
159.78,0.0068243
135.20000000000002,0.0086056
110.61999999999999,0.012165
86.035,0.016927
61.45,0.026619
36.87,0.051703
12.290000000000001,0.098428
991.44,0.0002038
968.115,0.0001948
944.785,0.00023933
921.4599999999999,0.00015885
898.135,0.00025142
874.8050000000001,0.0002963
851.475,0.00027316
828.1449999999999,0.00022294
804.8199999999999,0.00026811
781.495,0.00036154
758.165,0.00049779
734.835,0.00040884
711.5050000000001,0.00031222
688.1800000000001,0.00049517
664.855,0.00055926
641.525,0.0007511
618.195,0.0004524
594.865,0.00067069
571.535,0.00063637
548.2099999999999,0.00083604
524.885,0.00075362
501.55499999999995,0.0008611
478.225,0.00098139
454.895,0.00089008
431.57,0.001091
408.24499999999995,0.0011429
384.915,0.001514
361.58500000000004,0.0014704
338.255,0.0016597
314.93,0.0016243
291.605,0.0017374
268.27500000000003,0.0019292
244.945,0.0024587
221.615,0.0029582
198.285,0.0035783
174.96,0.0037863
151.63500000000002,0.0044439
128.305,0.0053917
104.975,0.0063667
81.645,0.0071066
58.32,0.0084369
34.995,0.0091549
11.665,0.010789
890.325,0.00034871
869.855,0.00033133
849.3850000000001,0.00040853
828.92,0.00024381
808.455,0.00032481
787.985,0.00033373
767.52,0.00025652
747.0550000000001,0.00035908
726.585,0.00025632
706.115,0.000486
685.6500000000001,0.0003427
665.1850000000001,0.00056656
644.715,0.00053375
624.25,0.00069635
603.785,0.00069242
583.315,0.00082397
562.845,0.00079586
542.3800000000001,0.00072571
521.915,0.00071371
501.44500000000005,0.00090223
480.97999999999996,0.0010682
460.515,0.001163
440.045,0.00099983
419.57500000000005,0.0011584
399.10999999999996,0.0012494
378.645,0.0015223
358.175,0.0016746
337.70500000000004,0.0019137
317.23999999999995,0.0020163
296.77500000000003,0.0022934
276.305,0.0024063
255.83999999999995,0.0028257
235.375,0.0033784
214.905,0.003869
194.435,0.0044733
173.97000000000003,0.0053416
153.505,0.0070658
133.03500000000003,0.0084652
112.57000000000001,0.010802
92.10499999999999,0.012875
71.635,0.016677
51.165,0.018295
30.7,0.020539
10.235,0.021739
989.19,0.00013863
958.7600000000001,0.00013832
928.32,0.00015295
897.885,0.00016855
867.45,0.0001636
837.01,0.00014474
806.575,0.0001263
776.1400000000001,0.00013383
745.7,0.00018012
715.265,0.0001817
684.83,0.00026115
654.39,0.00022157
623.955,0.000263
593.5200000000001,0.00028055
563.08,0.00033919
532.645,0.00027743
502.2099999999999,0.00027903
471.77000000000004,0.00034103
441.33500000000004,0.00046636
410.9,0.00052632
380.46000000000004,0.00059973
350.02500000000003,0.00070485
319.59,0.00079145
289.15000000000003,0.00090747
258.71,0.00094116
228.275,0.0011225
197.84,0.0013101
167.4,0.0017048
136.965,0.0021548
106.53,0.0023743
76.09,0.0033025
45.655,0.0036912
15.219999999999999,0.0049635
991.02,0.00026842
963.8599999999999,0.00035625
936.705,0.00036242
909.555,0.0003828
882.405,0.00055284
855.255,0.00053141
828.105,0.0007551
800.9549999999999,0.00074596
773.805,0.00072669
746.655,0.00079582
719.505,0.00072169
692.35,0.00080897
665.1949999999999,0.0007036
638.045,0.000869
610.895,0.00091113
583.745,0.00088871
556.5949999999999,0.0010451
529.4449999999999,0.0011441
502.2950000000001,0.0012837
475.145,0.0013048
447.995,0.0011142
420.84,0.0017542
393.685,0.0017896
366.535,0.0020781
339.385,0.0019288
312.23499999999996,0.0023368
285.085,0.0027677
257.93499999999995,0.0029661
230.785,0.0032571
203.63500000000002,0.0035799
176.485,0.0043932
149.33,0.0053178
122.17500000000001,0.0058941
95.02499999999999,0.0074303
67.87499999999999,0.0093372
40.724999999999994,0.012347
13.575000000000001,0.016257
476.83,0.0010408
453.57000000000005,0.00064105
430.30999999999995,0.00081146
407.05,0.001174
383.78999999999996,0.00062771
360.53000000000003,0.00069848
337.27,0.0018908
314.01,0.00046016
290.74999999999994,0.0017297
267.49,0.0025092
244.23,0.0008714
220.97,0.0030471
197.71,0.0033146
174.45,0.0047504
151.19,0.003424
127.92999999999999,0.0064957
104.67,0.008919
81.41,0.01266
58.14999999999999,0.020914
34.89,0.041075
11.629999999999999,0.08266
693.865,2.6288e-05
672.515,0.00035101
651.165,0.00039651
629.815,0.00034407
608.465,0.00030923
587.115,0.00043501
565.765,0.00037241
544.415,0.00046899
523.065,0.00032057
501.71500000000003,0.00050342
480.365,0.00044559
459.015,0.00060852
437.66499999999996,0.00053687
416.315,0.00067309
394.96500000000003,0.00066417
373.615,0.0008372
352.265,0.00096199
330.915,0.0011142
309.565,0.0010655
288.22,0.0014831
266.875,0.0014708
245.525,0.0018948
224.175,0.0021302
202.825,0.0024649
181.475,0.0030152
160.12500000000003,0.0033761
138.77499999999998,0.0046715
117.425,0.0055076
96.07499999999999,0.0070347
74.725,0.0097856
53.375,0.013787
32.025,0.023233
10.675,0.03606
48.305,0.0025487
46.41,0.0026617
44.515,0.0029726
42.62,0.0034605
40.724999999999994,0.0040087
38.830000000000005,0.0024711
36.934999999999995,0.0038969
35.045,0.0038684
33.15,0.0042343
31.255,0.0047853
29.36,0.0034254
27.465,0.0045691
25.57,0.0061868
23.675,0.0049259
21.785,0.0054359
19.889999999999997,0.0070514
17.994999999999997,0.0060922
16.1,0.0084746
14.204999999999998,0.0092069
12.315,0.011557
10.419999999999998,0.014975
8.525,0.016813
6.630000000000001,0.023269
4.734999999999999,0.032581
2.84,0.045215
0.945,0.075853
249.725,0.0020134
247.055,0.00087141
244.385,0.0011743
241.715,0.00097471
239.04500000000002,0.0009804
236.375,0.00093375
233.70499999999998,0.00091788
231.035,0.00090019
228.36499999999998,0.00088935
225.69,0.00088088
223.015,0.00087526
220.34500000000003,0.0008716
217.675,0.00086968
215.005,0.00086918
212.335,0.00086992
209.665,0.00087173
206.99499999999998,0.00087447
204.32500000000002,0.00087805
201.655,0.00088239
198.98499999999999,0.00088713
196.30999999999997,0.00089245
193.635,0.00089833
190.965,0.00090474
188.295,0.00091163
185.62499999999997,0.00091897
182.955,0.00092675
180.285,0.00093492
177.615,0.00094348
174.945,0.0009524
172.275,0.00096167
169.60500000000002,0.00097129
166.93,0.00098122
164.255,0.00099148
161.585,0.00099939
158.915,0.001007
156.245,0.0010147
153.575,0.0010227
150.905,0.0010308
148.235,0.0010391
145.565,0.0010476
142.89499999999998,0.0010563
140.225,0.0010651
137.555,0.0010741
134.88,0.0010833
132.20499999999998,0.0010927
129.53500000000003,0.0011022
126.86500000000001,0.0011155
124.195,0.0011309
121.52499999999999,0.0011467
118.855,0.001163
116.185,0.0011797
113.515,0.0011969
110.845,0.0012146
108.175,0.0012329
105.50000000000001,0.0012518
102.825,0.0012713
100.155,0.0012916
97.485,0.0013126
94.815,0.0013345
92.14500000000001,0.0013554
89.475,0.0013771
86.80499999999999,0.0013999
84.135,0.0014239
81.465,0.0014491
78.795,0.0014758
76.11999999999999,0.001504
73.445,0.0015341
70.775,0.0015662
68.105,0.0016005
65.43499999999999,0.0016374
62.765,0.0016773
60.095,0.0017204
57.425000000000004,0.0017672
54.754999999999995,0.0018184
52.08500000000001,0.0018744
49.415,0.0019361
46.745,0.0020044
44.07,0.0020802
41.395,0.0021649
38.724999999999994,0.0022599
36.05500000000001,0.0023671
33.385,0.0024887
30.715,0.0026272
28.045,0.0027858
25.375,0.0029683
22.705,0.0031789
20.035,0.0034222
17.365,0.0037026
14.69,0.0040226
12.015,0.0043801
9.344999999999999,0.0047625
6.675000000000001,0.0051391
4.005,0.0054554
1.335,0.0056452
388.775,0.0013312
385.72499999999997,0.00071965
381.37,0.00057498
377.01,0.00057282
372.65000000000003,0.00061073
368.29,0.00059015
363.92999999999995,0.00061692
359.57,0.00067405
355.215,0.00042272
350.86,0.0007134
346.50000000000006,0.00053343
342.14,0.0005221
337.78,0.00074262
333.42,0.00056659
329.065,0.00075282
324.71,0.00054036
320.35,0.0008314
315.99,0.00081325
311.62999999999994,0.00075258
307.27,0.00099592
302.91,0.00084739
298.555,0.00082655
294.20000000000005,0.00093248
289.84,0.00085607
285.48,0.00075124
281.12000000000006,0.0008212
276.76,0.00086018
272.40500000000003,0.00098428
268.05,0.00066774
263.69,0.00095151
259.33,0.0010321
254.97000000000003,0.00083143
250.61,0.001052
246.25000000000003,0.00097402
241.895,0.0009067
237.54,0.00092208
233.18,0.0010983
228.82000000000002,0.0010738
224.45999999999998,0.0011513
220.10000000000002,0.0010643
215.74500000000003,0.001139
211.39000000000001,0.0014935
207.03,0.00092286
202.67000000000002,0.0013053
198.30999999999997,0.0016022
193.95000000000002,0.0010693
189.58999999999997,0.0014907
185.23499999999999,0.0011246
180.88,0.0016009
176.52,0.0018969
172.15999999999997,0.0016062
167.8,0.0015943
163.43999999999997,0.0020293
159.08499999999998,0.002004
154.73,0.0020821
150.37,0.0022477
146.01,0.0016301
141.65,0.002327
137.29000000000002,0.0023583
132.93,0.0025333
128.575,0.0029737
124.22,0.0028501
119.86,0.0030314
115.5,0.0028072
111.14,0.0030195
106.78,0.0036665
102.42,0.0031734
98.065,0.0039217
93.71000000000001,0.0038113
89.35,0.004166
84.99,0.0043728
80.63000000000001,0.0041731
76.27000000000001,0.0048853
71.915,0.0051316
67.55999999999999,0.0051679
63.199999999999996,0.0061829
58.84,0.0069544
54.480000000000004,0.0074
50.12,0.0080272
45.760000000000005,0.0082966
41.404999999999994,0.008311
37.05,0.010279
32.69,0.011413
28.330000000000002,0.012615
23.97,0.013864
19.610000000000003,0.015727
15.255,0.018454
10.9,0.020784
6.540000000000001,0.027934
2.18,0.036255
591.65,0.0008248
561.31,0.0014729
530.9699999999999,0.0015508
500.63,0.0012541
470.28999999999996,0.0014909
439.95,0.0019038
409.605,0.0024319
379.26000000000005,0.0019645
348.92,0.0032747
318.58,0.003024
288.24,0.003723
257.90000000000003,0.0043096
227.55999999999997,0.0044822
197.22,0.0044645
166.88,0.0055007
136.53500000000003,0.0065319
106.19000000000001,0.0076474
75.85,0.0083052
45.51,0.010626
15.17,0.013559
98.48,0.00081215
94.10000000000001,0.00070019
89.725,0.0010547
85.35000000000001,0.00086909
80.97,0.0010306
76.595,0.00092892
72.22000000000001,0.0013046
67.84,0.00089619
63.464999999999996,0.0010585
59.09,0.0010396
54.709999999999994,0.0012901
50.335,0.0013086
45.96,0.0015474
41.580000000000005,0.0018521
37.199999999999996,0.0019895
32.825,0.0022314
28.45,0.0024899
24.07,0.0027684
19.695,0.0031758
15.32,0.0041799
10.94,0.0057184
6.565,0.0074161
352.28499999999997,0.0011396
336.63,0.00076223
320.96999999999997,0.00097507
305.30999999999995,0.00043003
289.655,0.00079965
274.0,0.0010166
258.34000000000003,0.00094993
242.685,0.0012557
227.03,0.0012872
211.37,0.0017084
195.715,0.00032781
180.06,0.0025953
164.39999999999998,0.0022166
148.73999999999998,0.0013454
133.085,0.0033355
117.43,0.0034159
101.77,0.0041827
86.115,0.0049144
70.46,0.0082466
54.800000000000004,0.0081139
39.13999999999999,0.012287
23.485,0.020492
7.83,0.054247
773.4449999999999,0.00021321
741.8750000000001,0.0002025
710.305,0.00015807
678.7350000000001,0.00024568
647.165,0.00022855
615.595,0.00028288
584.025,0.00029798
552.4599999999999,0.00038528
520.895,0.0003297
489.325,0.00039684
457.755,0.00042296
426.185,0.00056411
394.615,0.0006639
363.045,0.00059689
331.475,0.00075817
299.905,0.0009623
268.335,0.0010693
236.76500000000001,0.001286
205.19500000000002,0.0014839
173.63,0.0018577
142.065,0.0020396
110.495,0.0027457
78.925,0.0027731
47.355000000000004,0.0025615
15.785,0.0042009
390.20500000000004,0.0012294
373.6,0.0013291
357.0,0.0012956
340.395,0.0017769
323.79,0.0015606
307.185,0.0021406
290.5799999999999,0.0021157
273.97499999999997,0.0025886
257.37,0.0027298
240.76500000000001,0.0032581
224.16,0.0032293
207.55499999999998,0.0037652
190.95000000000002,0.0044732
174.35,0.0037267
157.745,0.0038853
141.14,0.0049946
124.53500000000001,0.0047481
107.92999999999999,0.0060219
91.32499999999999,0.0065706
74.72000000000001,0.0082313
58.115,0.013169
41.510000000000005,0.020067
24.905000000000005,0.036185
8.3,0.056011
297.66,0.0014054
282.395,0.00095115
267.13,0.0010404
251.865,0.0018615
236.6,0.0017266
221.335,0.0019198
206.07,0.0020203
190.805,0.0026622
175.54,0.0030735
160.28,0.0027193
145.01500000000001,0.0037496
129.75,0.0040657
114.485,0.0049336
99.22,0.0061778
83.955,0.0074808
68.69,0.011094
53.425,0.0128
38.16,0.016908
22.895,0.026922
7.63,0.0495
490.885,0.00033162
477.055,0.00029546
463.23,0.00022619
449.405,0.00060775
435.575,0.00066738
421.745,0.00072464
407.915,0.00067272
394.09000000000003,0.00066207
380.26500000000004,0.00092554
366.435,0.00087964
352.605,0.0010007
338.78,0.0008951
324.955,0.0010991
311.125,0.0011998
297.29499999999996,0.0013554
283.46500000000003,0.0015244
269.64,0.0015937
255.81500000000003,0.0015757
241.985,0.0016933
228.155,0.0019027
214.32999999999998,0.0021919
200.505,0.0024074
186.675,0.002723
172.845,0.0030792
159.01999999999998,0.0034242
145.195,0.00391
131.365,0.0041341
117.535,0.0046854
103.705,0.0052772
89.88,0.0060068
76.05499999999999,0.0072003
62.224999999999994,0.0076967
48.395,0.0090409
34.57,0.010684
20.745,0.01225
6.915,0.014365
587.515,0.00051998
569.9799999999999,0.00020092
552.44,0.00039638
534.9,0.00059903
517.3650000000001,
499.83,0.00069197
482.29,0.00054625
464.75,0.00056572
447.21,0.00069433
429.675,0.00073692
412.14,0.00086474
394.6,0.00083736
377.06,0.00080746
359.525,0.00077024
341.99,0.0008535
324.45,0.001282
306.91,0.00071726
289.37,0.001509
271.83500000000004,0.0013068
254.30000000000004,0.0017071
236.76,0.0009573
219.22,0.0016928
201.685,0.0015585
184.15,0.0020974
166.61,0.002527
149.07000000000002,0.0022369
131.53,0.0031999
113.995,0.002888
96.46000000000001,0.0042553
78.92,0.003514
61.38,0.0052533
43.84499999999999,0.0049427
26.31,0.0074404
8.77,0.0055864
784.955,0.00017573
762.845,8.6356e-05
740.7349999999999,0.00015448
718.6250000000001,0.00020546
696.515,0.00023133
674.4,0.00031667
652.285,0.00025851
630.175,0.00030797
608.065,0.00029868
585.955,0.00033096
563.8449999999999,0.00036306
541.73,0.00034153
519.6149999999999,0.00039262
497.505,0.00040657
475.39500000000004,0.00045766
453.28499999999997,0.00049445
431.17499999999995,0.00050059
409.065,0.00065232
386.95,0.00058162
364.83500000000004,0.00066402
342.725,0.00053405
320.615,0.00069654
298.505,0.00069151
276.395,0.00081599
254.285,0.00088641
232.17,0.001031
210.05499999999998,0.0011895
187.945,0.00125
165.835,0.0013725
143.725,0.001409
121.615,0.0016216
99.50500000000001,0.0017602
77.39,0.0022658
55.275000000000006,0.0033356
33.165,0.0050429
11.055,0.0075539
485.5199999999999,0.0009075
466.48,0.00059476
447.43999999999994,0.00080766
428.4,0.00077159
409.35999999999996,0.00078106
390.32,0.00096793
371.28000000000003,0.0010828
352.24,0.0015032
333.20000000000005,0.0012441
314.15999999999997,0.0019955
295.12000000000006,0.0018264
276.08,0.0015268
257.03999999999996,0.0023386
238.0,0.0024005
218.95999999999998,0.0025209
199.92,0.0034254
180.88000000000002,0.0035151
161.84,0.0046841
142.8,0.0060377
123.76,0.0081724
104.72000000000001,0.011505
85.68,0.013973
66.64,0.019096
47.6,0.026343
28.560000000000002,0.05002
9.520000000000001,0.082185
533.875,0.00086947
511.1600000000001,0.00041025
488.44,0.00061651
465.72,0.00082158
443.0,0.00063577
420.285,0.00081571
397.57,0.0012311
374.85,0.00094978
352.13,0.0014007
329.40999999999997,0.00067423
306.69,0.0017296
283.97499999999997,0.001874
261.26,0.0016019
238.54,0.0023882
215.82000000000002,0.0032031
193.1,0.0034067
170.38500000000002,0.0046827
147.67,0.0059137
124.94999999999999,0.0082929
102.23,0.010153
79.50999999999999,0.014013
56.795,0.024778
34.08,0.043918
11.36,0.096208
312.35,0.00063586
304.825,0.00026827
297.29499999999996,0.00051399
289.77,0.00027567
282.24499999999995,0.00035802
274.71500000000003,0.00036707
267.19000000000005,0.00032662
259.665,0.00058789
252.135,0.00039722
244.60999999999999,0.00033959
237.08499999999998,0.00030513
229.55999999999997,0.00017578
222.03499999999997,0.0005741
214.505,0.00063818
206.98,0.00041253
199.45499999999998,0.00063546
191.925,0.00039515
184.4,0.00049046
176.875,0.00068885
169.34500000000003,0.00074484
161.82000000000002,0.00066183
154.29500000000002,0.00050868
146.765,0.0011024
139.23999999999998,0.00059935
131.715,0.0006524
124.185,0.00089627
116.66,0.00082157
109.135,0.00099364
101.605,0.0014189
94.08,0.00083306
86.55499999999999,0.0014086
79.03,0.0012357
71.505,0.00099798
63.975,0.0019454
56.45,0.0016829
48.925,0.0019773
41.395,0.0029192
33.87,0.0038984
26.345,0.0052746
18.814999999999998,0.0099028
11.29,0.021291
3.765,0.065942
59.55,0.0015701
58.73,0.0022253
57.910000000000004,0.001218
57.09,0.0021079
56.27,0.0010259
55.445,0.0026106
54.620000000000005,0.0020022
53.8,0.001772
52.98,0.0029311
52.16,0.0018233
51.339999999999996,0.0012979
50.52,0.0031298
49.695,0.0023399
48.87,0.0025468
48.050000000000004,0.0035012
47.230000000000004,0.0029361
46.41,0.0012403
45.589999999999996,0.0028905
44.769999999999996,0.0031076
43.945,0.0031938
43.12,0.0020278
42.3,0.0035344
41.480000000000004,0.0031642
40.660000000000004,0.0038188
39.84,0.0032656
39.019999999999996,0.0039406
38.195,0.0032871
37.37,0.0019495
36.55,0.0044962
35.73,0.0032034
34.91,0.0041754
34.09,0.0027698
33.27,0.0047027
32.445,0.0044375
31.62,0.0040887
30.8,0.0046987
29.98,0.0033988
29.16,0.004629
28.34,0.0051507
27.52,0.0036638
26.695,0.0048633
25.87,0.0036881
25.05,0.0054229
24.23,0.0042676
23.41,0.0054872
22.59,0.0056748
21.769999999999996,0.00446
20.95,0.0075519
20.124999999999996,0.0054592
19.299999999999997,0.0066228
18.48,0.0064598
17.660000000000004,0.0057839
16.84,0.006374
16.02,0.0068747
15.2,0.0044092
14.374999999999998,0.0077491
13.549999999999999,0.0049379
12.73,0.0082315
11.91,0.0085058
11.09,0.0052997
10.270000000000001,0.0080893
9.45,0.0096313
8.625,0.007684
7.8,0.0077732
6.98,0.0098983
6.16,0.010914
5.34,0.013192
4.52,0.017567
3.7,0.022323
2.875,0.025733
2.05,0.043888
1.23,0.073347
0.41,0.24834
24.060000000000002,0.0069423
23.900000000000002,0.0024986
23.740000000000002,0.0040453
23.580000000000002,0.0031483
23.425,0.0034388
23.27,0.0026848
23.11,0.0027005
22.95,0.0024406
22.795,0.0024572
22.64,0.0028024
22.48,0.0026409
22.32,0.0026648
22.164999999999996,0.0027386
22.01,0.0025714
21.85,0.0026141
21.69,0.0021037
21.53,0.0022646
21.374999999999996,0.0020113
21.22,0.0024128
21.06,0.0026267
20.900000000000002,0.002832
20.745,0.0025442
20.59,0.0024248
20.43,0.0022243
20.27,0.0023011
20.11,0.0024786
19.955000000000002,0.0024578
19.799999999999997,0.0025622
19.64,0.0024713
19.48,0.0028436
19.325000000000003,0.0026904
19.169999999999998,0.0029503
19.009999999999998,0.0024641
18.849999999999998,0.0025492
18.689999999999998,0.002012
18.535000000000004,0.0026512
18.38,0.0029998
18.22,0.0033051
18.06,0.0028435
17.904999999999998,0.0029154
17.750000000000004,0.0023547
17.59,0.002688
17.43,0.0027864
17.27,0.0027236
17.115,0.0032155
16.96,0.0024036
16.8,0.0027701
16.639999999999997,0.0022805
16.485,0.0026527
16.330000000000002,0.0031582
16.17,0.0030069
16.01,0.0028405
15.855,0.0028725
15.7,0.0026072
15.54,0.0028657
15.379999999999999,0.0025388
15.22,0.0034233
15.065,0.0033567
14.91,0.0034789
14.75,0.0031781
14.59,0.0033556
14.435,0.0032859
14.280000000000001,0.0035281
14.120000000000001,0.0036514
13.96,0.0041217
13.799999999999999,0.0036771
13.645000000000001,0.0040545
13.49,0.0036077
13.33,0.0036705
13.17,0.0035906
13.014999999999999,0.0031978
12.86,0.0033757
12.7,0.003207
12.54,0.0035611
12.38,0.0037573
12.225,0.0037706
12.07,0.0037887
11.91,0.0043578
11.75,0.0038269
11.595,0.0042246
11.440000000000001,0.0040697
11.28,0.0049587
11.12,0.0046265
10.96,0.0044648
10.805,0.0043244
10.65,0.0045428
10.489999999999998,0.0046128
10.33,0.0040477
10.175,0.0043837
10.02,0.0039501
9.860000000000001,0.0049263
9.700000000000001,0.0046485
9.545,0.0049793
9.389999999999999,0.004659
9.23,0.0049209
9.07,0.0052777
8.91,0.0054624
8.754999999999999,0.0058532
8.6,0.0056693
8.44,0.0062815
8.28,0.0056944
8.125,0.0064481
7.97,0.0055737
7.81,0.0063255
7.65,0.0057888
7.49,0.0059444
7.334999999999999,0.0068485
7.180000000000001,0.0061374
7.0200000000000005,0.0071442
6.859999999999999,0.0065008
6.704999999999999,0.0077284
6.550000000000001,0.0084056
6.39,0.0092224
6.2299999999999995,0.0093735
6.07,0.010195
5.915,0.010224
5.76,0.011953
5.6,0.012022
5.44,0.0141
5.285,0.014202
5.13,0.015018
4.970000000000001,0.015543
4.81,0.015966
4.6499999999999995,0.016375
4.495000000000001,0.016754
4.34,0.016964
4.18,0.017859
4.0200000000000005,0.01911
3.8649999999999998,0.021731
3.71,0.021007
3.5500000000000003,0.023734
3.3899999999999997,0.023706
3.235,0.022356
3.08,0.022363
2.92,0.025708
2.7600000000000002,0.028042
2.6,0.026055
2.4450000000000003,0.024461
2.2900000000000005,0.022674
2.13,0.021175
1.97,0.022589
1.815,0.026593
1.66,0.033532
1.5,0.041878
1.34,0.046763
1.1800000000000002,0.058841
1.0250000000000001,0.081485
0.87,0.10434
0.71,0.11475
0.55,0.1584
0.395,0.17711
0.24000000000000005,0.16473
47.07,0.017185
46.615,0.0048817
46.16,0.0073707
45.705,0.007218
45.25,0.0074359
44.795,0.0059375
44.34,0.0056566
43.885,0.0085282
43.43,0.0040594
42.975,0.0053749
42.52,0.0058982
42.065000000000005,0.0049083
41.61,0.0053758
41.154999999999994,0.0052132
40.7,0.0045683
40.245000000000005,0.0040811
39.79,0.0049033
39.334999999999994,0.0018748
38.879999999999995,0.0064318
38.425000000000004,0.0055629
37.974999999999994,0.0029571
37.519999999999996,0.0050327
37.065,0.0034112
36.61000000000001,0.0050383
36.155,0.003569
35.699999999999996,0.0027561
35.245,0.0044579
34.79,0.0025691
34.33500000000001,0.0080582
33.88,0.0027821
33.425,0.0032453
32.97,0.0046985
32.515,0.0045555
32.059999999999995,0.0053145
31.604999999999993,0.0031042
31.15,0.0083345
30.695,0.0056616
30.24,0.0037266
29.785,0.0072699
29.330000000000002,0.0056254
28.874999999999996,0.0089481
28.424999999999997,0.0058859
27.970000000000002,0.0050074
27.514999999999997,0.0081488
27.060000000000002,0.0053738
26.605,0.0076801
26.15,0.0099894
25.695,0.0079685
25.24,0.0042097
24.785,0.0096902
24.33,0.0077948
23.875,0.0063996
23.419999999999998,0.0094804
22.965,0.0075802
22.51,0.0095133
22.055,0.0076819
21.6,0.0060957
21.145,0.011376
20.69,0.01082
20.235,0.0096556
19.779999999999998,0.0077643
19.325000000000003,0.010116
18.875,0.01042
18.419999999999998,0.0091626
17.965000000000003,0.010635
17.509999999999998,0.013982
17.055,0.010004
16.6,0.013061
16.145,0.013534
15.69,0.013451
15.235,0.013123
14.780000000000001,0.011538
14.325000000000001,0.01602
13.870000000000001,0.018052
13.415,0.013109
12.959999999999999,0.015707
12.504999999999999,0.013228
12.05,0.015497
11.595,0.020611
11.14,0.019567
10.685,0.02067
10.229999999999999,0.016155
9.774999999999999,0.023293
9.325,0.022032
8.87,0.021289
8.415,0.026712
7.96,0.025703
7.505,0.022968
7.05,0.021294
6.595,0.027376
6.14,0.030028
5.685,0.025774
5.23,0.024303
4.7749999999999995,0.032628
4.32,0.029334
3.8649999999999998,0.032209
3.4099999999999997,0.041403
2.955,0.047762
2.4999999999999996,0.053478
2.045,0.047345
1.59,0.085439
1.1350000000000002,0.10148
0.68,0.14115
0.225,0.12933
23.915,0.00027107
23.580000000000002,0.003554
23.245,0.0025951
22.91,0.0025042
22.575,0.0025309
22.24,0.0038951
21.905,0.0027451
21.57,0.0023522
21.234999999999996,0.0034677
20.905,0.0019425
20.57,0.0034799
20.235000000000003,0.0036231
19.900000000000002,0.0035203
19.564999999999998,0.0036384
19.23,0.00082505
18.895000000000003,0.0050651
18.56,0.0036209
18.224999999999998,0.0046249
17.895,0.0058692
17.56,0.0049028
17.224999999999998,0.0051275
16.889999999999997,0.00062842
16.555,0.0054654
16.22,0.0037895
15.885,0.0056105
15.55,0.0042925
15.215,0.0054581
14.885,0.0048621
14.55,0.00677
14.215,0.0016741
13.88,0.0069008
13.545,0.0050001
13.209999999999999,0.0068383
12.875000000000002,0.0055212
12.540000000000001,0.0066212
12.205,0.0076731
11.875,0.0078876
11.54,0.0069733
11.205,0.0096534
10.87,0.010797
10.534999999999998,0.010755
10.200000000000001,0.011398
9.865,0.010938
9.530000000000001,0.012409
9.195,0.010281
8.865,0.011558
8.53,0.011109
8.195,0.011558
7.86,0.013554
7.525,0.012929
7.19,0.013964
6.855,0.012838
6.52,0.012477
6.185,0.015879
5.8549999999999995,0.012199
5.52,0.01317
5.1850000000000005,0.014123
4.8500000000000005,0.013042
4.515,0.016646
4.18,0.017173
3.8449999999999998,0.020665
3.5100000000000002,0.024266
3.175,0.033813
2.845,0.028658
2.5100000000000002,0.041853
2.175,0.049358
1.84,0.065322
1.5050000000000001,0.059032
1.17,0.073326
0.8350000000000001,0.1256
0.5,0.10718
0.165,0.15767
25.875000000000004,0.0030059
25.590000000000003,0.0023267
25.305,0.0021951
25.015,0.0011697
24.725,0.0011226
24.435,0.002522
24.145,0.0025551
23.855,0.0026955
23.564999999999998,0.0023821
23.275000000000002,0.00047408
22.985,0.0017986
22.695,0.0013084
22.41,0.0030355
22.125,0.0025251
21.835,0.0029826
21.545,0.002629
21.255,0.0028928
20.965,0.0026172
20.674999999999997,0.0034842
20.385,0.0035651
20.095000000000002,0.0042505
19.805,0.0022982
19.514999999999997,0.003503
19.224999999999998,0.0029185
18.939999999999998,0.0044164
18.654999999999998,0.0042668
18.365,0.0034838
18.075,0.0041462
17.785000000000004,0.0030422
17.495,0.0049754
17.205,0.0042167
16.915,0.0050394
16.625,0.0050425
16.335,0.0044367
16.045,0.0052941
15.755,0.0047522
15.47,0.0059482
15.185,0.0049144
14.894999999999998,0.0054831
14.605,0.0060219
14.315000000000001,0.0062192
14.024999999999999,0.0063945
13.735000000000001,0.0055859
13.444999999999999,0.0059709
13.155,0.0055359
12.865000000000002,0.0066665
12.575,0.0062641
12.285,0.0069599
12.0,0.0061858
11.715,0.0069693
11.425,0.0070558
11.135,0.0069695
10.845,0.0078949
10.555,0.0084876
10.265,0.0086502
9.975000000000001,0.0070731
9.684999999999999,0.0070672
9.395000000000001,0.0076548
9.104999999999999,0.009918
8.815,0.0081496
8.53,0.0097805
8.245,0.0096778
7.955,0.011212
7.665,0.010766
7.375,0.010225
7.085,0.010752
6.795,0.010896
6.505000000000001,0.01045
6.215,0.013309
5.925,0.013822
5.635000000000001,0.013995
5.345,0.013285
5.0600000000000005,0.013926
4.7749999999999995,0.016477
4.484999999999999,0.01421
4.195,0.01637
3.905,0.018159
3.615,0.023247
3.3249999999999997,0.026013
3.0350000000000006,0.030938
2.745,0.033543
2.4549999999999996,0.041164
2.165,0.048299
1.875,0.060272
1.5899999999999999,0.071
1.305,0.08582
1.0150000000000001,0.10842
0.725,0.12723
0.435,0.16119
0.145,0.20916
100.42999999999999,0.02431
98.215,0.011394
95.44500000000001,0.013206
92.68,0.011206
89.91499999999999,0.011346
87.145,0.010517
84.38000000000001,0.010594
81.615,0.010133
78.845,0.010531
76.08000000000001,0.0095546
73.315,0.011136
70.545,0.010154
67.78,0.010735
65.015,0.01021
62.245000000000005,0.010037
59.48,0.01034
56.715,0.011622
53.945,0.010526
51.18000000000001,0.011276
48.415,0.011237
45.645,0.011512
42.88,0.011939
40.114999999999995,0.012505
37.35,0.014385
34.58500000000001,0.015443
31.814999999999998,0.015238
29.05,0.017098
26.285,0.019119
23.515,0.018833
20.749999999999996,0.019941
17.985,0.022212
15.215,0.024268
12.45,0.028405
9.684999999999999,0.033443
6.915,0.040378
4.15,0.074007
1.385,0.16583
495.97999999999996,0.0011847
487.04,0.00097701
478.105,0.0011891
469.16999999999996,0.0014185
460.23,0.0015426
451.295,0.0016002
442.35999999999996,0.001347
433.42,0.0018128
424.485,0.001435
415.54999999999995,0.0021425
406.61,0.00115
397.675,0.0018438
388.73999999999995,0.0019963
379.8,0.0016306
370.865,0.0019278
361.92999999999995,0.0021361
352.99,0.002001
344.055,0.0022498
335.11999999999995,0.0021092
326.185,0.0024065
317.25000000000006,0.0024052
308.30999999999995,0.0027907
299.375,0.002789
290.44000000000005,0.0028587
281.5,0.003057
272.565,0.0035811
263.63000000000005,0.0033554
254.68999999999997,0.0036266
245.755,0.0035587
236.82,0.0048924
227.88,0.0043509
218.945,0.0044582
210.01,0.0049924
201.07,0.0056862
192.135,0.004772
183.2,0.0060496
174.26,0.0055128
165.325,0.0068924
156.39000000000001,0.0072766
147.45,0.0078774
138.515,0.0084782
129.58,0.010551
120.64,0.01113
111.705,0.013358
102.77,0.014627
93.83500000000001,0.015545
84.9,0.018256
75.96,0.018892
67.025,0.025175
58.09,0.027752
49.15,0.034787
40.215,0.045612
31.28,0.059373
22.34,0.074718
13.405000000000001,0.098818
4.47,0.11213
247.275,0.0020703
244.69999999999996,0.00095429
241.84,0.0011632
238.975,0.00098175
236.10999999999999,0.00098056
233.25,0.00093882
230.39,0.00092482
227.53,0.0009106
224.665,0.000903
221.8,0.00089809
218.94000000000003,0.00089612
216.07999999999998,0.00089629
213.22000000000003,0.00089835
210.35500000000002,0.000902
207.49,0.00090708
204.62999999999997,0.00091343
201.77,0.00092094
198.90999999999997,0.00092953
196.045,0.00093913
193.18,0.0009497
190.32,0.00096121
187.46,0.00097362
184.6,0.00098692
181.73499999999999,0.0010011
178.86999999999998,0.0010162
176.01,0.0010321
173.15000000000003,0.0010515
170.29,0.0010724
167.42499999999998,0.0010944
164.55999999999997,0.0011174
161.70000000000002,0.0011416
158.83999999999997,0.0011669
155.98000000000002,0.0011935
153.115,0.0012212
150.25,0.0012503
147.39000000000001,0.0012807
144.53,0.0013126
141.67000000000002,0.0013459
138.805,0.0013808
135.94,0.0014173
133.07999999999998,0.0014554
130.22,0.0014934
127.35999999999997,0.0015256
124.49499999999999,0.0015591
121.63,0.0015941
118.77,0.0016306
115.91,0.0016687
113.05,0.0017083
110.185,0.0017497
107.32,0.0017929
104.46,0.0018379
101.6,0.0018849
98.74,0.0019338
95.87499999999999,0.0019849
93.00999999999999,0.0020592
90.14999999999999,0.0021396
87.29,0.0022242
84.43,0.002313
81.57000000000001,0.0024064
78.705,0.0025045
75.84,0.0026075
72.98,0.0027157
70.12,0.0028291
67.26,0.0029474
64.39500000000001,0.003046
61.53,0.0031484
58.67,0.0032543
55.809999999999995,0.0033636
52.949999999999996,0.0034761
50.08500000000001,0.0035915
47.22,0.0037093
44.36,0.003829
41.5,0.0039497
38.64,0.0040708
35.775,0.0041912
32.910000000000004,0.0043095
30.05,0.0044246
27.189999999999998,0.0045348
24.330000000000002,0.0046385
21.464999999999996,0.0047339
18.599999999999998,0.0048192
15.74,0.0048925
12.879999999999999,0.0049521
10.020000000000001,0.0049965
7.155,0.0050243
4.29,0.0050346
1.4300000000000002,0.0050273
58.81,0.002265
57.56999999999999,0.0024604
56.334999999999994,0.0021117
55.099999999999994,0.002201
53.86000000000001,0.0022008
52.62,0.0022564
51.379999999999995,0.002505
50.144999999999996,0.0027184
48.91,0.0027776
47.67,0.0030757
46.43,0.0028426
45.18999999999999,0.0031995
43.95,0.0035122
42.715,0.0033204
41.480000000000004,0.0035652
40.239999999999995,0.0036011
39.0,0.004059
37.760000000000005,0.0038375
36.525,0.0039352
35.29,0.0047761
34.05,0.0046099
32.81,0.0052057
31.57,0.0053243
30.335,0.0048138
29.1,0.0060699
27.86,0.0051771
26.619999999999997,0.0057226
25.38,0.005967
24.14,0.0057056
22.905,0.0066061
21.67,0.0060411
20.43,0.0067612
19.189999999999998,0.0075378
17.95,0.0082015
16.715,0.0089549
15.48,0.0091517
14.239999999999998,0.011028
13.000000000000002,0.012306
11.76,0.01345
10.525,0.016025
9.29,0.016845
8.05,0.020923
6.8100000000000005,0.023187
5.57,0.028724
4.33,0.041116
3.095,0.054345
1.86,0.079986
0.62,0.17005
536.63,0.00091908
524.295,0.0010564
511.96,0.00082603
499.61999999999995,0.00072508
487.28499999999997,0.0011471
474.95,0.00052307
462.615,0.0012721
450.28000000000003,0.00040518
437.94,0.0016163
425.605,0.00057752
413.27000000000004,0.0015155
400.93,0.0015292
388.595,0.0012956
376.26,0.0015893
363.92,0.0014057
351.58500000000004,0.0020662
339.25,0.0022731
326.91499999999996,0.001686
314.58,0.001846
302.24,0.0020463
289.905,0.002935
277.57,0.0029187
265.22999999999996,0.0027127
252.89499999999998,0.0044149
240.56,0.0032425
228.21999999999997,0.0044975
215.885,0.0037099
203.55,0.0047344
191.215,0.0051975
178.88,0.0066934
166.54000000000002,0.0062605
154.205,0.0081443
141.87,0.0090656
129.52999999999997,0.011272
117.195,0.013151
104.86000000000001,0.013387
92.52,0.018153
80.185,0.021874
67.85,0.027921
55.51499999999999,0.035172
43.17999999999999,0.053889
30.84,0.07248
18.505,0.088894
6.17,0.095705
301.675,0.00089319
285.36499999999995,0.00086283
269.05999999999995,0.0010194
252.755,0.0003972
236.44500000000002,0.0015775
220.14000000000001,0.0012229
203.83499999999998,0.0019844
187.525,0.0019204
171.21999999999997,0.0017414
154.915,0.0025425
138.60500000000002,0.0022009
122.30000000000001,0.0036556
105.995,0.0046858
89.685,0.0044538
73.38,0.0075256
57.075,0.008583
40.76499999999999,0.012278
24.46,0.021179
8.155000000000001,0.030166
190.185,0.002006
182.42,0.0033518
174.65999999999997,0.002062
166.9,0.0046733
159.135,0.002524
151.37,0.0037881
143.61,0.0048408
135.85,0.0050022
128.085,0.0044986
120.32000000000001,0.0055741
112.55999999999999,0.0043126
104.80000000000001,0.0074667
97.035,0.0065326
89.26999999999998,0.0073236
81.51,0.0086985
73.745,0.010512
65.98,0.0099626
58.22,0.01252
50.46000000000001,0.014523
42.695,0.018225
34.93,0.024167
27.169999999999998,0.029859
19.41,0.051652
11.645000000000001,0.070241
3.8800000000000003,0.10827
320.995,0.00096349
312.20000000000005,0.00075634
303.40500000000003,0.00053666
294.61,0.00087481
285.81500000000005,0.00056165
277.025,0.00069727
268.22999999999996,0.00079827
259.43499999999995,0.0010166
250.64,0.00084881
241.84499999999997,0.00098178
233.04999999999998,0.00089342
224.255,0.0012633
215.45999999999998,0.0012292
206.665,0.00153
197.87500000000003,0.001273
189.08,0.0012778
180.285,0.0018214
171.48999999999998,0.0018556
162.69499999999996,0.0023395
153.89999999999998,0.0018948
145.105,0.0026865
136.31500000000003,0.0026022
127.52,0.0030399
118.725,0.0037535
109.93,0.0037242
101.135,0.0041106
92.34,0.0052708
83.545,0.0052434
74.75,0.0072294
65.955,0.0074337
57.16499999999999,0.0091446
48.37,0.012695
39.574999999999996,0.016515
30.78,0.022318
21.985,0.034523
13.19,0.053164
4.395,0.08212
479.435,0.00029554
461.345,0.0004927
443.25499999999994,0.00034304
425.15999999999997,0.00014191
407.065,0.00043641
388.97499999999997,0.00046937
370.88500000000005,0.00035083
352.79499999999996,0.00060519
334.7,0.0005138
316.605,0.00068351
298.515,0.00051519
280.425,0.00060775
262.335,0.0010759
244.24499999999998,0.00052025
226.14999999999998,0.0010439
208.05499999999998,0.0013407
189.965,0.00094457
171.875,0.0013829
153.785,0.0017569
135.69,0.0015179
117.595,0.0023501
99.505,0.0029205
81.415,0.0030998
63.325,0.0039838
45.23,0.0066919
27.134999999999998,0.011672
9.045,0.019917
583.0699999999999,0.00077999
561.8700000000001,0.00031169
540.665,0.00055086
519.46,0.00080041
498.26,0.00062962
477.06,0.00088523
455.855,9.9355e-05
434.65,0.0010921
413.45,0.00085203
392.25,0.0010162
371.04499999999996,0.0012435
349.84,0.0011421
328.64,0.0010308
307.44,0.0016585
286.235,0.0017116
265.03,0.0019521
243.82999999999998,0.0020742
222.63,0.0021075
201.42499999999998,0.0023566
180.22,0.0029256
159.01999999999998,0.0031946
137.82,0.003818
116.615,0.0044543
95.41,0.0055167
74.21,0.0069964
53.010000000000005,0.0083152
31.805,0.017788
10.6,0.030621
772.2249999999999,0.0003491
754.0550000000001,0.00026972
735.885,0.00022839
717.715,0.00031275
699.545,4.7366e-05
681.3750000000001,0.0003072
663.205,0.00036651
645.0350000000001,0.00038067
626.865,0.00042067
608.6949999999999,0.00022085
590.525,0.00044715
572.3549999999999,0.00037061
554.1850000000001,0.00040536
536.015,0.00065856
517.845,0.00033273
499.67499999999995,0.00032511
481.505,0.00082002
463.335,0.00037916
445.165,0.00093806
426.995,0.000572
408.825,0.0007995
390.655,0.00067677
372.485,0.0011419
354.315,0.00087577
336.14500000000004,0.00079214
317.975,0.0014132
299.805,0.001246
281.635,0.0015387
263.46500000000003,0.0014277
245.295,0.0019791
227.12500000000003,0.0017834
208.955,0.0021335
190.78499999999997,0.0020449
172.615,0.0030546
154.445,0.0029516
136.27499999999998,0.0036421
118.105,0.0044882
99.935,0.0037969
81.765,0.0054231
63.595,0.0062848
45.425,0.011053
27.255,0.01396
9.084999999999999,0.014055
327.91,0.0011238
311.095,0.00090735
294.28,0.0016304
277.46500000000003,0.0013887
260.65000000000003,0.0010033
243.82999999999998,0.0022886
227.015,0.0016549
210.2,0.0026399
193.385,0.00037628
176.57,0.0036101
159.75,0.0020037
142.935,0.004331
126.12,0.0046236
109.30499999999999,0.0068901
92.49000000000001,0.0057406
75.67,0.0093576
58.855000000000004,0.011604
42.04,0.020366
25.225,0.035143
8.41,0.076889
568.33,0.0006167
549.0649999999999,0.00086442
529.8000000000001,0.0010304
510.53499999999997,0.0011615
491.265,0.0010218
472.0,0.00090863
452.735,0.00075312
433.47,0.00099144
414.205,0.001257
394.93999999999994,0.0014031
375.67499999999995,0.0012054
356.41,0.0011976
337.14500000000004,0.0013951
317.88000000000005,0.0019251
298.615,0.0020623
279.34999999999997,0.0020078
260.08500000000004,0.0020612
240.815,0.0025825
221.54999999999998,0.0031025
202.285,0.0033286
183.01999999999998,0.0037388
163.755,0.0042631
144.49,0.0053675
125.22500000000001,0.0057904
105.96,0.0070593
86.695,0.0077225
67.43,0.010713
48.165,0.016054
28.900000000000002,0.022494
9.635,0.027767
805.385,8.6965e-05
772.5150000000001,0.0004784
739.64,0.00069602
706.765,0.00064532
673.895,0.00075445
641.02,0.00064851
608.145,0.00085784
575.275,0.00094994
542.405,0.0010256
509.53000000000003,0.0011893
476.655,0.0013235
443.78499999999997,0.0015067
410.91,0.0018128
378.035,0.0020515
345.165,0.0023565
312.295,0.0027118
279.42,0.0032609
246.54500000000002,0.0038575
213.675,0.0049829
180.8,0.0057948
147.925,0.0070606
115.05499999999999,0.009083
82.185,0.012353
49.31000000000001,0.013154
16.435000000000002,0.013151
312.54,0.0012336
301.945,0.00076611
291.35,0.0007966
280.755,0.00099782
270.15999999999997,0.0007597
259.565,0.001228
248.975,0.0012641
238.38,0.0010001
227.78500000000003,0.0010622
217.19,0.0016046
206.595,0.00165
196.0,0.00099275
185.40499999999997,0.0016071
174.81,0.00067357
164.215,0.0023775
153.62,0.0012859
143.025,0.0028612
132.435,0.002436
121.84,0.0024419
111.245,0.0028448
100.65,0.001487
90.05499999999999,0.0031494
79.46000000000001,0.0030846
68.86500000000001,0.0053669
58.27,0.0026051
47.675000000000004,0.0061177
37.08,0.0079786
26.485000000000003,0.0081033
15.89,0.016009
5.295,0.029234
389.185,0.00042926
375.99,0.00044697
362.79499999999996,0.00040082
349.605,0.00058803
336.40999999999997,0.00011335
323.21500000000003,0.00069012
310.025,0.00067459
296.835,0.00047346
283.64,0.00036987
270.445,0.00071276
257.255,0.00087089
244.06499999999997,0.00075605
230.87,0.00090537
217.675,0.00061475
204.485,0.00094745
191.295,0.0010597
178.1,0.001186
164.90500000000003,0.0012102
151.71499999999997,0.0015112
138.525,0.001496
125.33,0.0016376
112.135,0.0021162
98.94500000000001,0.0025726
85.755,0.0026465
72.56,0.0034442
59.365,0.0044081
46.175,0.0059557
32.985,0.0070113
19.790000000000003,0.012933
6.595,0.025084
87.56,0.0018316
82.825,0.0011296
78.095,0.0016163
73.36000000000001,0.0013629
68.62499999999999,0.0016614
63.89500000000001,0.0013391
59.165,0.0020306
54.43000000000001,0.0018867
49.695,0.0024786
44.964999999999996,0.002014
40.230000000000004,0.0025789
35.495,0.0029346
30.765,0.002822
26.03,0.0039935
21.295,0.0038829
16.565,0.0042795
11.835,0.0059126
7.1,0.0070518
197.03500000000003,0.00047813
191.32,0.00057862
185.605,0.00056291
179.895,0.00060081
174.185,0.00049928
168.475,0.00055579
162.765,0.00043756
157.055,0.00065281
151.345,0.00061811
145.63500000000002,0.00078192
139.92499999999998,0.00063663
134.21,0.00073796
128.495,0.00074419
122.78500000000001,0.00067298
117.075,0.00071943
111.365,0.00069517
105.655,0.0009361
99.94500000000001,0.00093477
94.235,0.0012045
88.52499999999999,0.0011388
82.80999999999999,0.0012621
77.095,0.0013231
71.385,0.001417
65.675,0.0015816
59.965,0.0015989
54.254999999999995,0.0019654
48.545,0.0021759
42.835,0.0023689
37.12500000000001,0.0028646
31.415,0.0033296
25.7,0.0037555
19.985,0.0046254
14.275,0.0065727
8.565,0.0081774
2.855,0.0105
170.04000000000002,0.001402
166.46,0.0006721
162.88000000000002,0.00089293
159.3,0.00087479
155.72000000000003,0.00082803
152.14,0.00086219
148.56000000000003,0.00070864
144.985,0.00065113
141.40999999999997,0.00057138
137.83,0.00065537
134.24999999999997,0.00037848
130.67000000000002,0.00057548
127.08999999999997,0.00051802
123.50999999999999,0.00069642
119.92999999999999,0.00071908
116.35,0.0006993
112.77,0.00075094
109.19,0.00067882
105.61,0.00096124
102.03,0.0010359
98.45,0.0010702
94.86999999999999,0.00097539
91.28999999999999,0.001069
87.71,0.0012199
84.13,0.0011184
80.55,0.0010139
76.97,0.00093937
73.39,0.0010142
69.81,0.0011274
66.23,0.0011578
62.65,0.0013181
59.07,0.0014893
55.489999999999995,0.0015349
51.91,0.0019299
48.33,0.0018863
44.75,0.0020251
41.17,0.0021262
37.589999999999996,0.0022907
34.01,0.0029148
30.43,0.0031506
26.849999999999998,0.0044484
23.27,0.0053894
19.689999999999998,0.0069472
16.11,0.0086792
12.53,0.010887
8.95,0.013293
5.37,0.020333
1.79,0.030745
988.295,8.7292e-05
959.6700000000001,0.0004368
931.025,0.00036964
902.3749999999999,0.00052128
873.73,0.00050048
845.085,0.00052615
816.4350000000001,0.00059008
787.785,0.00074025
759.14,0.00063241
730.495,0.0008343
701.845,0.00047691
673.2,0.00096563
644.555,0.00098893
615.905,0.00088308
587.26,0.0011598
558.6150000000001,0.0013911
529.965,0.0013062
501.32,0.001742
472.67499999999995,0.0015022
444.025,0.0020331
415.38000000000005,0.0020847
386.73500000000007,0.0023849
358.085,0.0027806
329.44,0.0028955
300.795,0.0037964
272.145,0.0039641
243.495,0.0053062
214.85000000000002,0.0069053
186.205,0.0085932
157.555,0.011742
128.91,0.015861
100.26499999999999,0.020674
71.615,0.029557
42.97,0.050968
14.325,0.12808
778.15,0.00060294
746.3850000000001,9.3512e-05
714.62,0.00058975
682.86,0.00052693
651.1,0.00060668
619.34,0.00089546
587.58,0.00063183
555.8199999999999,0.00098639
524.06,0.0010023
492.29999999999995,0.0011253
460.54,0.0011603
428.77500000000003,0.0010329
397.01,0.0016517
365.25,0.0014229
333.49,0.0019723
301.73,0.0020325
269.96999999999997,0.0026798
238.20999999999998,0.0035506
206.45,0.0039253
174.69,0.0053297
142.92499999999998,0.0072696
111.16,0.010296
79.39999999999999,0.017101
47.63999999999999,0.035701
15.879999999999999,0.09034
587.35,0.00091621
570.8050000000001,0.00058117
554.26,0.00063663
537.7149999999999,0.00070696
521.1700000000001,0.001091
504.625,0.0010653
488.08000000000004,0.0010991
471.535,0.0010461
454.99,0.001151
438.445,0.001243
421.9,0.0013632
405.355,0.0015058
388.81,0.0016697
372.26499999999993,0.0017773
355.71999999999997,0.0017672
339.175,0.0020748
322.63,0.0021726
306.085,0.0025736
289.54,0.0026699
272.995,0.0033312
256.45,0.0036621
239.905,0.0041334
223.36,0.0045007
206.815,0.005323
190.26999999999998,0.0061266
173.72500000000002,0.0068579
157.17999999999998,0.0082685
140.63500000000002,0.0098721
124.09,0.012236
107.545,0.015012
91.0,0.019035
74.455,0.026922
57.910000000000004,0.039839
41.365,0.065279
24.82,0.10512
8.274999999999999,0.15765
476.87,0.00069047
453.60499999999996,0.0010671
430.34,0.00086263
407.08,0.0014429
383.82000000000005,0.0010783
360.56,0.0017085
337.30000000000007,0.0015692
314.035,0.0020178
290.77,0.0025316
267.51000000000005,0.0027111
244.25,0.0030083
220.98999999999998,0.0040992
197.725,0.0044742
174.46,0.0051492
151.2,0.0067842
127.94,0.0094104
104.67999999999999,0.012658
81.41999999999999,0.01938
58.155,0.02948
34.89,0.046141
11.629999999999999,0.092776
235.57500000000002,0.0013283
228.745,0.0010785
221.915,0.0011857
215.085,0.0012555
208.26,0.0013328
201.435,0.0017797
194.605,0.001793
187.775,0.0015758
180.945,0.001711
174.11499999999998,0.0019657
167.29,0.0021497
160.465,0.0010369
153.635,0.0027264
146.80499999999998,0.0028068
139.975,0.0033372
133.14999999999998,0.0024732
126.32499999999999,0.003977
119.495,0.004336
112.665,0.0053311
105.835,0.0047182
99.005,0.0058085
92.17999999999999,0.0059317
85.355,0.0081275
78.52499999999999,0.0080715
71.695,0.0087076
64.865,0.010136
58.03999999999999,0.011105
51.214999999999996,0.011769
44.385,0.014406
37.555,0.018225
30.724999999999998,0.017911
23.895,0.030283
17.07,0.027739
10.245000000000001,0.038098
3.415,0.039994
553.045,0.0009953
539.72,0.0007654
526.395,0.00064363
513.0649999999999,0.00090691
499.73999999999995,0.00078249
486.415,0.00078949
473.085,0.00071054
459.76,0.00087239
446.435,0.0008376
433.10499999999996,0.00094778
419.78,0.00083922
406.455,0.0010113
393.13,0.0010084
379.805,0.0011337
366.475,0.0012071
353.15000000000003,0.0013553
339.82500000000005,0.0013005
326.495,0.0015722
313.17,0.0014954
299.845,0.0017811
286.515,0.0018005
273.19,0.0020233
259.865,0.0023539
246.535,0.0022851
233.21,0.002682
219.885,0.00263
206.56,0.0030174
193.23499999999999,0.0034701
179.905,0.0044172
166.58,0.0053951
153.255,0.0060022
139.92499999999998,0.0062494
126.6,0.0068505
113.275,0.0075581
99.94500000000001,0.0088764
86.62,0.01084
73.295,0.01417
59.97,0.019149
46.645,0.02625
33.315,0.034207
19.990000000000002,0.051232
6.665,0.076231
592.715,0.00043339
567.49,0.00090614
542.27,0.00074755
517.05,0.0010034
491.83,0.00045008
466.605,0.0010963
441.38,0.0013878
416.15999999999997,0.0012801
390.94,0.0013236
365.71999999999997,0.0015643
340.495,0.0015816
315.27,0.0021729
290.05,0.0025401
264.83,0.0023894
239.60999999999999,0.0035651
214.39,0.0033113
189.165,0.0042204
163.94,0.0054561
138.72,0.0069557
113.49999999999999,0.0078844
88.28,0.010446
63.055,0.016521
37.830000000000005,0.03267
12.61,0.059608
339.645,0.00045782
329.79999999999995,0.00040918
319.955,0.00031577
310.11,0.00038782
300.265,0.00064579
290.42,0.00056486
280.57500000000005,0.0008522
270.73,0.00039907
260.88500000000005,0.00024786
251.04000000000005,0.00071786
241.195,0.00072274
231.35,0.00085141
221.505,0.00055675
211.66000000000003,0.0012579
201.82,0.00084287
191.975,0.00090079
182.13000000000002,0.0011308
172.28500000000003,0.0013054
162.44,0.00063374
152.59499999999997,0.0016441
142.75,0.00094388
132.905,0.0019948
123.06,0.0011153
113.21499999999999,0.0023531
103.36999999999999,0.0016052
93.52499999999999,0.0025769
83.68,0.0034094
73.835,0.003139
63.989999999999995,0.0035735
54.144999999999996,0.0041209
44.3,0.0051405
34.455,0.0070891
24.61,0.0071899
14.765,0.010874
4.92,0.028878
581.765,0.00055511
563.295,0.00078507
544.825,0.00064792
526.355,0.00025381
507.88500000000005,0.00085339
489.41499999999996,0.00066571
470.95,0.0013946
452.485,9.9135e-05
434.015,0.00087242
415.545,0.0014218
397.075,0.0014215
378.60499999999996,0.0010105
360.135,0.0012772
341.67,0.00090901
323.20500000000004,0.0022724
304.73499999999996,0.00072351
286.265,0.0025283
267.795,0.00090047
249.32500000000002,0.0025275
230.85500000000002,0.0028745
212.385,0.0034726
193.92,0.0040901
175.455,0.0039771
156.98499999999999,0.0051028
138.515,0.0057166
120.04500000000002,0.0067902
101.575,0.0089332
83.10500000000002,0.01173
64.64,0.013273
46.175000000000004,0.020841
27.705000000000002,0.033052
9.235,0.078229
246.715,0.00098282
241.82999999999998,0.00097987
236.945,0.00097901
232.055,0.00097999
227.17000000000002,0.00098269
222.285,0.00098705
217.4,0.00099304
212.51500000000001,0.0010007
207.63,0.00101
202.745,0.0010212
197.86,0.0010343
192.975,0.0010511
188.09,0.00107
183.205,0.0010913
178.32,0.0011152
173.435,0.0011417
168.545,0.001171
163.66,0.0012033
158.775,0.0012386
153.89,0.0012771
149.005,0.0013188
144.12,0.0013637
139.23499999999999,0.0014118
134.35,0.001463
129.465,0.0015172
124.58,0.0015743
119.695,0.0016341
114.80499999999999,0.0016965
109.92,0.0017616
105.035,0.0018293
100.15,0.0018999
95.265,0.0019737
90.38,0.0020515
85.495,0.0021341
80.61,0.0022227
75.725,0.0023193
70.84,0.0024259
65.955,0.0025455
61.07,0.0026819
56.185,0.0028401
51.295,0.0030262
46.41,0.0032488
41.525,0.0035189
36.64,0.0038517
31.755,0.0042676
26.869999999999997,0.0047942
21.984999999999996,0.0054668
17.099999999999998,0.0063227
12.215,0.0073738
7.33,0.0085217
2.4450000000000003,0.0094346
167.14000000000001,0.0027564
161.835,0.0026483
156.53,0.0033486
151.225,0.002448
145.91500000000002,0.0031307
140.61,0.0025479
135.305,0.003594
130.0,0.0037483
124.695,0.003098
119.38499999999999,0.0043447
114.08,0.0035526
108.775,0.0053549
103.465,0.0041708
98.16,0.0064234
92.85499999999999,0.005906
87.55,0.0057204
82.245,0.0072889
76.935,0.0069561
71.63,0.0091526
66.32499999999999,0.0089262
61.02,0.0097635
55.715,0.012073
50.40500000000001,0.014155
45.1,0.014612
39.794999999999995,0.019495
34.49,0.021763
29.185000000000002,0.022548
23.875,0.029271
18.57,0.033331
13.264999999999999,0.041347
7.96,0.04406
2.655,0.077282
76.375,0.0049887
75.25999999999999,0.0023731
73.39999999999999,0.0019987
71.545,0.0015986
69.69,0.0018368
67.83,0.002121
65.97,0.0018321
64.11,0.0020427
62.25,0.0024944
60.395,0.0025265
58.54,0.0017959
56.68,0.0023149
54.82,0.0022435
52.96,0.0020489
51.1,0.0025899
49.245,0.0020945
47.39,0.0033978
45.53,0.0025908
43.67,0.0028139
41.81,0.003166
39.95,0.0031277
38.095000000000006,0.0036621
36.24,0.0040683
34.38,0.0030393
32.52,0.0037067
30.66,0.0048844
28.8,0.0040934
26.945,0.0051171
25.09,0.0057069
23.23,0.0053767
21.37,0.0076781
19.509999999999998,0.0092204
17.65,0.0084791
15.795,0.010678
13.940000000000001,0.012358
12.08,0.014726
10.22,0.017434
8.36,0.02157
6.500000000000001,0.027855
4.645,0.042354
2.79,0.067598
0.93,0.17195
239.18,0.00018829
235.835,0.00028365
232.49,0.00066545
229.14499999999998,0.00066368
225.8,0.0006372
222.455,0.00063785
219.105,0.00087241
215.76000000000002,0.00086709
212.41500000000002,0.00064419
209.07,0.0008983
205.725,0.00073917
202.38,0.00083873
199.03500000000003,0.00076047
195.69,0.00097388
192.345,0.0011458
189.0,0.00091361
185.655,0.0011548
182.31,0.00066767
178.96499999999997,0.0012067
175.62,0.00084095
172.275,0.0012523
168.93,0.00067592
165.58499999999998,0.0010846
162.24,0.00084293
158.895,0.0011689
155.54999999999998,0.0010016
152.20499999999998,0.0011979
148.85999999999999,0.0012038
145.51500000000001,0.0012363
142.17000000000002,0.0011037
138.82500000000002,0.0013828
135.48,0.0014352
132.135,0.0014847
128.79000000000002,0.0013844
125.44500000000001,0.0015763
122.1,0.0016325
118.755,0.0018442
115.41,0.0017919
112.065,0.0022455
108.715,0.0015972
105.36999999999999,0.0020232
102.025,0.0013443
98.67999999999999,0.0021648
95.33500000000001,0.001978
91.99,0.0025709
88.645,0.0020792
85.3,0.0025297
81.955,0.0022689
78.61,0.0030225
75.265,0.0031917
71.92000000000002,0.003097
68.575,0.0031006
65.23,0.0029826
61.885000000000005,0.0037353
58.53999999999999,0.004232
55.19499999999999,0.0042324
51.85,0.0040589
48.505,0.0041452
45.16,0.0047617
41.815000000000005,0.0056673
38.470000000000006,0.0063056
35.125,0.0066577
31.78,0.0071045
28.435000000000002,0.008002
25.09,0.0098503
21.745,0.011889
18.4,0.013762
15.055,0.016269
11.709999999999999,0.019468
8.365,0.027998
5.0200000000000005,0.042726
1.675,0.06529
89.31,0.0035724
87.92,0.0018924
86.175,0.0020015
84.43,0.0020359
82.69,0.002205
80.94999999999999,0.0013889
79.21000000000001,0.0019603
77.47000000000001,0.0015209
75.72999999999999,0.002008
73.99,0.0015569
72.25000000000001,0.0029407
70.50999999999999,0.00099353
68.77,0.0024875
67.025,0.0015409
65.28,0.0028956
63.54,0.0016178
61.800000000000004,0.0012902
60.06,0.0023935
58.32,0.0023163
56.580000000000005,0.0015787
54.84,0.002919
53.099999999999994,0.0023573
51.36,0.0019955
49.62,0.0022179
47.875,0.0026598
46.13,0.0024398
44.39,0.0019666
42.65,0.0026441
40.910000000000004,0.0016841
39.169999999999995,0.0030478
37.43000000000001,0.0029799
35.69,0.0028776
33.949999999999996,0.0030619
32.21,0.0026373
30.47,0.0040523
28.725,0.0011057
26.98,0.0049758
25.24,0.0049075
23.5,0.0052174
21.76,0.0065979
20.02,0.0066
18.279999999999998,0.0086767
16.54,0.0090419
14.8,0.0095886
13.059999999999999,0.011053
11.32,0.015187
9.575,0.016959
7.83,0.019759
6.09,0.023134
4.35,0.035396
2.61,0.052622
0.87,0.11124
434.015,0.00041632
415.545,0.00026214
397.075,0.00049027
378.60499999999996,0.00028869
360.135,0.00050985
341.67,0.00058024
323.20500000000004,0.00056245
304.73499999999996,0.00073699
286.265,0.00070915
267.795,0.0010115
249.32500000000002,0.00083777
230.85500000000002,0.0010127
212.385,0.0011643
193.92,0.0015548
175.455,0.0018193
156.98499999999999,0.0019705
138.515,0.0025386
120.04500000000002,0.0031813
101.575,0.0040815
83.10500000000002,0.0054613
64.64,0.008848
46.175000000000004,0.014373
27.705000000000002,0.023483
9.235,0.036207
628.01,0.0013336
620.99,0.00063054
613.9749999999999,0.00085049
606.9599999999999,0.00067073
599.94,0.00060284
592.9250000000001,0.00051929
585.9100000000001,0.00065996
578.89,0.00063443
571.875,0.00079988
564.86,0.00086296
557.84,0.00078471
550.825,0.00072492
543.8100000000001,0.0006941
536.79,0.00076
529.77,0.00068422
522.755,0.00070462
515.74,0.00081635
508.7200000000001,0.00081291
501.70500000000004,0.00089713
494.68999999999994,0.00071737
487.67,0.00075571
480.655,0.00047189
473.64,0.00068048
466.62000000000006,0.00085443
459.605,0.00085126
452.59,0.00091013
445.57000000000005,0.00056025
438.555,0.00096599
431.54,0.00085148
424.52,0.00094084
417.5,0.00094538
410.485,0.00085521
403.46999999999997,0.0010525
396.45,0.00095105
389.435,0.0011506
382.41999999999996,0.00095373
375.40000000000003,0.0010076
368.385,0.0010903
361.36999999999995,0.0011994
354.35,0.0012074
347.335,0.0011571
340.32,0.0012342
333.30000000000007,0.0011552
326.285,0.001279
319.27,0.001292
312.25,0.0011903
305.235,0.00085359
298.22,0.0011229
291.2,0.0015716
284.18,0.0017147
277.165,0.001587
270.15,0.0014078
263.13,0.0014715
256.115,0.0015092
249.1,0.0016369
242.08,0.001668
235.065,0.0019525
228.04999999999998,0.0017619
221.03,0.0020024
214.01500000000001,0.002037
207.00000000000003,0.0021421
199.98,0.0021192
192.965,0.0019952
185.95000000000002,0.0021319
178.92999999999998,0.0021712
171.91,0.0022965
164.895,0.0022923
157.88000000000002,0.002206
150.85999999999999,0.0024494
143.845,0.0026025
136.83,0.0028621
129.80999999999997,0.002919
122.79499999999999,0.0029807
115.78,0.0030441
108.75999999999999,0.0029936
101.745,0.0032614
94.72999999999999,0.0032085
87.71,0.0034539
80.695,0.0041077
73.67999999999999,0.0041247
66.66,0.0042923
59.64,0.0030526
52.625,0.0040464
45.61,0.0038629
38.589999999999996,0.0044625
31.575,0.0046977
24.56,0.0066594
17.54,0.006522
10.525,0.0081626
3.5100000000000002,0.008961
668.435,0.00049559
644.985,0.00055973
621.53,0.00067574
598.075,0.00050682
574.62,0.00054932
551.165,0.00061449
527.7149999999999,0.00088589
504.25999999999993,0.00017675
480.80500000000006,0.0010591
457.35,0.00059735
433.89500000000004,0.00092129
410.445,0.0010793
386.99,0.001144
363.535,0.0015206
340.08,0.0012359
316.625,0.0019298
293.17499999999995,0.0018686
269.71999999999997,0.002058
246.26500000000001,0.0018825
222.815,0.0031836
199.35999999999999,0.0033572
175.90499999999997,0.0029048
152.45,0.0038573
128.995,0.0052128
105.545,0.0058923
82.09,0.0076366
58.635000000000005,0.01121
35.18,0.023063
11.725,0.055744
343.21999999999997,0.00035456
336.14,0.00081701
329.065,8.0674e-05
321.99,0.0009229
314.91,0.00039196
307.835,0.00071639
300.76000000000005,0.0004939
293.68,0.00070191
286.605,0.00093391
279.53,0.0014517
272.45,0.00042278
265.375,0.0010928
258.29999999999995,0.00115
251.22,0.00028322
244.145,0.001794
237.07,0.00077648
229.99,0.00070174
222.915,0.001251
215.83999999999997,0.0017568
208.76,0.00077796
201.685,0.0013164
194.61,0.0017109
187.52999999999997,0.0022381
180.45499999999998,0.0015414
173.37999999999997,0.0020941
166.3,0.0017348
159.225,0.0015735
152.15,0.0016541
145.06999999999996,0.0033052
137.99499999999998,0.0020307
130.92,0.0025376
123.84,0.0032067
116.76500000000001,0.003432
109.69,0.0037021
102.61000000000001,0.0020704
95.53500000000001,0.0042933
88.46,0.0045508
81.38000000000001,0.0048303
74.305,0.0058654
67.23,0.0060906
60.15,0.0086017
53.074999999999996,0.0076144
46.0,0.0093391
38.919999999999995,0.0088874
31.845,0.012945
24.77,0.020052
17.689999999999998,0.020651
10.615,0.024362
3.54,0.044727
761.7850000000001,0.00086984
735.9599999999999,0.00038079
710.14,0.00055663
684.315,0.00051762
658.49,0.00055446
632.6700000000001,0.00083866
606.8449999999999,0.00072977
581.02,0.00075239
555.2,0.00086198
529.375,0.0010737
503.55000000000007,0.00089918
477.72999999999996,0.001054
451.905,0.00089327
426.08000000000004,0.001408
400.26,0.0012979
374.435,0.0017973
348.60999999999996,0.0014452
322.79,0.0022397
296.96500000000003,0.0020645
271.14000000000004,0.0027015
245.32000000000002,0.0032735
219.5,0.0037309
193.67499999999998,0.0040336
167.85,0.0053324
142.03,0.00552
116.205,0.0069137
90.38,0.0094503
64.56,0.0074245
38.735,0.010079
12.91,0.012143
382.13,0.0016276
361.47499999999997,0.0019234
340.82,0.0021451
320.165,0.0026914
299.51,0.0023828
278.84999999999997,0.0031042
258.195,0.0037172
237.54,0.0037848
216.885,0.0049976
196.23000000000002,0.0054166
175.57500000000002,0.0060676
154.92000000000002,0.0084637
134.26,0.0091885
113.605,0.011997
92.95,0.016454
72.295,0.021318
51.64,0.030118
30.985,0.055175
10.33,0.104
635.665,0.00040274
616.6899999999999,0.00018144
597.715,0.00049041
578.74,0.00033322
559.7650000000001,0.00041309
540.79,0.00021108
521.8149999999999,0.000413
502.84,0.00043971
483.865,0.00059414
464.89000000000004,0.00044397
445.915,0.0007223
426.94,0.00062095
407.96500000000003,0.00083546
388.99,0.00068873
370.015,0.00091219
351.04,0.0009176
332.065,0.001227
313.09,0.0013992
294.115,0.0015311
275.14,0.0012965
256.16499999999996,0.0016364
237.19,0.0017855
218.215,0.0022282
199.24,0.0022562
180.26500000000001,0.0026626
161.29,0.0032967
142.315,0.0044646
123.34,0.0062579
104.36500000000001,0.0082684
85.39,0.010984
66.415,0.015208
47.44,0.023483
28.464999999999996,0.038665
9.49,0.060794
448.96000000000004,0.00049029
432.02,0.00019843
415.08,0.00078757
398.135,0.00049498
381.19000000000005,0.00047656
364.24999999999994,0.00056114
347.31,0.00060813
330.37,0.00081917
313.425,0.00044778
296.47999999999996,0.0012558
279.54,0.00084671
262.6,0.00089165
245.66000000000003,0.00098221
228.715,0.0011765
211.77,0.0016426
194.83,0.0016365
177.89,0.0018993
160.95,0.0023933
144.01,0.0023482
127.06499999999998,0.0033211
110.11999999999999,0.0043968
93.17999999999999,0.0051163
76.24000000000001,0.005558
59.3,0.010082
42.355000000000004,0.013649
25.410000000000004,0.016371
8.47,0.021901
