{
  "n": 16,
  "scatter_dex_orth": 0.005938216921067431,
  "r2_vs_const": 0.9968370505980115
}