{
  "params": {
    "xi_max": 7.078049675439252,
    "lnSigma_c": 2.041858455549251,
    "width_sigma": 0.7963960564668998,
    "n_sigma": 0.9155801948510836,
    "lnR_gate_base": 0.019607754815516465,
    "width_gate": 0.6118879994138766,
    "alpha_gate_M": -0.7648069570601768
  },
  "summary": {
    "avg_mean_off": 36.07730059129616,
    "avg_rmse": 42.064803871885836,
    "avg_pct_close_90": 9.3975918679476,
    "galaxies": 143,
    "outer_points": 1167
  }
}