{
  "params": {
    "xi_max": 5.072578766727203,
    "lnSigma_c": 0.9504887394787174,
    "width_sigma": 1.266011328926954,
    "n_sigma": 2.386569788011403,
    "lnR_gate_base": 0.036300496145601935,
    "width_gate": 0.9423576514741077,
    "alpha_gate_M": -0.457182517935874,
    "alpha_gate_C": -0.3842784546781314
  },
  "summary": {
    "avg_mean_off": 36.07730059129616,
    "avg_rmse": 42.064803871885836,
    "avg_pct_close_90": 9.3975918679476,
    "galaxies": 143,
    "outer_points": 1167
  }
}