{
  "params": {
    "xi_max": 2.124895780293283,
    "lnR0_base": 0.5586947123597936,
    "width": 0.05,
    "alpha_M": -0.6797731535250597,
    "lnR_gate_base": -0.19009124050270929,
    "width_gate": 0.05370867914258749,
    "alpha_gate_M": -0.7246840594421191,
    "alpha_gate_C": -0.027652388513172532
  },
  "summary": {
    "avg_mean_off": 25.313505072532724,
    "avg_rmse": 34.37277169027696,
    "avg_pct_close_90": 22.796767700511015,
    "galaxies": 143,
    "outer_points": 1167
  }
}