{
  "params": {
    "xi_max": 2.1935482140485534,
    "lnR0_base": 0.4118875566846109,
    "width": 0.1202516299464947,
    "alpha_M": 0.09543918448595323,
    "lnR_gate_base": 0.5225267600612344,
    "width_gate": 0.6874030192597278,
    "alpha_gate_M": -0.40390919025696825
  },
  "summary": {
    "avg_mean_off": 25.768853075159097,
    "galaxies": 143,
    "outer_points": 1167
  }
}