R_kpc,Vobs_kms,Vbar_kms,Vpred_pde_kms,percent_close
0.51,8.54,7.245032781154272,13.66271327509787,40.015067036324695
1.02,15.1,10.168800322555262,20.82155684428139,62.108895070984175
1.53,19.8,11.082585438425458,25.554825160237517,70.9352264634469
2.04,21.9,11.118547567016115,28.312119860410128,70.7209138794058
2.56,24.0,10.791264986089445,30.06445060405862,74.73145581642241
3.07,25.0,10.39635032114636,30.992090697867045,76.03163720853182
