{
  "Newtonian": {
    "kappa_max": 0.6244663064664899,
    "kappa_50": 0.2782592613803921,
    "kappa_100": 0.18535155341017265,
    "kT_100": 2.35448889266954,
    "kT_200": 3.4633089612800756,
    "photon_boost_max": 1.0,
    "improvement_vs_standard": 0.9962445274771088
  },
  "Standard G\u00b3": {
    "kappa_max": 0.626820312928483,
    "kappa_50": 0.27995198023688433,
    "kappa_100": 0.18684631333437704,
    "kT_100": 2.360717353728529,
    "kT_200": 3.477106161953663,
    "photon_boost_max": 1.0,
    "improvement_vs_standard": 1.0
  },
  "Branch A - Weak": {
    "kappa_max": 0.6273251758602694,
    "kappa_50": 0.2805055184568753,
    "kappa_100": 0.18740172994421697,
    "kT_100": 2.360766637396248,
    "kT_200": 3.47752257702468,
    "photon_boost_max": 1.0,
    "improvement_vs_standard": 1.0008054348612727
  },
  "Branch A - Strong": {
    "kappa_max": 0.6332875755208712,
    "kappa_50": 0.28704224982426685,
    "kappa_100": 0.19395739747554766,
    "kT_100": 2.361455754060952,
    "kT_200": 3.482829289645672,
    "photon_boost_max": 1.0,
    "improvement_vs_standard": 1.0103175702174894
  },
  "Branch B - Moderate": {
    "kappa_max": 0.6270252098459248,
    "kappa_50": 0.28017390384505975,
    "kappa_100": 0.18706841715922784,
    "kT_100": 2.360717353728529,
    "kT_200": 3.477106161953663,
    "photon_boost_max": 1.2979941916109299,
    "improvement_vs_standard": 1.0003268830208845
  },
  "Branch B - Strong": {
    "kappa_max": 0.6271618110143306,
    "kappa_50": 0.2803218564452694,
    "kappa_100": 0.18721648990586193,
    "kT_100": 2.360717353728529,
    "kT_200": 3.477106161953663,
    "photon_boost_max": 1.4966569860182166,
    "improvement_vs_standard": 1.000544810177341
  }
}