{
  "timestamp": "2025-09-24T11:41:59.217823",
  "optimization_results": {
    "all_sparc": {
      "params": [
        153.15650216931937,
        13.497376519665437,
        0.11148119890355127,
        0.06930419183665561,
        97.6446429906685,
        1.0949215454423722,
        1.1610679358500704,
        1.4031768087320382,
        0.4768147417486202,
        0.6121231716994207,
        0.35789459098427706
      ],
      "error": 0.12511853981192533,
      "n_galaxies": 175
    },
    "by_type": {
      "Sdm-Irr": {
        "params": [
          257.1800601878515,
          21.320397698953737,
          0.14487300689029578,
          0.22309361073838652,
          76.58956534920816,
          1.2369617862630153,
          1.1741848128413441,
          1.2027262810294241,
          0.44930315752157207,
          0.9434680986621594,
          0.9042063903236761
        ],
        "error": 0.12880976760060303,
        "n_galaxies": 81
      },
      "Sbc-Sc": {
        "params": [
          199.25251849227652,
          23.898012578705757,
          0.15746074012895214,
          0.07048319383350218,
          87.50099496742592,
          1.4926434510643725,
          1.2667780064879968,
          0.4032425409848574,
          0.4119089206499095,
          0.6368522000760959,
          0.6503302154161211
        ],
        "error": 0.12858215048095756,
        "n_galaxies": 34
      },
      "Scd-Sd": {
        "params": [
          170.64873519656783,
          17.772767136162795,
          0.2325801010015477,
          0.34822047306636,
          85.9943963289691,
          0.8389531313063562,
          1.079097617755505,
          1.137847692318784,
          0.10382872116397462,
          0.7254583716581837,
          0.7485696075790187
        ],
        "error": 0.07505142361167139,
        "n_galaxies": 32
      },
      "Sa-Sb": {
        "params": [
          374.8752481515197,
          29.517608666596374,
          0.17450305364767163,
          0.09082356070864533,
          94.63107876754177,
          1.3310737129744274,
          2.4351240391096036,
          0.46129032311596524,
          0.20091099862047632,
          0.3053528179637828,
          0.2907283960711407
        ],
        "error": 0.12831581423728033,
        "n_galaxies": 25
      },
      "Early-type": {
        "params": [
          343.89022579743266,
          2.431248737519344,
          0.44790551401652784,
          0.0789449359826176,
          96.62430435906448,
          0.6021616183504019,
          2.153699445588583,
          0.3176845945525705,
          0.030005747326841043,
          0.9519767722549163,
          0.15527931205952972
        ],
        "error": 0.019793303775771338,
        "n_galaxies": 3
      }
    }
  },
  "summary": {
    "sparc_optimized_error": 0.12511853981192533
  }
}