{
  "params": {
    "xi_max": 2.25625692319133,
    "lnSigma_c": 0.8684951046733063,
    "width_sigma": 0.4987585378980869,
    "n_sigma": 3.4539837660805297,
    "gate_R_kpc": 6.476859613077065,
    "gate_width": 0.49594000101329516
  },
  "summary": {
    "avg_mean_off": 36.07730059129616,
    "galaxies": 143,
    "outer_points": 1167
  }
}