fold,T_type,LogTail_test_median,MuPhi_test_median,n_points
2,3.0,87.98027892233394,77.12382914773235,106
2,6.0,93.72765805184959,82.6772064189454,247
2,7.0,92.53058515319066,69.72428916844507,119
2,9.0,84.05722607208388,75.64447228452002,42
2,10.0,64.18510538169244,59.99439402806146,31
