{
  "fold": 2,
  "train": {
    "LogTail": {
      "median": 88.58907208742491,
      "params": {
        "v0_kms": 140,
        "rc_kpc": 15,
        "r0_kpc": 4,
        "delta_kpc": 4
      }
    },
    "MuPhi": {
      "median": 85.20663473608522,
      "params": {
        "eps": 2.0,
        "v_c_kms": 140,
        "p": 2.0
      }
    }
  },
  "test": {
    "LogTail": {
      "median": 89.89546323143496
    },
    "MuPhi": {
      "median": 75.60684610811292
    }
  },
  "rar_test": {
    "observed": {
      "n": 545,
      "scatter_dex_orth": 0.1755169119485843,
      "r2_vs_const": 0.8634556893956842
    },
    "model": {
      "n": 545,
      "scatter_dex_orth": 0.07026624591638336,
      "r2_vs_const": 0.980703169066668
    }
  },
  "n_train_points": 2846,
  "n_test_points": 545
}