{
  "params": {
    "xi_max": 6.759065070945647,
    "xi_max_r": 2.1275625942846097,
    "lnR0_base": 0.5536664054058253,
    "width": 0.05,
    "alpha_M": -0.6763127162922149,
    "xi_max_d": 7.606882837609057,
    "lnSigma_c": 1.2658517190089078,
    "width_sigma": 0.1703921406808866,
    "n_sigma": 0.9462829154596833,
    "xi_cap": 4.361027099278773,
    "lnR_gate_base": -0.3874631005764682,
    "width_gate": 0.05,
    "alpha_gate_M": 0.09257678808786642
  },
  "summary": {
    "avg_mean_off": 25.313322175815195,
    "avg_rmse": 34.39432212659981,
    "avg_pct_close_90": 22.92441782816114,
    "galaxies": 143,
    "outer_points": 1167
  }
}