fold,T_type,LogTail_test_median,MuPhi_test_median,n_points
1,3.0,79.83780253186592,86.34109608477523,199
1,4.0,89.96257982442441,77.03514721088578,221
1,5.0,95.61672824356354,76.8451145727613,72
1,7.0,87.96155376734782,88.74184882020374,45
1,10.0,75.36193598413028,76.05416606511815,144
