{
  "fold": 1,
  "train": {
    "LogTail": {
      "median": 89.96670293024674,
      "params": {
        "v0_kms": 140,
        "rc_kpc": 15,
        "r0_kpc": 3,
        "delta_kpc": 4
      }
    },
    "MuPhi": {
      "median": 86.12633649731008,
      "params": {
        "eps": 2.0,
        "v_c_kms": 160,
        "p": 3.0
      }
    }
  },
  "test": {
    "LogTail": {
      "median": 90.01469669557488
    },
    "MuPhi": {
      "median": 82.50756864856106
    }
  },
  "n_train_points": 2710,
  "n_test_points": 681
}