{
  "params": {
    "xi_max": 3.358999033860817,
    "xi_max_r": 2.1365571530776357,
    "lnR0_base": -0.0293651585946052,
    "width": 0.13440535789125804,
    "alpha_M": -0.10549533393864424,
    "xi_max_d": 2.933221947379212,
    "lnSigma_c": 3.5319323269295593,
    "width_sigma": 0.460985202937565,
    "n_sigma": 3.998713657159044,
    "xi_cap": 3.0168933297965617,
    "gate_R_kpc": 1.738480078614338,
    "gate_width": 0.05
  },
  "summary": {
    "avg_mean_off": 25.313536400691756,
    "galaxies": 143,
    "outer_points": 1167
  }
}