{
  "n": 16,
  "scatter_dex_orth": 0.008797077463390998,
  "r2_vs_const": 0.9948895018378475
}