{
  "params": {
    "xi_max": 2.317724095571688,
    "lnR0_base": 0.03219287526282627,
    "width": 1.5999419698964563,
    "alpha_M": -0.9102095571099802,
    "gate_R_kpc": 1.522868370577143,
    "gate_width": 0.05
  },
  "summary": {
    "avg_mean_off": 25.745070132214433,
    "galaxies": 143,
    "outer_points": 1167
  }
}