{
  "params": {
    "xi_max": 2.1322873220229086,
    "lnR0_base": 0.11778122981928041,
    "width": 0.05,
    "alpha_M": -0.35258673423069,
    "lnR_gate_base": 0.5594940367683457,
    "width_gate": 0.05,
    "alpha_gate_M": 0.393390579266786
  },
  "summary": {
    "avg_mean_off": 25.312952695176747,
    "galaxies": 143,
    "outer_points": 1167
  }
}