{
  "params": {
    "xi_max": 6.250380783143659,
    "xi_max_r": 3.0239975407320436,
    "lnR0_base": -0.22453653144938646,
    "width": 0.25767762057348176,
    "alpha_M": 0.2687658125207476,
    "xi_max_d": 3.520845394095427,
    "lnSigma_c": 1.186179351597771,
    "width_sigma": 1.218114018896467,
    "n_sigma": 3.4024961092796966,
    "xi_cap": 2.1525042775273073,
    "lnR_gate_base": 0.5706611746469885,
    "width_gate": 0.05,
    "alpha_gate_M": -0.20596610552255373,
    "alpha_gate_C": 0.4300496678556802
  },
  "summary": {
    "avg_mean_off": 25.316926718404304,
    "galaxies": 143,
    "outer_points": 1167
  }
}