{
  "cluster": "ABELL_1689",
  "mode": "compact",
  "params": {
    "eps": 2.0,
    "p": 2.0,
    "eta": 0.15,
    "Mref_Msun": 60000000000.0,
    "alpha_compact": 1.0,
    "Phi_c_kms2": 21230797.83688556
  },
  "r_kpc_min": 7.64,
  "r_kpc_max": 909.17,
  "n_r": 60,
  "temp_median_frac_err": 64.10036067393636
}