{
  "ell3_kpc": 200.0,
  "Sigma_star3": 80.0,
  "beta3": 0.8,
  "A3": 3.0,
  "r_boost_kpc": 80.0,
  "w_dec": 1.0,
  "c_curv": 1.0,
  "theta_E_arcsec": null,
  "theta_E_obs": null,
  "err": 0.7185096105874564,
  "kappa_max": 0.29211277635835214,
  "kappa_50": 0.28526869696903223,
  "kappa_100": 0.27459480586231777,
  "theta_E_GR": 2.58963441912113
}