{
  "ell3_kpc": 200.0,
  "Sigma_star3": 80.0,
  "beta3": 0.8,
  "A3": 3.0,
  "r_boost_kpc": 80.0,
  "w_dec": 1.0,
  "c_curv": 1.0,
  "theta_E_arcsec": null,
  "theta_E_obs": 28.0,
  "err": 0.602344176918286,
  "kappa_max": 0.4125271402715944,
  "kappa_50": 0.4029966252487719,
  "kappa_100": 0.38805816920501707,
  "theta_E_GR": 1.312167161347064
}