{
  "ell3_kpc": 200.0,
  "Sigma_star3": 80.0,
  "beta3": 0.8,
  "A3": 3.0,
  "r_boost_kpc": 80.0,
  "w_dec": 1.0,
  "c_curv": 1.0,
  "theta_E_arcsec": null,
  "theta_E_obs": 31.0,
  "err": 0.6181292569004182,
  "kappa_max": 0.3958181209926457,
  "kappa_50": 0.38655378641522964,
  "kappa_100": 0.37230024405052775,
  "theta_E_GR": 1.1105506557378684
}