{
  "ell3_kpc": 200.0,
  "Sigma_star3": 80.0,
  "beta3": 0.8,
  "A3": 3.0,
  "r_boost_kpc": 80.0,
  "w_dec": 1.0,
  "c_curv": 1.0,
  "theta_E_arcsec": null,
  "theta_E_obs": 47.0,
  "err": 0.43235740022852986,
  "kappa_max": 0.5838196330154586,
  "kappa_50": 0.5713876832208789,
  "kappa_100": 0.5483128079985994,
  "theta_E_GR": 0.9363422903335731
}