{
  "Newtonian": {
    "kappa_max": 0.6532478540953006,
    "kappa_50": 0.30401182398404547,
    "kappa_100": 0.20654372951505426,
    "kT_100": 2.356003263488264,
    "kT_200": 3.4648543123469917,
    "photon_boost_max": 1.0,
    "improvement_vs_standard": 0.9962989427060668
  },
  "Standard G\u00b3": {
    "kappa_max": 0.6556745431456562,
    "kappa_50": 0.30576524911586167,
    "kappa_100": 0.2080973152391286,
    "kT_100": 2.3622485562637356,
    "kT_200": 3.4786739039682404,
    "photon_boost_max": 1.0,
    "improvement_vs_standard": 1.0
  },
  "Branch A - Weak": {
    "kappa_max": 0.6561828716861771,
    "kappa_50": 0.30632278322150247,
    "kappa_100": 0.20865708903410782,
    "kT_100": 2.3622977378726335,
    "kT_200": 3.479090334146795,
    "photon_boost_max": 1.0,
    "improvement_vs_standard": 1.00077527570017
  },
  "Branch A - Strong": {
    "kappa_max": 0.6622402424749754,
    "kappa_50": 0.31296629432105544,
    "kappa_100": 0.2153245444838628,
    "kT_100": 2.3629857130809357,
    "kT_200": 3.484398853144608,
    "photon_boost_max": 1.0,
    "improvement_vs_standard": 1.0100136560096105
  },
  "Branch B - Moderate": {
    "kappa_max": 0.6556745431456562,
    "kappa_50": 0.30576524911586167,
    "kappa_100": 0.2080973152391286,
    "kT_100": 2.3622485562637356,
    "kT_200": 3.4786739039682404,
    "photon_boost_max": 1.2979941916109299,
    "improvement_vs_standard": 1.0
  },
  "Branch B - Strong": {
    "kappa_max": 0.6556745431456562,
    "kappa_50": 0.30576524911586167,
    "kappa_100": 0.2080973152391286,
    "kT_100": 2.3622485562637356,
    "kT_200": 3.4786739039682404,
    "photon_boost_max": 1.4966569860182166,
    "improvement_vs_standard": 1.0
  }
}