{
  "best": {
    "gamma_A": 0.5,
    "beta_A": 0.3,
    "f_max": 4.0,
    "eta_sigma": 0.5,
    "eta_alpha": 0.5,
    "p_in": 2.0,
    "p_out": 1.0,
    "kappa_max": 0.7238386232361026,
    "kappa_30": 0.4433321129568487,
    "kappa_50": 0.3561306693613083,
    "kappa_100": 0.24308566835193304
  },
  "count": 30
}