{
  "ABELL_1689": {
    "theta_E_arcsec": 162.29644968144657,
    "theta_E_obs": 47.0,
    "kappa_max": 50.677509208246434,
    "kappa_50": 3.0241323370567392,
    "kappa_100": 2.4493312787397445,
    "params": {
      "ell3_kpc": 300.0,
      "Sigma_star3_Msun_pc2": 50.0,
      "beta3": 1.5,
      "r3_kpc": 120.0,
      "w3_decades": 0.7,
      "xi3": 0.8,
      "A3": 1e-05,
      "chi": 0.8,
      "m_ref_Msun": 1.0,
      "m_floor_Msun": 1e-08
    }
  },
  "A2029": {
    "theta_E_arcsec": 55.33228874117125,
    "theta_E_obs": 28.0,
    "kappa_max": 34.62908747370153,
    "kappa_50": 1.3543630492080914,
    "kappa_100": 0.9197944645082853,
    "params": {
      "ell3_kpc": 300.0,
      "Sigma_star3_Msun_pc2": 50.0,
      "beta3": 1.5,
      "r3_kpc": 120.0,
      "w3_decades": 0.7,
      "xi3": 0.8,
      "A3": 1e-05,
      "chi": 0.8,
      "m_ref_Msun": 1.0,
      "m_floor_Msun": 1e-08
    }
  },
  "A478": {
    "theta_E_arcsec": 35.00578110633024,
    "theta_E_obs": 31.0,
    "kappa_max": 33.929938607722846,
    "kappa_50": 1.1317099869363298,
    "kappa_100": 0.7556412701092444,
    "params": {
      "ell3_kpc": 300.0,
      "Sigma_star3_Msun_pc2": 50.0,
      "beta3": 1.5,
      "r3_kpc": 120.0,
      "w3_decades": 0.7,
      "xi3": 0.8,
      "A3": 1e-05,
      "chi": 0.8,
      "m_ref_Msun": 1.0,
      "m_floor_Msun": 1e-08
    }
  },
  "A1795": {
    "theta_E_arcsec": 29.818380215677635,
    "theta_E_obs": null,
    "kappa_max": 25.375243802415877,
    "kappa_50": 0.7921632435199749,
    "kappa_100": 0.5286595477152967,
    "params": {
      "ell3_kpc": 300.0,
      "Sigma_star3_Msun_pc2": 50.0,
      "beta3": 1.5,
      "r3_kpc": 120.0,
      "w3_decades": 0.7,
      "xi3": 0.8,
      "A3": 1e-05,
      "chi": 0.8,
      "m_ref_Msun": 1.0,
      "m_floor_Msun": 1e-08
    }
  },
  "ABELL_0426": {
    "theta_E_arcsec": 5316.710081029203,
    "theta_E_obs": null,
    "kappa_max": 8.691355977486657,
    "kappa_50": 2.9775211485954394,
    "kappa_100": 2.9068943233392317,
    "params": {
      "ell3_kpc": 300.0,
      "Sigma_star3_Msun_pc2": 50.0,
      "beta3": 1.5,
      "r3_kpc": 120.0,
      "w3_decades": 0.7,
      "xi3": 0.8,
      "A3": 1e-05,
      "chi": 0.8,
      "m_ref_Msun": 1.0,
      "m_floor_Msun": 1e-08
    }
  }
}