{
  "ABELL_1689": {
    "ell3_kpc": 200.0,
    "Sigma_star3": 80.0,
    "beta3": 0.8,
    "A3": 3.0,
    "r_boost_kpc": 80.0,
    "w_dec": 1.0,
    "c_curv": 1.0,
    "theta_E_arcsec": null,
    "theta_E_obs": 47.0,
    "err": 0.43235740022852986,
    "kappa_max": 0.5838196330154586,
    "kappa_50": 0.5713876832208789,
    "kappa_100": 0.5483128079985994,
    "theta_E_GR": 0.9363422903335731
  },
  "A2029": {
    "ell3_kpc": 200.0,
    "Sigma_star3": 80.0,
    "beta3": 0.8,
    "A3": 3.0,
    "r_boost_kpc": 80.0,
    "w_dec": 1.0,
    "c_curv": 1.0,
    "theta_E_arcsec": null,
    "theta_E_obs": 28.0,
    "err": 0.602344176918286,
    "kappa_max": 0.4125271402715944,
    "kappa_50": 0.4029966252487719,
    "kappa_100": 0.38805816920501707,
    "theta_E_GR": 1.312167161347064
  },
  "A478": {
    "ell3_kpc": 200.0,
    "Sigma_star3": 80.0,
    "beta3": 0.8,
    "A3": 3.0,
    "r_boost_kpc": 80.0,
    "w_dec": 1.0,
    "c_curv": 1.0,
    "theta_E_arcsec": null,
    "theta_E_obs": 31.0,
    "err": 0.6181292569004182,
    "kappa_max": 0.3958181209926457,
    "kappa_50": 0.38655378641522964,
    "kappa_100": 0.37230024405052775,
    "theta_E_GR": 1.1105506557378684
  },
  "A1795": {
    "ell3_kpc": 200.0,
    "Sigma_star3": 80.0,
    "beta3": 0.8,
    "A3": 3.0,
    "r_boost_kpc": 80.0,
    "w_dec": 1.0,
    "c_curv": 1.0,
    "theta_E_arcsec": null,
    "theta_E_obs": null,
    "err": 0.7185096105874564,
    "kappa_max": 0.29211277635835214,
    "kappa_50": 0.28526869696903223,
    "kappa_100": 0.27459480586231777,
    "theta_E_GR": 2.58963441912113
  },
  "ABELL_0426": {
    "ell3_kpc": 200.0,
    "Sigma_star3": 80.0,
    "beta3": 0.8,
    "A3": 3.0,
    "r_boost_kpc": 80.0,
    "w_dec": 1.0,
    "c_curv": 1.0,
    "theta_E_arcsec": null,
    "theta_E_obs": null,
    "err": 0.8720412360564758,
    "kappa_max": 0.1340837945576425,
    "kappa_50": 0.1290412742138301,
    "kappa_100": 0.1265284348985228,
    "theta_E_GR": null
  }
}