{
  "ABELL_1689": {
    "theta_E_arcsec": 0.9363422903335731,
    "theta_E_obs": 47.0,
    "kappa_max": 1.9199869834289587,
    "kappa_50": 0.08764228048058417,
    "kappa_100": 0.06295971506535981,
    "params": {
      "A3": 0.2082466662745851,
      "Sigma_star": 30.0,
      "beta": 0.7,
      "r_boost_kpc": 60.0,
      "w_dec": 0.4,
      "ell_kpc": 0.0,
      "c_curv": 0.6
    }
  },
  "A2029": {
    "theta_E_arcsec": 1.312167161347064,
    "theta_E_obs": 28.0,
    "kappa_max": 1.3182847698273503,
    "kappa_50": 0.04124881843821868,
    "kappa_100": 0.023538259000209148,
    "params": {
      "A3": 0.28311558353943983,
      "Sigma_star": 30.0,
      "beta": 0.7,
      "r_boost_kpc": 60.0,
      "w_dec": 0.4,
      "ell_kpc": 0.0,
      "c_curv": 0.6
    }
  },
  "A478": {
    "theta_E_arcsec": 1.1105506557378684,
    "theta_E_obs": 31.0,
    "kappa_max": 1.2928252808656517,
    "kappa_50": 0.034527913612339554,
    "kappa_100": 0.019232373716139717,
    "params": {
      "A3": 0.3294168324761303,
      "Sigma_star": 30.0,
      "beta": 0.7,
      "r_boost_kpc": 60.0,
      "w_dec": 0.4,
      "ell_kpc": 0.0,
      "c_curv": 0.6
    }
  },
  "A1795": {
    "theta_E_arcsec": 2.58963441912113,
    "theta_E_obs": null,
    "kappa_max": 0.9672116892402836,
    "kappa_50": 0.024219083754494938,
    "kappa_100": 0.013495719893093509,
    "params": {
      "A3": 0.35010205440609515,
      "Sigma_star": 30.0,
      "beta": 0.7,
      "r_boost_kpc": 60.0,
      "w_dec": 0.4,
      "ell_kpc": 0.0,
      "c_curv": 0.6
    }
  },
  "ABELL_0426": {
    "theta_E_arcsec": null,
    "theta_E_obs": null,
    "kappa_max": 0.30099326931875825,
    "kappa_50": 0.06751687404406698,
    "kappa_100": 0.06489841003807814,
    "params": {
      "A3": 0.09063099291522872,
      "Sigma_star": 30.0,
      "beta": 0.7,
      "r_boost_kpc": 60.0,
      "w_dec": 0.4,
      "ell_kpc": 0.0,
      "c_curv": 0.6
    }
  }
}