{
  "ABELL_1689": {
    "theta_E_arcsec": 109.34082672399924,
    "theta_E_obs": 47.0,
    "kappa_max": 2.62575907659959,
    "kappa_50": 1.5570291401848457,
    "kappa_100": 1.4512955718777805,
    "params": {
      "A3": 100.0,
      "Sigma_star": 500.0,
      "beta": 1.0,
      "r_boost_kpc": 60.0,
      "w_dec": 1.0,
      "ell_kpc": 150.0,
      "c_curv": 1.0
    }
  },
  "A2029": {
    "theta_E_arcsec": 46.40451733136583,
    "theta_E_obs": 28.0,
    "kappa_max": 0.9507733649114071,
    "kappa_50": 0.7140032308252878,
    "kappa_100": 0.6149900793927026,
    "params": {
      "A3": 100.0,
      "Sigma_star": 500.0,
      "beta": 1.0,
      "r_boost_kpc": 60.0,
      "w_dec": 1.0,
      "ell_kpc": 150.0,
      "c_curv": 1.0
    }
  },
  "A478": {
    "theta_E_arcsec": 33.580281636880734,
    "theta_E_obs": 31.0,
    "kappa_max": 1.0167290124290322,
    "kappa_50": 0.6817804615202022,
    "kappa_100": 0.6202608824662992,
    "params": {
      "A3": 100.0,
      "Sigma_star": 500.0,
      "beta": 1.0,
      "r_boost_kpc": 60.0,
      "w_dec": 1.0,
      "ell_kpc": 150.0,
      "c_curv": 1.0
    }
  },
  "A1795": {
    "theta_E_arcsec": null,
    "theta_E_obs": null,
    "kappa_max": 0.6889257975053348,
    "kappa_50": 0.5041603486092671,
    "kappa_100": 0.43505847991135527,
    "params": {
      "A3": 100.0,
      "Sigma_star": 500.0,
      "beta": 1.0,
      "r_boost_kpc": 60.0,
      "w_dec": 1.0,
      "ell_kpc": 150.0,
      "c_curv": 1.0
    }
  },
  "ABELL_0426": {
    "theta_E_arcsec": 5316.710081029203,
    "theta_E_obs": null,
    "kappa_max": 1.7687558210469507,
    "kappa_50": 0.13109949770150148,
    "kappa_100": 0.1296820101035769,
    "params": {
      "A3": 100.0,
      "Sigma_star": 500.0,
      "beta": 1.0,
      "r_boost_kpc": 60.0,
      "w_dec": 1.0,
      "ell_kpc": 150.0,
      "c_curv": 1.0
    }
  }
}