{
  "cluster": "ABELL_0426",
  "mode": "compact",
  "params": {
    "eps": 2.0,
    "p": 2.0,
    "eta": 0.15,
    "Mref_Msun": 60000000000.0,
    "alpha_compact": 1.0,
    "Phi_c_kms2": 332828.9091938124
  },
  "r_kpc_min": 0.895,
  "r_kpc_max": 115.445,
  "n_r": 65,
  "temp_median_frac_err": 0.4355647034827271
}