{
  "params": {
    "xi_max": 7.510890708233717,
    "xi_max_r": 2.6203438116824653,
    "lnR0_base": 0.5891654522607876,
    "width": 0.05,
    "alpha_M": -0.5104967817282271,
    "xi_max_d": 4.926803767691707,
    "lnSigma_c": 0.4742629619239582,
    "width_sigma": 0.9568075549886332,
    "n_sigma": 3.6706878436030097,
    "xi_cap": 2.138014779548081,
    "lnR_gate_base": 0.42500957284334495,
    "width_gate": 0.05,
    "alpha_gate_M": -0.7156324460279029
  },
  "summary": {
    "avg_mean_off": 25.298935987663313,
    "galaxies": 143,
    "outer_points": 1167
  }
}