{
  "cluster": "ABELL_1689",
  "S0": 0.000232,
  "rc_kpc": 20.0,
  "temp_median_frac_err": 0.5982382041974392
}