{
  "theta": [
    139.91906473849497,
    21.682210471785666,
    2.790735368100498,
    2.7830488472496446,
    0.8977752334971052,
    0.10419044656738148,
    0.07737983204965382,
    1.6290081990295113,
    149.46650054554308
  ],
  "param_names": [
    "v0",
    "rc",
    "r0",
    "delta",
    "gamma",
    "beta",
    "z0",
    "m",
    "Sigma0"
  ],
  "median_relative_error": 0.19990217316126874,
  "n_stars": 143992,
  "generation": 0,
  "timestamp": "2025-09-23 23:25:47"
}