{
  "params": {
    "xi_max": 6.300525462931397,
    "lnSigma_c": 1.3134664322555913,
    "width_sigma": 0.6218549459646286,
    "n_sigma": 2.031247376625708,
    "lnR_gate_base": 0.588212413038013,
    "width_gate": 0.4349375809810654,
    "alpha_gate_M": -0.17145294699094882,
    "alpha_gate_C": 0.10547235724075532
  },
  "summary": {
    "avg_mean_off": 36.07730059129616,
    "avg_rmse": 42.064803871885836,
    "avg_pct_close_90": 9.3975918679476,
    "galaxies": 143,
    "outer_points": 1167
  }
}