{
  "params": {
    "xi_max": 7.929350006448164,
    "xi_max_r": 2.1140813568154724,
    "lnR0_base": 0.5511709271857085,
    "width": 0.05,
    "alpha_M": -0.7798090379032876,
    "xi_max_d": 5.132530442448366,
    "lnSigma_c": 4.651558430805773,
    "width_sigma": 1.2230330893361931,
    "n_sigma": 1.8236499394825219,
    "lnR_gate_base": -0.8461455781142996,
    "width_gate": 0.11360205991380411,
    "alpha_gate_M": 0.9890482557630013,
    "alpha_gate_C": -0.8072731831494082,
    "gamma": 3.7831344990406652
  },
  "summary": {
    "avg_mean_off": 25.316469294460553,
    "avg_rmse": 34.29093351281026,
    "avg_pct_close_90": 22.57779475426534,
    "galaxies": 143,
    "outer_points": 1167
  }
}