fold,T_type,LogTail_test_median,MuPhi_test_median,n_points
3,4.0,83.1366304646713,84.45639916904058,339
3,6.0,81.83073030691021,76.7287869179508,224
3,7.0,94.252166683026,89.81605403348414,20
3,9.0,94.83848579212209,91.2942954403553,138
3,10.0,95.10498188405506,97.61756156015957,53
