{
  "fold": 3,
  "train": {
    "LogTail": {
      "median": 89.04672841243078,
      "params": {
        "v0_kms": 140,
        "rc_kpc": 15,
        "r0_kpc": 4,
        "delta_kpc": 4
      }
    },
    "MuPhi": {
      "median": 83.37579449350496,
      "params": {
        "eps": 2.0,
        "v_c_kms": 140,
        "p": 2.0
      }
    }
  },
  "test": {
    "LogTail": {
      "median": 88.13606363817955
    },
    "MuPhi": {
      "median": 84.45639916904058
    }
  },
  "rar_test": {
    "observed": {
      "n": 774,
      "scatter_dex_orth": 0.16105324975577245,
      "r2_vs_const": 0.8760111916027845
    },
    "model": {
      "n": 774,
      "scatter_dex_orth": 0.07349494753916438,
      "r2_vs_const": 0.9832031748494549
    }
  },
  "n_train_points": 2617,
  "n_test_points": 774
}