R_kpc,Vobs_kms,Vbar_kms,Vpred_pde_kms,percent_close
0.51,8.54,7.245032781154272,15.918984615878749,13.595027917110656
1.02,15.1,10.168800322555262,24.414345208924058,38.315594642887035
1.53,19.8,11.082585438425458,30.257952933096355,47.18205589345275
2.04,21.9,11.118547567016115,33.72007714142472,46.02704501632549
2.56,24.0,10.791264986089445,35.95828476975266,50.17381345936392
3.07,25.0,10.39635032114636,37.17328461046591,51.306861558136355
